
[2m> [22m[2mnx run[22m api:serve

[2m> [22mnpx ts-node -r tsconfig-paths/register apps/api/src/main.ts

◇ injected env (0) from .env // tip: ⌘ override existing { override: true }
[Bootstrap] Creating Nest application...
[32m[Nest] 20344  - [39m07/26/2026, 6:01:12 PM [32m    LOG[39m [38;5;3m[NestFactory] [39m[32mStarting Nest application...[39m
[32m[Nest] 20344  - [39m07/26/2026, 6:01:12 PM [32m    LOG[39m [38;5;3m[InstanceLoader] [39m[32mRedisCacheModule dependencies initialized[39m[38;5;3m +234ms[39m
[32m[Nest] 20344  - [39m07/26/2026, 6:01:12 PM [32m    LOG[39m [38;5;3m[InstanceLoader] [39m[32mAppConfigModule dependencies initialized[39m[38;5;3m +1ms[39m
[32m[Nest] 20344  - [39m07/26/2026, 6:01:12 PM [32m    LOG[39m [38;5;3m[InstanceLoader] [39m[32mAppLoggerModule dependencies initialized[39m[38;5;3m +0ms[39m
[32m[Nest] 20344  - [39m07/26/2026, 6:01:12 PM [32m    LOG[39m [38;5;3m[InstanceLoader] [39m[32mAuditLoggerModule dependencies initialized[39m[38;5;3m +0ms[39m
[32m[Nest] 20344  - [39m07/26/2026, 6:01:12 PM [32m    LOG[39m [38;5;3m[InstanceLoader] [39m[32mTypeOrmModule dependencies initialized[39m[38;5;3m +0ms[39m
[32m[Nest] 20344  - [39m07/26/2026, 6:01:12 PM [32m    LOG[39m [38;5;3m[InstanceLoader] [39m[32mTypeOrmModule dependencies initialized[39m[38;5;3m +0ms[39m
[32m[Nest] 20344  - [39m07/26/2026, 6:01:12 PM [32m    LOG[39m [38;5;3m[InstanceLoader] [39m[32mPassportModule dependencies initialized[39m[38;5;3m +0ms[39m
[32m[Nest] 20344  - [39m07/26/2026, 6:01:12 PM [32m    LOG[39m [38;5;3m[InstanceLoader] [39m[32mMarketplaceGatewayModule dependencies initialized[39m[38;5;3m +0ms[39m
[32m[Nest] 20344  - [39m07/26/2026, 6:01:12 PM [32m    LOG[39m [38;5;3m[InstanceLoader] [39m[32mThrottlerModule dependencies initialized[39m[38;5;3m +3ms[39m
[32m[Nest] 20344  - [39m07/26/2026, 6:01:12 PM [32m    LOG[39m [38;5;3m[InstanceLoader] [39m[32mTenancyModule dependencies initialized[39m[38;5;3m +0ms[39m
[32m[Nest] 20344  - [39m07/26/2026, 6:01:12 PM [32m    LOG[39m [38;5;3m[InstanceLoader] [39m[32mDiscoveryModule dependencies initialized[39m[38;5;3m +1ms[39m
[32m[Nest] 20344  - [39m07/26/2026, 6:01:12 PM [32m    LOG[39m [38;5;3m[InstanceLoader] [39m[32mCacheModule dependencies initialized[39m[38;5;3m +3ms[39m
[32m[Nest] 20344  - [39m07/26/2026, 6:01:12 PM [32m    LOG[39m [38;5;3m[InstanceLoader] [39m[32mScheduleModule dependencies initialized[39m[38;5;3m +0ms[39m
[32m[Nest] 20344  - [39m07/26/2026, 6:01:12 PM [32m    LOG[39m [38;5;3m[InstanceLoader] [39m[32mAppModule dependencies initialized[39m[38;5;3m +0ms[39m
[32m[Nest] 20344  - [39m07/26/2026, 6:01:12 PM [32m    LOG[39m [38;5;3m[InstanceLoader] [39m[32mJwtModule dependencies initialized[39m[38;5;3m +0ms[39m
[90m[4mquery:[24m[39m [94mSELECT[0m [95mversion[0m[37m([0m[37m)[0m
[90m[4mquery:[24m[39m [94mSELECT[0m [37m*[0m [94mFROM[0m [95mcurrent_schema[0m[37m([0m[37m)[0m
[90m[4mquery:[24m[39m [94mCREATE[0m [37mEXTENSION[0m [94mIF[0m [94mNOT[0m [94mEXISTS[0m [37m"uuid-ossp"[0m
[32m[Nest] 20344  - [39m07/26/2026, 6:01:12 PM [32m    LOG[39m [38;5;3m[InstanceLoader] [39m[32mHealthModule dependencies initialized[39m[38;5;3m +101ms[39m
[32m[Nest] 20344  - [39m07/26/2026, 6:01:12 PM [32m    LOG[39m [38;5;3m[InstanceLoader] [39m[32mTypeOrmCoreModule dependencies initialized[39m[38;5;3m +1ms[39m
[32m[Nest] 20344  - [39m07/26/2026, 6:01:12 PM [32m    LOG[39m [38;5;3m[InstanceLoader] [39m[32mTypeOrmModule dependencies initialized[39m[38;5;3m +0ms[39m
[32m[Nest] 20344  - [39m07/26/2026, 6:01:12 PM [32m    LOG[39m [38;5;3m[InstanceLoader] [39m[32mTypeOrmModule dependencies initialized[39m[38;5;3m +0ms[39m
[32m[Nest] 20344  - [39m07/26/2026, 6:01:12 PM [32m    LOG[39m [38;5;3m[InstanceLoader] [39m[32mDatabaseModule dependencies initialized[39m[38;5;3m +0ms[39m
[32m[Nest] 20344  - [39m07/26/2026, 6:01:12 PM [32m    LOG[39m [38;5;3m[InstanceLoader] [39m[32mSchedulerModule dependencies initialized[39m[38;5;3m +0ms[39m
[32m[Nest] 20344  - [39m07/26/2026, 6:01:12 PM [32m    LOG[39m [38;5;3m[InstanceLoader] [39m[32mMarketplaceApplicationModule dependencies initialized[39m[38;5;3m +7ms[39m
[32m[Nest] 20344  - [39m07/26/2026, 6:01:12 PM [32m    LOG[39m [38;5;3m[InstanceLoader] [39m[32mMarketplaceModule dependencies initialized[39m[38;5;3m +0ms[39m
[32m[Nest] 20344  - [39m07/26/2026, 6:01:12 PM [32m    LOG[39m [38;5;3m[InstanceLoader] [39m[32mAdminModule dependencies initialized[39m[38;5;3m +0ms[39m
[32m[Nest] 20344  - [39m07/26/2026, 6:01:12 PM [32m    LOG[39m [38;5;3m[InstanceLoader] [39m[32mIdentityModule dependencies initialized[39m[38;5;3m +1ms[39m
[Bootstrap] Nest application created
[Bootstrap] AppConfigService retrieved
[Bootstrap] AppLoggerService retrieved
[Bootstrap] Logger set
[Bootstrap] Security hardening applied
[Bootstrap] Pipes, filters, interceptors configured
[Bootstrap] Swagger config built
[Bootstrap] Swagger document created
[Bootstrap] Swagger UI setup done
[Bootstrap] Starting to listen on port [33m3000[39m
[Bootstrap] Application listening on port 3000
[Bootstrap] Application listening on port 3000
[Bootstrap] Swagger docs at http://localhost:3000/docs
[18:01:12.769] [32mINFO[39m (20344): [36mMarketplaceGateway subscribed to the "authenticate" message[39m
    [35mcontext[39m: "WebSocketsController"
[18:01:12.770] [32mINFO[39m (20344): [36mMarketplaceGateway subscribed to the "track-order" message[39m
    [35mcontext[39m: "WebSocketsController"
[18:01:12.770] [32mINFO[39m (20344): [36mMarketplaceGateway subscribed to the "untrack-order" message[39m
    [35mcontext[39m: "WebSocketsController"
[18:01:12.779] [32mINFO[39m (20344): [36mHealthController {/api/health}:[39m
    [35mcontext[39m: "RoutesResolver"
[18:01:12.782] [32mINFO[39m (20344): [36mMapped {/api/health, GET} route[39m
    [35mcontext[39m: "RouterExplorer"
[18:01:12.782] [32mINFO[39m (20344): [36mAuthController {/api/auth}:[39m
    [35mcontext[39m: "RoutesResolver"
[18:01:12.783] [32mINFO[39m (20344): [36mMapped {/api/auth/register-tenant, POST} route[39m
    [35mcontext[39m: "RouterExplorer"
[18:01:12.784] [32mINFO[39m (20344): [36mMapped {/api/auth/register, POST} route[39m
    [35mcontext[39m: "RouterExplorer"
[18:01:12.784] [32mINFO[39m (20344): [36mMapped {/api/auth/login, POST} route[39m
    [35mcontext[39m: "RouterExplorer"
[18:01:12.785] [32mINFO[39m (20344): [36mMapped {/api/auth/me, GET} route[39m
    [35mcontext[39m: "RouterExplorer"
[18:01:12.785] [32mINFO[39m (20344): [36mMapped {/api/auth/me, PATCH} route[39m
    [35mcontext[39m: "RouterExplorer"
[18:01:12.786] [32mINFO[39m (20344): [36mMapped {/api/auth/send-otp, POST} route[39m
    [35mcontext[39m: "RouterExplorer"
[18:01:12.786] [32mINFO[39m (20344): [36mMapped {/api/auth/verify-otp, POST} route[39m
    [35mcontext[39m: "RouterExplorer"
[18:01:12.786] [32mINFO[39m (20344): [36mVendorsController {/api/vendors}:[39m
    [35mcontext[39m: "RoutesResolver"
[18:01:12.787] [32mINFO[39m (20344): [36mMapped {/api/vendors, POST} route[39m
    [35mcontext[39m: "RouterExplorer"
[18:01:12.787] [32mINFO[39m (20344): [36mMapped {/api/vendors, GET} route[39m
    [35mcontext[39m: "RouterExplorer"
[18:01:12.787] [32mINFO[39m (20344): [36mMapped {/api/vendors/me/orders, GET} route[39m
    [35mcontext[39m: "RouterExplorer"
[18:01:12.788] [32mINFO[39m (20344): [36mMapped {/api/vendors/me/stats, GET} route[39m
    [35mcontext[39m: "RouterExplorer"
[18:01:12.788] [32mINFO[39m (20344): [36mMapped {/api/vendors/me/products, GET} route[39m
    [35mcontext[39m: "RouterExplorer"
[18:01:12.789] [32mINFO[39m (20344): [36mMapped {/api/vendors/me/orders/:orderId/status, PATCH} route[39m
    [35mcontext[39m: "RouterExplorer"
[18:01:12.789] [32mINFO[39m (20344): [36mMapped {/api/vendors/:id, GET} route[39m
    [35mcontext[39m: "RouterExplorer"
[18:01:12.789] [32mINFO[39m (20344): [36mProductsController {/api/products}:[39m
    [35mcontext[39m: "RoutesResolver"
[18:01:12.789] [32mINFO[39m (20344): [36mMapped {/api/products, POST} route[39m
    [35mcontext[39m: "RouterExplorer"
[18:01:12.790] [32mINFO[39m (20344): [36mMapped {/api/products, GET} route[39m
    [35mcontext[39m: "RouterExplorer"
[18:01:12.790] [32mINFO[39m (20344): [36mMapped {/api/products/:id, GET} route[39m
    [35mcontext[39m: "RouterExplorer"
[18:01:12.790] [32mINFO[39m (20344): [36mMapped {/api/products/:id, DELETE} route[39m
    [35mcontext[39m: "RouterExplorer"
[18:01:12.790] [32mINFO[39m (20344): [36mOrdersController {/api/orders}:[39m
    [35mcontext[39m: "RoutesResolver"
[18:01:12.791] [32mINFO[39m (20344): [36mMapped {/api/orders, POST} route[39m
    [35mcontext[39m: "RouterExplorer"
[18:01:12.791] [32mINFO[39m (20344): [36mMapped {/api/orders, GET} route[39m
    [35mcontext[39m: "RouterExplorer"
[18:01:12.791] [32mINFO[39m (20344): [36mMapped {/api/orders/:id/items, GET} route[39m
    [35mcontext[39m: "RouterExplorer"
[18:01:12.791] [32mINFO[39m (20344): [36mMapped {/api/orders/:id, GET} route[39m
    [35mcontext[39m: "RouterExplorer"
[18:01:12.791] [32mINFO[39m (20344): [36mMapped {/api/orders/:id/cancel, PATCH} route[39m
    [35mcontext[39m: "RouterExplorer"
[18:01:12.792] [32mINFO[39m (20344): [36mMapped {/api/orders/:id/status, PATCH} route[39m
    [35mcontext[39m: "RouterExplorer"
[18:01:12.792] [32mINFO[39m (20344): [36mDeliveriesController {/api/deliveries}:[39m
    [35mcontext[39m: "RoutesResolver"
[18:01:12.792] [32mINFO[39m (20344): [36mMapped {/api/deliveries, POST} route[39m
    [35mcontext[39m: "RouterExplorer"
[18:01:12.792] [32mINFO[39m (20344): [36mMapped {/api/deliveries/driver/:driverId, GET} route[39m
    [35mcontext[39m: "RouterExplorer"
[18:01:12.792] [32mINFO[39m (20344): [36mMapped {/api/deliveries/me, GET} route[39m
    [35mcontext[39m: "RouterExplorer"
[18:01:12.792] [32mINFO[39m (20344): [36mMapped {/api/deliveries/:id/status, PATCH} route[39m
    [35mcontext[39m: "RouterExplorer"
[18:01:12.792] [32mINFO[39m (20344): [36mMapped {/api/deliveries/:id/complete, PATCH} route[39m
    [35mcontext[39m: "RouterExplorer"
[18:01:12.792] [32mINFO[39m (20344): [36mMapped {/api/deliveries/order/:orderId/tracking, GET} route[39m
    [35mcontext[39m: "RouterExplorer"
[18:01:12.792] [32mINFO[39m (20344): [36mProcurementController {/api/procurement}:[39m
    [35mcontext[39m: "RoutesResolver"
[18:01:12.793] [32mINFO[39m (20344): [36mMapped {/api/procurement, POST} route[39m
    [35mcontext[39m: "RouterExplorer"
[18:01:12.793] [32mINFO[39m (20344): [36mMapped {/api/procurement/quotes, POST} route[39m
    [35mcontext[39m: "RouterExplorer"
[18:01:12.793] [32mINFO[39m (20344): [36mMapped {/api/procurement/:id, GET} route[39m
    [35mcontext[39m: "RouterExplorer"
[18:01:12.793] [32mINFO[39m (20344): [36mReviewsController {/api/reviews}:[39m
    [35mcontext[39m: "RoutesResolver"
[18:01:12.793] [32mINFO[39m (20344): [36mMapped {/api/reviews, POST} route[39m
    [35mcontext[39m: "RouterExplorer"
[18:01:12.794] [32mINFO[39m (20344): [36mMapped {/api/reviews/vendor/:vendorId, GET} route[39m
    [35mcontext[39m: "RouterExplorer"
[18:01:12.794] [32mINFO[39m (20344): [36mWalletsController {/api/wallets}:[39m
    [35mcontext[39m: "RoutesResolver"
[18:01:12.795] [32mINFO[39m (20344): [36mMapped {/api/wallets/me, GET} route[39m
    [35mcontext[39m: "RouterExplorer"
[18:01:12.795] [32mINFO[39m (20344): [36mMapped {/api/wallets/transactions, GET} route[39m
    [35mcontext[39m: "RouterExplorer"
[18:01:12.795] [32mINFO[39m (20344): [36mMapped {/api/wallets/credit, POST} route[39m
    [35mcontext[39m: "RouterExplorer"
[18:01:12.795] [32mINFO[39m (20344): [36mMapped {/api/wallets/debit, POST} route[39m
    [35mcontext[39m: "RouterExplorer"
[18:01:12.795] [32mINFO[39m (20344): [36mDisputesController {/api/disputes}:[39m
    [35mcontext[39m: "RoutesResolver"
[18:01:12.796] [32mINFO[39m (20344): [36mMapped {/api/disputes, POST} route[39m
    [35mcontext[39m: "RouterExplorer"
[18:01:12.796] [32mINFO[39m (20344): [36mMapped {/api/disputes, GET} route[39m
    [35mcontext[39m: "RouterExplorer"
[18:01:12.796] [32mINFO[39m (20344): [36mMapped {/api/disputes/:id, GET} route[39m
    [35mcontext[39m: "RouterExplorer"
[18:01:12.796] [32mINFO[39m (20344): [36mMapped {/api/disputes/:id/resolve, PATCH} route[39m
    [35mcontext[39m: "RouterExplorer"
[18:01:12.796] [32mINFO[39m (20344): [36mSurgeController {/api/surge}:[39m
    [35mcontext[39m: "RoutesResolver"
[18:01:12.796] [32mINFO[39m (20344): [36mMapped {/api/surge/rules, POST} route[39m
    [35mcontext[39m: "RouterExplorer"
[18:01:12.797] [32mINFO[39m (20344): [36mMapped {/api/surge/rules, GET} route[39m
    [35mcontext[39m: "RouterExplorer"
[18:01:12.797] [32mINFO[39m (20344): [36mMapped {/api/surge/calculate, GET} route[39m
    [35mcontext[39m: "RouterExplorer"
[18:01:12.797] [32mINFO[39m (20344): [36mLoyaltyController {/api/loyalty}:[39m
    [35mcontext[39m: "RoutesResolver"
[18:01:12.797] [32mINFO[39m (20344): [36mMapped {/api/loyalty/me, GET} route[39m
    [35mcontext[39m: "RouterExplorer"
[18:01:12.797] [32mINFO[39m (20344): [36mMapped {/api/loyalty/earn, POST} route[39m
    [35mcontext[39m: "RouterExplorer"
[18:01:12.798] [32mINFO[39m (20344): [36mMapped {/api/loyalty/redeem, POST} route[39m
    [35mcontext[39m: "RouterExplorer"
[18:01:12.798] [32mINFO[39m (20344): [36mMapped {/api/loyalty/tier, GET} route[39m
    [35mcontext[39m: "RouterExplorer"
[18:01:12.798] [32mINFO[39m (20344): [36mKycController {/api/kyc}:[39m
    [35mcontext[39m: "RoutesResolver"
[18:01:12.798] [32mINFO[39m (20344): [36mMapped {/api/kyc/submit, POST} route[39m
    [35mcontext[39m: "RouterExplorer"
[18:01:12.799] [32mINFO[39m (20344): [36mMapped {/api/kyc/me, GET} route[39m
    [35mcontext[39m: "RouterExplorer"
[18:01:12.799] [32mINFO[39m (20344): [36mMapped {/api/kyc/pending, GET} route[39m
    [35mcontext[39m: "RouterExplorer"
[18:01:12.799] [32mINFO[39m (20344): [36mPoiController {/api/poi}:[39m
    [35mcontext[39m: "RoutesResolver"
[18:01:12.799] [32mINFO[39m (20344): [36mMapped {/api/poi, POST} route[39m
    [35mcontext[39m: "RouterExplorer"
[18:01:12.799] [32mINFO[39m (20344): [36mMapped {/api/poi/nearby, GET} route[39m
    [35mcontext[39m: "RouterExplorer"
[18:01:12.799] [32mINFO[39m (20344): [36mMapped {/api/poi/type/:type, GET} route[39m
    [35mcontext[39m: "RouterExplorer"
[18:01:12.799] [32mINFO[39m (20344): [36mFinanceController {/api/finance}:[39m
    [35mcontext[39m: "RoutesResolver"
[18:01:12.800] [32mINFO[39m (20344): [36mMapped {/api/finance/loans, POST} route[39m
    [35mcontext[39m: "RouterExplorer"
[18:01:12.800] [32mINFO[39m (20344): [36mMapped {/api/finance/loans/me, GET} route[39m
    [35mcontext[39m: "RouterExplorer"
[18:01:12.800] [32mINFO[39m (20344): [36mMapped {/api/finance/credit-score, GET} route[39m
    [35mcontext[39m: "RouterExplorer"
[18:01:12.800] [32mINFO[39m (20344): [36mMapped {/api/finance/loans/:id/repay, POST} route[39m
    [35mcontext[39m: "RouterExplorer"
[18:01:12.800] [32mINFO[39m (20344): [36mB2bController {/api/b2b}:[39m
    [35mcontext[39m: "RoutesResolver"
[18:01:12.801] [32mINFO[39m (20344): [36mMapped {/api/b2b/bulk-orders, POST} route[39m
    [35mcontext[39m: "RouterExplorer"
[18:01:12.801] [32mINFO[39m (20344): [36mMapped {/api/b2b/bulk-orders, GET} route[39m
    [35mcontext[39m: "RouterExplorer"
[18:01:12.801] [32mINFO[39m (20344): [36mMapped {/api/b2b/bulk-orders/:id/join, POST} route[39m
    [35mcontext[39m: "RouterExplorer"
[18:01:12.801] [32mINFO[39m (20344): [36mAgentController {/api/agents}:[39m
    [35mcontext[39m: "RoutesResolver"
[18:01:12.801] [32mINFO[39m (20344): [36mMapped {/api/agents/register, POST} route[39m
    [35mcontext[39m: "RouterExplorer"
[18:01:12.802] [32mINFO[39m (20344): [36mMapped {/api/agents/me, GET} route[39m
    [35mcontext[39m: "RouterExplorer"
[18:01:12.802] [32mINFO[39m (20344): [36mMapped {/api/agents/earnings, GET} route[39m
    [35mcontext[39m: "RouterExplorer"
[18:01:12.802] [32mINFO[39m (20344): [36mUsedGoodsController {/api/used-goods}:[39m
    [35mcontext[39m: "RoutesResolver"
[18:01:12.802] [32mINFO[39m (20344): [36mMapped {/api/used-goods, POST} route[39m
    [35mcontext[39m: "RouterExplorer"
[18:01:12.802] [32mINFO[39m (20344): [36mMapped {/api/used-goods, GET} route[39m
    [35mcontext[39m: "RouterExplorer"
[18:01:12.802] [32mINFO[39m (20344): [36mMapped {/api/used-goods/:id, GET} route[39m
    [35mcontext[39m: "RouterExplorer"
[18:01:12.803] [32mINFO[39m (20344): [36mMapped {/api/used-goods/:id, PATCH} route[39m
    [35mcontext[39m: "RouterExplorer"
[18:01:12.803] [32mINFO[39m (20344): [36mPaymentsController {/api/payments}:[39m
    [35mcontext[39m: "RoutesResolver"
[18:01:12.803] [32mINFO[39m (20344): [36mMapped {/api/payments/order/:orderId, GET} route[39m
    [35mcontext[39m: "RouterExplorer"
[18:01:12.803] [32mINFO[39m (20344): [36mMapped {/api/payments/:orderId/release, POST} route[39m
    [35mcontext[39m: "RouterExplorer"
[18:01:12.803] [32mINFO[39m (20344): [36mMapped {/api/payments, GET} route[39m
    [35mcontext[39m: "RouterExplorer"
[18:01:12.803] [32mINFO[39m (20344): [36mUploadsController {/api/uploads}:[39m
    [35mcontext[39m: "RoutesResolver"
[18:01:12.803] [32mINFO[39m (20344): [36mMapped {/api/uploads/kyc, POST} route[39m
    [35mcontext[39m: "RouterExplorer"
[18:01:12.804] [32mINFO[39m (20344): [36mMapped {/api/uploads/vendor-logo, POST} route[39m
    [35mcontext[39m: "RouterExplorer"
[18:01:12.804] [32mINFO[39m (20344): [36mMapped {/api/uploads/product-image, POST} route[39m
    [35mcontext[39m: "RouterExplorer"
[18:01:12.804] [32mINFO[39m (20344): [36mMapped {/api/uploads/avatar, POST} route[39m
    [35mcontext[39m: "RouterExplorer"
[18:01:12.804] [32mINFO[39m (20344): [36mWebhooksController {/api/webhooks}:[39m
    [35mcontext[39m: "RoutesResolver"
[18:01:12.804] [32mINFO[39m (20344): [36mMapped {/api/webhooks/mpesa, POST} route[39m
    [35mcontext[39m: "RouterExplorer"
[18:01:12.804] [32mINFO[39m (20344): [36mMapped {/api/webhooks/momo, POST} route[39m
    [35mcontext[39m: "RouterExplorer"
[18:01:12.804] [32mINFO[39m (20344): [36mMapped {/api/webhooks/tigo-pesa, POST} route[39m
    [35mcontext[39m: "RouterExplorer"
[18:01:12.804] [32mINFO[39m (20344): [36mCategoriesController {/api/categories}:[39m
    [35mcontext[39m: "RoutesResolver"
[18:01:12.805] [32mINFO[39m (20344): [36mMapped {/api/categories, GET} route[39m
    [35mcontext[39m: "RouterExplorer"
[18:01:12.805] [32mINFO[39m (20344): [36mMapped {/api/categories, POST} route[39m
    [35mcontext[39m: "RouterExplorer"
[18:01:12.805] [32mINFO[39m (20344): [36mAddressesController {/api/addresses}:[39m
    [35mcontext[39m: "RoutesResolver"
[18:01:12.805] [32mINFO[39m (20344): [36mMapped {/api/addresses/me, GET} route[39m
    [35mcontext[39m: "RouterExplorer"
[18:01:12.805] [32mINFO[39m (20344): [36mMapped {/api/addresses, POST} route[39m
    [35mcontext[39m: "RouterExplorer"
[18:01:12.805] [32mINFO[39m (20344): [36mMapped {/api/addresses/:id, DELETE} route[39m
    [35mcontext[39m: "RouterExplorer"
[18:01:12.805] [32mINFO[39m (20344): [36mMenusController {/api/menus}:[39m
    [35mcontext[39m: "RoutesResolver"
[18:01:12.805] [32mINFO[39m (20344): [36mMapped {/api/menus/vendor/:vendorId, GET} route[39m
    [35mcontext[39m: "RouterExplorer"
[18:01:12.805] [32mINFO[39m (20344): [36mMapped {/api/menus, POST} route[39m
    [35mcontext[39m: "RouterExplorer"
[18:01:12.806] [32mINFO[39m (20344): [36mVehiclesController {/api/fleet/vehicles}:[39m
    [35mcontext[39m: "RoutesResolver"
[18:01:12.806] [32mINFO[39m (20344): [36mMapped {/api/fleet/vehicles, POST} route[39m
    [35mcontext[39m: "RouterExplorer"
[18:01:12.806] [32mINFO[39m (20344): [36mMapped {/api/fleet/vehicles/:id/location, PATCH} route[39m
    [35mcontext[39m: "RouterExplorer"
[18:01:12.806] [32mINFO[39m (20344): [36mMapped {/api/fleet/vehicles/me, GET} route[39m
    [35mcontext[39m: "RouterExplorer"
[18:01:12.806] [32mINFO[39m (20344): [36mAdminController {/api/admin}:[39m
    [35mcontext[39m: "RoutesResolver"
[18:01:12.806] [32mINFO[39m (20344): [36mMapped {/api/admin/dashboard, GET} route[39m
    [35mcontext[39m: "RouterExplorer"
[18:01:12.807] [32mINFO[39m (20344): [36mMapped {/api/admin/analytics, GET} route[39m
    [35mcontext[39m: "RouterExplorer"
[18:01:12.807] [32mINFO[39m (20344): [36mMapped {/api/admin/vendors/:id/approve, PATCH} route[39m
    [35mcontext[39m: "RouterExplorer"
[18:01:12.807] [32mINFO[39m (20344): [36mMapped {/api/admin/vendors/:id/suspend, PATCH} route[39m
    [35mcontext[39m: "RouterExplorer"
[18:01:12.807] [32mINFO[39m (20344): [36mMapped {/api/admin/disputes, GET} route[39m
    [35mcontext[39m: "RouterExplorer"
[18:01:12.807] [32mINFO[39m (20344): [36mMapped {/api/admin/disputes/:id/resolve, PATCH} route[39m
    [35mcontext[39m: "RouterExplorer"
[18:01:12.807] [32mINFO[39m (20344): [36mMapped {/api/admin/vendors/pending, GET} route[39m
    [35mcontext[39m: "RouterExplorer"
[18:01:12.808] [32mINFO[39m (20344): [36mMapped {/api/admin/orders/recent, GET} route[39m
    [35mcontext[39m: "RouterExplorer"
[18:01:12.808] [32mINFO[39m (20344): [36mMapped {/api/admin/finance/summary, GET} route[39m
    [35mcontext[39m: "RouterExplorer"
[18:01:12.808] [32mINFO[39m (20344): [36mMapped {/api/admin/analytics/revenue, GET} route[39m
    [35mcontext[39m: "RouterExplorer"
[18:01:12.808] [32mINFO[39m (20344): [36mMapped {/api/admin/analytics/disputes, GET} route[39m
    [35mcontext[39m: "RouterExplorer"
[18:01:12.808] [32mINFO[39m (20344): [36mMapped {/api/admin/kyc/:id/verify, PATCH} route[39m
    [35mcontext[39m: "RouterExplorer"
[18:01:12.860] [32mINFO[39m (20344): [36mNest application successfully started[39m
    [35mcontext[39m: "NestApplication"
[90m[4mquery:[24m[39m [94mSELECT[0m [37m"UserOrmEntity"[0m[37m.[0m[37m"id"[0m [94mAS[0m [37m"UserOrmEntity_id"[0m[37m,[0m [37m"UserOrmEntity"[0m[37m.[0m[37m"created_at"[0m [94mAS[0m [37m"UserOrmEntity_created_at"[0m[37m,[0m [37m"UserOrmEntity"[0m[37m.[0m[37m"updated_at"[0m [94mAS[0m [37m"UserOrmEntity_updated_at"[0m[37m,[0m [37m"UserOrmEntity"[0m[37m.[0m[37m"tenant_id"[0m [94mAS[0m [37m"UserOrmEntity_tenant_id"[0m[37m,[0m [37m"UserOrmEntity"[0m[37m.[0m[37m"phone_number"[0m [94mAS[0m [37m"UserOrmEntity_phone_number"[0m[37m,[0m [37m"UserOrmEntity"[0m[37m.[0m[37m"full_name"[0m [94mAS[0m [37m"UserOrmEntity_full_name"[0m[37m,[0m [37m"UserOrmEntity"[0m[37m.[0m[37m"role"[0m [94mAS[0m [37m"UserOrmEntity_role"[0m[37m,[0m [37m"UserOrmEntity"[0m[37m.[0m[37m"password_hash"[0m [94mAS[0m [37m"UserOrmEntity_password_hash"[0m[37m,[0m [37m"UserOrmEntity"[0m[37m.[0m[37m"email"[0m [94mAS[0m [37m"UserOrmEntity_email"[0m[37m,[0m [37m"UserOrmEntity"[0m[37m.[0m[37m"status"[0m [94mAS[0m [37m"UserOrmEntity_status"[0m[37m,[0m [37m"UserOrmEntity"[0m[37m.[0m[37m"version"[0m [94mAS[0m [37m"UserOrmEntity_version"[0m [94mFROM[0m [37m"users"[0m [37m"UserOrmEntity"[0m [94mWHERE[0m [37m([0m[37m([0m[37m"UserOrmEntity"[0m[37m.[0m[37m"phone_number"[0m [37m=[0m [37m$[0m[32m1[0m[37m)[0m[37m)[0m [94mLIMIT[0m [32m1[0m [90m-- PARAMETERS: ["+250788100002"][0m
[90m[4mquery:[24m[39m [94mSELECT[0m [37m"UserOrmEntity"[0m[37m.[0m[37m"id"[0m [94mAS[0m [37m"UserOrmEntity_id"[0m[37m,[0m [37m"UserOrmEntity"[0m[37m.[0m[37m"created_at"[0m [94mAS[0m [37m"UserOrmEntity_created_at"[0m[37m,[0m [37m"UserOrmEntity"[0m[37m.[0m[37m"updated_at"[0m [94mAS[0m [37m"UserOrmEntity_updated_at"[0m[37m,[0m [37m"UserOrmEntity"[0m[37m.[0m[37m"tenant_id"[0m [94mAS[0m [37m"UserOrmEntity_tenant_id"[0m[37m,[0m [37m"UserOrmEntity"[0m[37m.[0m[37m"phone_number"[0m [94mAS[0m [37m"UserOrmEntity_phone_number"[0m[37m,[0m [37m"UserOrmEntity"[0m[37m.[0m[37m"full_name"[0m [94mAS[0m [37m"UserOrmEntity_full_name"[0m[37m,[0m [37m"UserOrmEntity"[0m[37m.[0m[37m"role"[0m [94mAS[0m [37m"UserOrmEntity_role"[0m[37m,[0m [37m"UserOrmEntity"[0m[37m.[0m[37m"password_hash"[0m [94mAS[0m [37m"UserOrmEntity_password_hash"[0m[37m,[0m [37m"UserOrmEntity"[0m[37m.[0m[37m"email"[0m [94mAS[0m [37m"UserOrmEntity_email"[0m[37m,[0m [37m"UserOrmEntity"[0m[37m.[0m[37m"status"[0m [94mAS[0m [37m"UserOrmEntity_status"[0m[37m,[0m [37m"UserOrmEntity"[0m[37m.[0m[37m"version"[0m [94mAS[0m [37m"UserOrmEntity_version"[0m [94mFROM[0m [37m"users"[0m [37m"UserOrmEntity"[0m [94mWHERE[0m [37m([0m[37m([0m[37m"UserOrmEntity"[0m[37m.[0m[37m"phone_number"[0m [37m=[0m [37m$[0m[32m1[0m[37m)[0m[37m)[0m [94mLIMIT[0m [32m1[0m [90m-- PARAMETERS: ["+250788100004"][0m
[18:01:59.471] [34mDEBUG[39m (20344): [36mPOST /api/auth/login 201 286ms [user=anonymous tenant=-][39m
    [35mcontext[39m: "HTTP"
[18:01:59.479] [34mDEBUG[39m (20344): [36mPOST /api/auth/login 201 316ms [user=anonymous tenant=-][39m
    [35mcontext[39m: "HTTP"
[90m[4mquery:[24m[39m [94mSELECT[0m [37m"VendorOrmEntity"[0m[37m.[0m[37m"id"[0m [94mAS[0m [37m"VendorOrmEntity_id"[0m[37m,[0m [37m"VendorOrmEntity"[0m[37m.[0m[37m"tenant_id"[0m [94mAS[0m [37m"VendorOrmEntity_tenant_id"[0m[37m,[0m [37m"VendorOrmEntity"[0m[37m.[0m[37m"created_at"[0m [94mAS[0m [37m"VendorOrmEntity_created_at"[0m[37m,[0m [37m"VendorOrmEntity"[0m[37m.[0m[37m"updated_at"[0m [94mAS[0m [37m"VendorOrmEntity_updated_at"[0m[37m,[0m [37m"VendorOrmEntity"[0m[37m.[0m[37m"user_id"[0m [94mAS[0m [37m"VendorOrmEntity_user_id"[0m[37m,[0m [37m"VendorOrmEntity"[0m[37m.[0m[37m"shop_name"[0m [94mAS[0m [37m"VendorOrmEntity_shop_name"[0m[37m,[0m [37m"VendorOrmEntity"[0m[37m.[0m[37m"description"[0m [94mAS[0m [37m"VendorOrmEntity_description"[0m[37m,[0m [37m"VendorOrmEntity"[0m[37m.[0m[37m"category"[0m [94mAS[0m [37m"VendorOrmEntity_category"[0m[37m,[0m [37m"VendorOrmEntity"[0m[37m.[0m[37m"commission_rate"[0m [94mAS[0m [37m"VendorOrmEntity_commission_rate"[0m[37m,[0m [37m"VendorOrmEntity"[0m[37m.[0m[37m"status"[0m [94mAS[0m [37m"VendorOrmEntity_status"[0m[37m,[0m [37m"VendorOrmEntity"[0m[37m.[0m[37m"average_rating"[0m [94mAS[0m [37m"VendorOrmEntity_average_rating"[0m[37m,[0m [37m"VendorOrmEntity"[0m[37m.[0m[37m"total_orders"[0m [94mAS[0m [37m"VendorOrmEntity_total_orders"[0m[37m,[0m [37m"VendorOrmEntity"[0m[37m.[0m[37m"version"[0m [94mAS[0m [37m"VendorOrmEntity_version"[0m [94mFROM[0m [37m"vendors"[0m [37m"VendorOrmEntity"[0m [94mWHERE[0m [37m([0m[37m([0m[37m"VendorOrmEntity"[0m[37m.[0m[37m"user_id"[0m [37m=[0m [37m$[0m[32m1[0m[37m)[0m[37m)[0m [94mLIMIT[0m [32m1[0m [90m-- PARAMETERS: ["b0000000-0000-0000-0000-000000000002"][0m
[90m[4mquery:[24m[39m [94mSELECT[0m [37m"d"[0m[37m.[0m[37m"id"[0m [94mAS[0m [37m"d_id"[0m[37m,[0m [37m"d"[0m[37m.[0m[37m"tenant_id"[0m [94mAS[0m [37m"d_tenant_id"[0m[37m,[0m [37m"d"[0m[37m.[0m[37m"created_at"[0m [94mAS[0m [37m"d_created_at"[0m[37m,[0m [37m"d"[0m[37m.[0m[37m"updated_at"[0m [94mAS[0m [37m"d_updated_at"[0m[37m,[0m [37m"d"[0m[37m.[0m[37m"order_id"[0m [94mAS[0m [37m"d_order_id"[0m[37m,[0m [37m"d"[0m[37m.[0m[37m"driver_id"[0m [94mAS[0m [37m"d_driver_id"[0m[37m,[0m [37m"d"[0m[37m.[0m[37m"vehicle_type"[0m [94mAS[0m [37m"d_vehicle_type"[0m[37m,[0m [37m"d"[0m[37m.[0m[37m"status"[0m [94mAS[0m [37m"d_status"[0m[37m,[0m [37m"d"[0m[37m.[0m[37m"pickup_address"[0m [94mAS[0m [37m"d_pickup_address"[0m[37m,[0m [37m"d"[0m[37m.[0m[37m"delivery_address"[0m [94mAS[0m [37m"d_delivery_address"[0m[37m,[0m [37m"d"[0m[37m.[0m[37m"pickup_latitude"[0m [94mAS[0m [37m"d_pickup_latitude"[0m[37m,[0m [37m"d"[0m[37m.[0m[37m"pickup_longitude"[0m [94mAS[0m [37m"d_pickup_longitude"[0m[37m,[0m [37m"d"[0m[37m.[0m[37m"delivery_latitude"[0m [94mAS[0m [37m"d_delivery_latitude"[0m[37m,[0m [37m"d"[0m[37m.[0m[37m"delivery_longitude"[0m [94mAS[0m [37m"d_delivery_longitude"[0m[37m,[0m [37m"d"[0m[37m.[0m[37m"distance_km"[0m [94mAS[0m [37m"d_distance_km"[0m[37m,[0m [37m"d"[0m[37m.[0m[37m"estimated_time_minutes"[0m [94mAS[0m [37m"d_estimated_time_minutes"[0m[37m,[0m [37m"d"[0m[37m.[0m[37m"driver_earnings"[0m [94mAS[0m [37m"d_driver_earnings"[0m[37m,[0m [37m"d"[0m[37m.[0m[37m"currency"[0m [94mAS[0m [37m"d_currency"[0m[37m,[0m [37m"d"[0m[37m.[0m[37m"version"[0m [94mAS[0m [37m"d_version"[0m [94mFROM[0m [37m"deliveries"[0m [37m"d"[0m [94mWHERE[0m [37m"d"[0m[37m.[0m[37m"tenant_id"[0m [37m=[0m [37m$[0m[32m1[0m [94mAND[0m [37m"d"[0m[37m.[0m[37m"driver_id"[0m [37m=[0m [37m$[0m[32m2[0m [94mORDER BY[0m [37m"d"[0m[37m.[0m[37m"created_at"[0m [94mDESC[0m [94mLIMIT[0m [32m20[0m [37mOFFSET[0m [32m0[0m [90m-- PARAMETERS: ["a0000000-0000-0000-0000-000000000001","b0000000-0000-0000-0000-000000000004"][0m
[90m[4mquery:[24m[39m [94mSELECT[0m [37m"ProductOrmEntity"[0m[37m.[0m[37m"id"[0m [94mAS[0m [37m"ProductOrmEntity_id"[0m[37m,[0m [37m"ProductOrmEntity"[0m[37m.[0m[37m"tenant_id"[0m [94mAS[0m [37m"ProductOrmEntity_tenant_id"[0m[37m,[0m [37m"ProductOrmEntity"[0m[37m.[0m[37m"created_at"[0m [94mAS[0m [37m"ProductOrmEntity_created_at"[0m[37m,[0m [37m"ProductOrmEntity"[0m[37m.[0m[37m"updated_at"[0m [94mAS[0m [37m"ProductOrmEntity_updated_at"[0m[37m,[0m [37m"ProductOrmEntity"[0m[37m.[0m[37m"vendor_id"[0m [94mAS[0m [37m"ProductOrmEntity_vendor_id"[0m[37m,[0m [37m"ProductOrmEntity"[0m[37m.[0m[37m"name"[0m [94mAS[0m [37m"ProductOrmEntity_name"[0m[37m,[0m [37m"ProductOrmEntity"[0m[37m.[0m[37m"description"[0m [94mAS[0m [37m"ProductOrmEntity_description"[0m[37m,[0m [37m"ProductOrmEntity"[0m[37m.[0m[37m"price"[0m [94mAS[0m [37m"ProductOrmEntity_price"[0m[37m,[0m [37m"ProductOrmEntity"[0m[37m.[0m[37m"currency"[0m [94mAS[0m [37m"ProductOrmEntity_currency"[0m[37m,[0m [37m"ProductOrmEntity"[0m[37m.[0m[37m"type"[0m [94mAS[0m [37m"ProductOrmEntity_type"[0m[37m,[0m [37m"ProductOrmEntity"[0m[37m.[0m[37m"category_id"[0m [94mAS[0m [37m"ProductOrmEntity_category_id"[0m[37m,[0m [37m"ProductOrmEntity"[0m[37m.[0m[37m"image_url"[0m [94mAS[0m [37m"ProductOrmEntity_image_url"[0m[37m,[0m [37m"ProductOrmEntity"[0m[37m.[0m[37m"stock_quantity"[0m [94mAS[0m [37m"ProductOrmEntity_stock_quantity"[0m[37m,[0m [37m"ProductOrmEntity"[0m[37m.[0m[37m"unit"[0m [94mAS[0m [37m"ProductOrmEntity_unit"[0m[37m,[0m [37m"ProductOrmEntity"[0m[37m.[0m[37m"status"[0m [94mAS[0m [37m"ProductOrmEntity_status"[0m[37m,[0m [37m"ProductOrmEntity"[0m[37m.[0m[37m"version"[0m [94mAS[0m [37m"ProductOrmEntity_version"[0m [94mFROM[0m [37m"products"[0m [37m"ProductOrmEntity"[0m [94mWHERE[0m [37m([0m[37m([0m[37m"ProductOrmEntity"[0m[37m.[0m[37m"vendor_id"[0m [37m=[0m [37m$[0m[32m1[0m[37m)[0m[37m)[0m [90m-- PARAMETERS: ["c0000000-0000-0000-0000-000000000001"][0m
[18:01:59.521] [34mDEBUG[39m (20344): [36mGET /api/deliveries/me 200 20ms [user=b0000000-0000-0000-0000-000000000004 tenant=a0000000-0000-0000-0000-000000000001][39m
    [35mcontext[39m: "HTTP"
[18:01:59.525] [34mDEBUG[39m (20344): [36mGET /api/vendors/me/products 200 30ms [user=b0000000-0000-0000-0000-000000000002 tenant=a0000000-0000-0000-0000-000000000001][39m
    [35mcontext[39m: "HTTP"
[90m[4mquery:[24m[39m [94mSELECT[0m [37m"VehicleOrmEntity"[0m[37m.[0m[37m"id"[0m [94mAS[0m [37m"VehicleOrmEntity_id"[0m[37m,[0m [37m"VehicleOrmEntity"[0m[37m.[0m[37m"tenant_id"[0m [94mAS[0m [37m"VehicleOrmEntity_tenant_id"[0m[37m,[0m [37m"VehicleOrmEntity"[0m[37m.[0m[37m"created_at"[0m [94mAS[0m [37m"VehicleOrmEntity_created_at"[0m[37m,[0m [37m"VehicleOrmEntity"[0m[37m.[0m[37m"updated_at"[0m [94mAS[0m [37m"VehicleOrmEntity_updated_at"[0m[37m,[0m [37m"VehicleOrmEntity"[0m[37m.[0m[37m"driver_id"[0m [94mAS[0m [37m"VehicleOrmEntity_driver_id"[0m[37m,[0m [37m"VehicleOrmEntity"[0m[37m.[0m[37m"vehicle_type"[0m [94mAS[0m [37m"VehicleOrmEntity_vehicle_type"[0m[37m,[0m [37m"VehicleOrmEntity"[0m[37m.[0m[37m"plate_number"[0m [94mAS[0m [37m"VehicleOrmEntity_plate_number"[0m[37m,[0m [37m"VehicleOrmEntity"[0m[37m.[0m[37m"capacity_kg"[0m [94mAS[0m [37m"VehicleOrmEntity_capacity_kg"[0m[37m,[0m [37m"VehicleOrmEntity"[0m[37m.[0m[37m"is_available"[0m [94mAS[0m [37m"VehicleOrmEntity_is_available"[0m[37m,[0m [37m"VehicleOrmEntity"[0m[37m.[0m[37m"current_latitude"[0m [94mAS[0m [37m"VehicleOrmEntity_current_latitude"[0m[37m,[0m [37m"VehicleOrmEntity"[0m[37m.[0m[37m"current_longitude"[0m [94mAS[0m [37m"VehicleOrmEntity_current_longitude"[0m[37m,[0m [37m"VehicleOrmEntity"[0m[37m.[0m[37m"version"[0m [94mAS[0m [37m"VehicleOrmEntity_version"[0m [94mFROM[0m [37m"vehicles"[0m [37m"VehicleOrmEntity"[0m [94mWHERE[0m [37m([0m[37m([0m[37m"VehicleOrmEntity"[0m[37m.[0m[37m"driver_id"[0m [37m=[0m [37m$[0m[32m1[0m[37m)[0m[37m)[0m [90m-- PARAMETERS: ["b0000000-0000-0000-0000-000000000004"][0m
[18:01:59.541] [34mDEBUG[39m (20344): [36mGET /api/fleet/vehicles/me 200 31ms [user=b0000000-0000-0000-0000-000000000004 tenant=a0000000-0000-0000-0000-000000000001][39m
    [35mcontext[39m: "HTTP"
[90m[4mquery:[24m[39m [94mSELECT[0m [37m"UserOrmEntity"[0m[37m.[0m[37m"id"[0m [94mAS[0m [37m"UserOrmEntity_id"[0m[37m,[0m [37m"UserOrmEntity"[0m[37m.[0m[37m"created_at"[0m [94mAS[0m [37m"UserOrmEntity_created_at"[0m[37m,[0m [37m"UserOrmEntity"[0m[37m.[0m[37m"updated_at"[0m [94mAS[0m [37m"UserOrmEntity_updated_at"[0m[37m,[0m [37m"UserOrmEntity"[0m[37m.[0m[37m"tenant_id"[0m [94mAS[0m [37m"UserOrmEntity_tenant_id"[0m[37m,[0m [37m"UserOrmEntity"[0m[37m.[0m[37m"phone_number"[0m [94mAS[0m [37m"UserOrmEntity_phone_number"[0m[37m,[0m [37m"UserOrmEntity"[0m[37m.[0m[37m"full_name"[0m [94mAS[0m [37m"UserOrmEntity_full_name"[0m[37m,[0m [37m"UserOrmEntity"[0m[37m.[0m[37m"role"[0m [94mAS[0m [37m"UserOrmEntity_role"[0m[37m,[0m [37m"UserOrmEntity"[0m[37m.[0m[37m"password_hash"[0m [94mAS[0m [37m"UserOrmEntity_password_hash"[0m[37m,[0m [37m"UserOrmEntity"[0m[37m.[0m[37m"email"[0m [94mAS[0m [37m"UserOrmEntity_email"[0m[37m,[0m [37m"UserOrmEntity"[0m[37m.[0m[37m"status"[0m [94mAS[0m [37m"UserOrmEntity_status"[0m[37m,[0m [37m"UserOrmEntity"[0m[37m.[0m[37m"version"[0m [94mAS[0m [37m"UserOrmEntity_version"[0m [94mFROM[0m [37m"users"[0m [37m"UserOrmEntity"[0m [94mWHERE[0m [37m([0m[37m([0m[37m"UserOrmEntity"[0m[37m.[0m[37m"phone_number"[0m [37m=[0m [37m$[0m[32m1[0m[37m)[0m[37m)[0m [94mLIMIT[0m [32m1[0m [90m-- PARAMETERS: ["+250788100002"][0m
[90m[4mquery:[24m[39m [94mSELECT[0m [37m"UserOrmEntity"[0m[37m.[0m[37m"id"[0m [94mAS[0m [37m"UserOrmEntity_id"[0m[37m,[0m [37m"UserOrmEntity"[0m[37m.[0m[37m"created_at"[0m [94mAS[0m [37m"UserOrmEntity_created_at"[0m[37m,[0m [37m"UserOrmEntity"[0m[37m.[0m[37m"updated_at"[0m [94mAS[0m [37m"UserOrmEntity_updated_at"[0m[37m,[0m [37m"UserOrmEntity"[0m[37m.[0m[37m"tenant_id"[0m [94mAS[0m [37m"UserOrmEntity_tenant_id"[0m[37m,[0m [37m"UserOrmEntity"[0m[37m.[0m[37m"phone_number"[0m [94mAS[0m [37m"UserOrmEntity_phone_number"[0m[37m,[0m [37m"UserOrmEntity"[0m[37m.[0m[37m"full_name"[0m [94mAS[0m [37m"UserOrmEntity_full_name"[0m[37m,[0m [37m"UserOrmEntity"[0m[37m.[0m[37m"role"[0m [94mAS[0m [37m"UserOrmEntity_role"[0m[37m,[0m [37m"UserOrmEntity"[0m[37m.[0m[37m"password_hash"[0m [94mAS[0m [37m"UserOrmEntity_password_hash"[0m[37m,[0m [37m"UserOrmEntity"[0m[37m.[0m[37m"email"[0m [94mAS[0m [37m"UserOrmEntity_email"[0m[37m,[0m [37m"UserOrmEntity"[0m[37m.[0m[37m"status"[0m [94mAS[0m [37m"UserOrmEntity_status"[0m[37m,[0m [37m"UserOrmEntity"[0m[37m.[0m[37m"version"[0m [94mAS[0m [37m"UserOrmEntity_version"[0m [94mFROM[0m [37m"users"[0m [37m"UserOrmEntity"[0m [94mWHERE[0m [37m([0m[37m([0m[37m"UserOrmEntity"[0m[37m.[0m[37m"phone_number"[0m [37m=[0m [37m$[0m[32m1[0m[37m)[0m[37m)[0m [94mLIMIT[0m [32m1[0m [90m-- PARAMETERS: ["+250788100003"][0m
[18:02:18.520] [34mDEBUG[39m (20344): [36mPOST /api/auth/login 201 275ms [user=anonymous tenant=-][39m
    [35mcontext[39m: "HTTP"
[18:02:18.527] [34mDEBUG[39m (20344): [36mPOST /api/auth/login 201 279ms [user=anonymous tenant=-][39m
    [35mcontext[39m: "HTTP"
[90m[4mquery:[24m[39m [94mSELECT[0m [37m"AddressOrmEntity"[0m[37m.[0m[37m"id"[0m [94mAS[0m [37m"AddressOrmEntity_id"[0m[37m,[0m [37m"AddressOrmEntity"[0m[37m.[0m[37m"tenant_id"[0m [94mAS[0m [37m"AddressOrmEntity_tenant_id"[0m[37m,[0m [37m"AddressOrmEntity"[0m[37m.[0m[37m"created_at"[0m [94mAS[0m [37m"AddressOrmEntity_created_at"[0m[37m,[0m [37m"AddressOrmEntity"[0m[37m.[0m[37m"updated_at"[0m [94mAS[0m [37m"AddressOrmEntity_updated_at"[0m[37m,[0m [37m"AddressOrmEntity"[0m[37m.[0m[37m"user_id"[0m [94mAS[0m [37m"AddressOrmEntity_user_id"[0m[37m,[0m [37m"AddressOrmEntity"[0m[37m.[0m[37m"label"[0m [94mAS[0m [37m"AddressOrmEntity_label"[0m[37m,[0m [37m"AddressOrmEntity"[0m[37m.[0m[37m"full_address"[0m [94mAS[0m [37m"AddressOrmEntity_full_address"[0m[37m,[0m [37m"AddressOrmEntity"[0m[37m.[0m[37m"latitude"[0m [94mAS[0m [37m"AddressOrmEntity_latitude"[0m[37m,[0m [37m"AddressOrmEntity"[0m[37m.[0m[37m"longitude"[0m [94mAS[0m [37m"AddressOrmEntity_longitude"[0m[37m,[0m [37m"AddressOrmEntity"[0m[37m.[0m[37m"is_default"[0m [94mAS[0m [37m"AddressOrmEntity_is_default"[0m [94mFROM[0m [37m"addresses"[0m [37m"AddressOrmEntity"[0m [94mWHERE[0m [37m([0m[37m([0m[37m"AddressOrmEntity"[0m[37m.[0m[37m"user_id"[0m [37m=[0m [37m$[0m[32m1[0m[37m)[0m[37m)[0m [90m-- PARAMETERS: ["b0000000-0000-0000-0000-000000000003"][0m
[90m[4mquery:[24m[39m [94mSELECT[0m [37m"WalletOrmEntity"[0m[37m.[0m[37m"id"[0m [94mAS[0m [37m"WalletOrmEntity_id"[0m[37m,[0m [37m"WalletOrmEntity"[0m[37m.[0m[37m"tenant_id"[0m [94mAS[0m [37m"WalletOrmEntity_tenant_id"[0m[37m,[0m [37m"WalletOrmEntity"[0m[37m.[0m[37m"created_at"[0m [94mAS[0m [37m"WalletOrmEntity_created_at"[0m[37m,[0m [37m"WalletOrmEntity"[0m[37m.[0m[37m"updated_at"[0m [94mAS[0m [37m"WalletOrmEntity_updated_at"[0m[37m,[0m [37m"WalletOrmEntity"[0m[37m.[0m[37m"owner_id"[0m [94mAS[0m [37m"WalletOrmEntity_owner_id"[0m[37m,[0m [37m"WalletOrmEntity"[0m[37m.[0m[37m"owner_type"[0m [94mAS[0m [37m"WalletOrmEntity_owner_type"[0m[37m,[0m [37m"WalletOrmEntity"[0m[37m.[0m[37m"balance"[0m [94mAS[0m [37m"WalletOrmEntity_balance"[0m[37m,[0m [37m"WalletOrmEntity"[0m[37m.[0m[37m"pending_balance"[0m [94mAS[0m [37m"WalletOrmEntity_pending_balance"[0m[37m,[0m [37m"WalletOrmEntity"[0m[37m.[0m[37m"currency"[0m [94mAS[0m [37m"WalletOrmEntity_currency"[0m[37m,[0m [37m"WalletOrmEntity"[0m[37m.[0m[37m"version"[0m [94mAS[0m [37m"WalletOrmEntity_version"[0m [94mFROM[0m [37m"wallets"[0m [37m"WalletOrmEntity"[0m [94mWHERE[0m [37m([0m[37m([0m[37m"WalletOrmEntity"[0m[37m.[0m[37m"owner_id"[0m [37m=[0m [37m$[0m[32m1[0m[37m)[0m[37m)[0m [94mLIMIT[0m [32m1[0m [90m-- PARAMETERS: ["b0000000-0000-0000-0000-000000000002"][0m
[18:02:18.552] [34mDEBUG[39m (20344): [36mGET /api/addresses/me 200 16ms [user=b0000000-0000-0000-0000-000000000003 tenant=a0000000-0000-0000-0000-000000000001][39m
    [35mcontext[39m: "HTTP"
[18:02:18.555] [34mDEBUG[39m (20344): [36mGET /api/wallets/me 200 14ms [user=b0000000-0000-0000-0000-000000000002 tenant=a0000000-0000-0000-0000-000000000001][39m
    [35mcontext[39m: "HTTP"
[90m[4mquery:[24m[39m [94mSELECT[0m [37m"WalletTransactionOrmEntity"[0m[37m.[0m[37m"id"[0m [94mAS[0m [37m"WalletTransactionOrmEntity_id"[0m[37m,[0m [37m"WalletTransactionOrmEntity"[0m[37m.[0m[37m"tenant_id"[0m [94mAS[0m [37m"WalletTransactionOrmEntity_tenant_id"[0m[37m,[0m [37m"WalletTransactionOrmEntity"[0m[37m.[0m[37m"created_at"[0m [94mAS[0m [37m"WalletTransactionOrmEntity_created_at"[0m[37m,[0m [37m"WalletTransactionOrmEntity"[0m[37m.[0m[37m"updated_at"[0m [94mAS[0m [37m"WalletTransactionOrmEntity_updated_at"[0m[37m,[0m [37m"WalletTransactionOrmEntity"[0m[37m.[0m[37m"owner_id"[0m [94mAS[0m [37m"WalletTransactionOrmEntity_owner_id"[0m[37m,[0m [37m"WalletTransactionOrmEntity"[0m[37m.[0m[37m"owner_type"[0m [94mAS[0m [37m"WalletTransactionOrmEntity_owner_type"[0m[37m,[0m [37m"WalletTransactionOrmEntity"[0m[37m.[0m[37m"type"[0m [94mAS[0m [37m"WalletTransactionOrmEntity_type"[0m[37m,[0m [37m"WalletTransactionOrmEntity"[0m[37m.[0m[37m"amount"[0m [94mAS[0m [37m"WalletTransactionOrmEntity_amount"[0m[37m,[0m [37m"WalletTransactionOrmEntity"[0m[37m.[0m[37m"currency"[0m [94mAS[0m [37m"WalletTransactionOrmEntity_currency"[0m[37m,[0m [37m"WalletTransactionOrmEntity"[0m[37m.[0m[37m"balance_before"[0m [94mAS[0m [37m"WalletTransactionOrmEntity_balance_before"[0m[37m,[0m [37m"WalletTransactionOrmEntity"[0m[37m.[0m[37m"balance_after"[0m [94mAS[0m [37m"WalletTransactionOrmEntity_balance_after"[0m[37m,[0m [37m"WalletTransactionOrmEntity"[0m[37m.[0m[37m"description"[0m [94mAS[0m [37m"WalletTransactionOrmEntity_description"[0m[37m,[0m [37m"WalletTransactionOrmEntity"[0m[37m.[0m[37m"reference_id"[0m [94mAS[0m [37m"WalletTransactionOrmEntity_reference_id"[0m[37m,[0m [37m"WalletTransactionOrmEntity"[0m[37m.[0m[37m"reference_type"[0m [94mAS[0m [37m"WalletTransactionOrmEntity_reference_type"[0m [94mFROM[0m [37m"wallet_transactions"[0m [37m"WalletTransactionOrmEntity"[0m [94mWHERE[0m [37m([0m[37m([0m[37m"WalletTransactionOrmEntity"[0m[37m.[0m[37m"tenant_id"[0m [37m=[0m [37m$[0m[32m1[0m[37m)[0m [94mAND[0m [37m([0m[37m"WalletTransactionOrmEntity"[0m[37m.[0m[37m"owner_id"[0m [37m=[0m [37m$[0m[32m2[0m[37m)[0m[37m)[0m [94mORDER BY[0m [37m"WalletTransactionOrmEntity"[0m[37m.[0m[37m"created_at"[0m [94mDESC[0m [94mLIMIT[0m [32m20[0m [37mOFFSET[0m [32m0[0m [90m-- PARAMETERS: ["a0000000-0000-0000-0000-000000000001","b0000000-0000-0000-0000-000000000002"][0m
[90m[4mquery:[24m[39m [94mSELECT[0m [37m"CustomerPointsOrmEntity"[0m[37m.[0m[37m"id"[0m [94mAS[0m [37m"CustomerPointsOrmEntity_id"[0m[37m,[0m [37m"CustomerPointsOrmEntity"[0m[37m.[0m[37m"tenant_id"[0m [94mAS[0m [37m"CustomerPointsOrmEntity_tenant_id"[0m[37m,[0m [37m"CustomerPointsOrmEntity"[0m[37m.[0m[37m"created_at"[0m [94mAS[0m [37m"CustomerPointsOrmEntity_created_at"[0m[37m,[0m [37m"CustomerPointsOrmEntity"[0m[37m.[0m[37m"updated_at"[0m [94mAS[0m [37m"CustomerPointsOrmEntity_updated_at"[0m[37m,[0m [37m"CustomerPointsOrmEntity"[0m[37m.[0m[37m"customer_id"[0m [94mAS[0m [37m"CustomerPointsOrmEntity_customer_id"[0m[37m,[0m [37m"CustomerPointsOrmEntity"[0m[37m.[0m[37m"total_points"[0m [94mAS[0m [37m"CustomerPointsOrmEntity_total_points"[0m[37m,[0m [37m"CustomerPointsOrmEntity"[0m[37m.[0m[37m"redeemable_points"[0m [94mAS[0m [37m"CustomerPointsOrmEntity_redeemable_points"[0m[37m,[0m [37m"CustomerPointsOrmEntity"[0m[37m.[0m[37m"lifetime_points"[0m [94mAS[0m [37m"CustomerPointsOrmEntity_lifetime_points"[0m[37m,[0m [37m"CustomerPointsOrmEntity"[0m[37m.[0m[37m"tier"[0m [94mAS[0m [37m"CustomerPointsOrmEntity_tier"[0m[37m,[0m [37m"CustomerPointsOrmEntity"[0m[37m.[0m[37m"referral_code"[0m [94mAS[0m [37m"CustomerPointsOrmEntity_referral_code"[0m[37m,[0m [37m"CustomerPointsOrmEntity"[0m[37m.[0m[37m"referred_by"[0m [94mAS[0m [37m"CustomerPointsOrmEntity_referred_by"[0m[37m,[0m [37m"CustomerPointsOrmEntity"[0m[37m.[0m[37m"total_referrals"[0m [94mAS[0m [37m"CustomerPointsOrmEntity_total_referrals"[0m[37m,[0m [37m"CustomerPointsOrmEntity"[0m[37m.[0m[37m"free_deliveries_remaining"[0m [94mAS[0m [37m"CustomerPointsOrmEntity_free_deliveries_remaining"[0m[37m,[0m [37m"CustomerPointsOrmEntity"[0m[37m.[0m[37m"version"[0m [94mAS[0m [37m"CustomerPointsOrmEntity_version"[0m [94mFROM[0m [37m"customer_points"[0m [37m"CustomerPointsOrmEntity"[0m [94mWHERE[0m [37m([0m[37m([0m[37m"CustomerPointsOrmEntity"[0m[37m.[0m[37m"customer_id"[0m [37m=[0m [37m$[0m[32m1[0m[37m)[0m[37m)[0m [94mLIMIT[0m [32m1[0m [90m-- PARAMETERS: ["b0000000-0000-0000-0000-000000000003"][0m
[18:02:18.574] [34mDEBUG[39m (20344): [36mGET /api/wallets/transactions 200 29ms [user=b0000000-0000-0000-0000-000000000002 tenant=a0000000-0000-0000-0000-000000000001][39m
    [35mcontext[39m: "HTTP"
[18:02:18.576] [34mDEBUG[39m (20344): [36mGET /api/loyalty/me 200 26ms [user=b0000000-0000-0000-0000-000000000003 tenant=a0000000-0000-0000-0000-000000000001][39m
    [35mcontext[39m: "HTTP"
[90m[4mquery:[24m[39m [94mSELECT[0m [37m"SurgeRuleOrmEntity"[0m[37m.[0m[37m"id"[0m [94mAS[0m [37m"SurgeRuleOrmEntity_id"[0m[37m,[0m [37m"SurgeRuleOrmEntity"[0m[37m.[0m[37m"tenant_id"[0m [94mAS[0m [37m"SurgeRuleOrmEntity_tenant_id"[0m[37m,[0m [37m"SurgeRuleOrmEntity"[0m[37m.[0m[37m"created_at"[0m [94mAS[0m [37m"SurgeRuleOrmEntity_created_at"[0m[37m,[0m [37m"SurgeRuleOrmEntity"[0m[37m.[0m[37m"updated_at"[0m [94mAS[0m [37m"SurgeRuleOrmEntity_updated_at"[0m[37m,[0m [37m"SurgeRuleOrmEntity"[0m[37m.[0m[37m"name"[0m [94mAS[0m [37m"SurgeRuleOrmEntity_name"[0m[37m,[0m [37m"SurgeRuleOrmEntity"[0m[37m.[0m[37m"trigger"[0m [94mAS[0m [37m"SurgeRuleOrmEntity_trigger"[0m[37m,[0m [37m"SurgeRuleOrmEntity"[0m[37m.[0m[37m"multiplier"[0m [94mAS[0m [37m"SurgeRuleOrmEntity_multiplier"[0m[37m,[0m [37m"SurgeRuleOrmEntity"[0m[37m.[0m[37m"min_orders"[0m [94mAS[0m [37m"SurgeRuleOrmEntity_min_orders"[0m[37m,[0m [37m"SurgeRuleOrmEntity"[0m[37m.[0m[37m"max_drivers"[0m [94mAS[0m [37m"SurgeRuleOrmEntity_max_drivers"[0m[37m,[0m [37m"SurgeRuleOrmEntity"[0m[37m.[0m[37m"start_hour"[0m [94mAS[0m [37m"SurgeRuleOrmEntity_start_hour"[0m[37m,[0m [37m"SurgeRuleOrmEntity"[0m[37m.[0m[37m"end_hour"[0m [94mAS[0m [37m"SurgeRuleOrmEntity_end_hour"[0m[37m,[0m [37m"SurgeRuleOrmEntity"[0m[37m.[0m[37m"is_active"[0m [94mAS[0m [37m"SurgeRuleOrmEntity_is_active"[0m[37m,[0m [37m"SurgeRuleOrmEntity"[0m[37m.[0m[37m"version"[0m [94mAS[0m [37m"SurgeRuleOrmEntity_version"[0m [94mFROM[0m [37m"surge_rules"[0m [37m"SurgeRuleOrmEntity"[0m [94mWHERE[0m [37m([0m[37m([0m[37m"SurgeRuleOrmEntity"[0m[37m.[0m[37m"is_active"[0m [37m=[0m [37m$[0m[32m1[0m[37m)[0m[37m)[0m [90m-- PARAMETERS: [true][0m
[90m[4mquery:[24m[39m [94mSELECT[0m [37m"SurgeRuleOrmEntity"[0m[37m.[0m[37m"id"[0m [94mAS[0m [37m"SurgeRuleOrmEntity_id"[0m[37m,[0m [37m"SurgeRuleOrmEntity"[0m[37m.[0m[37m"tenant_id"[0m [94mAS[0m [37m"SurgeRuleOrmEntity_tenant_id"[0m[37m,[0m [37m"SurgeRuleOrmEntity"[0m[37m.[0m[37m"created_at"[0m [94mAS[0m [37m"SurgeRuleOrmEntity_created_at"[0m[37m,[0m [37m"SurgeRuleOrmEntity"[0m[37m.[0m[37m"updated_at"[0m [94mAS[0m [37m"SurgeRuleOrmEntity_updated_at"[0m[37m,[0m [37m"SurgeRuleOrmEntity"[0m[37m.[0m[37m"name"[0m [94mAS[0m [37m"SurgeRuleOrmEntity_name"[0m[37m,[0m [37m"SurgeRuleOrmEntity"[0m[37m.[0m[37m"trigger"[0m [94mAS[0m [37m"SurgeRuleOrmEntity_trigger"[0m[37m,[0m [37m"SurgeRuleOrmEntity"[0m[37m.[0m[37m"multiplier"[0m [94mAS[0m [37m"SurgeRuleOrmEntity_multiplier"[0m[37m,[0m [37m"SurgeRuleOrmEntity"[0m[37m.[0m[37m"min_orders"[0m [94mAS[0m [37m"SurgeRuleOrmEntity_min_orders"[0m[37m,[0m [37m"SurgeRuleOrmEntity"[0m[37m.[0m[37m"max_drivers"[0m [94mAS[0m [37m"SurgeRuleOrmEntity_max_drivers"[0m[37m,[0m [37m"SurgeRuleOrmEntity"[0m[37m.[0m[37m"start_hour"[0m [94mAS[0m [37m"SurgeRuleOrmEntity_start_hour"[0m[37m,[0m [37m"SurgeRuleOrmEntity"[0m[37m.[0m[37m"end_hour"[0m [94mAS[0m [37m"SurgeRuleOrmEntity_end_hour"[0m[37m,[0m [37m"SurgeRuleOrmEntity"[0m[37m.[0m[37m"is_active"[0m [94mAS[0m [37m"SurgeRuleOrmEntity_is_active"[0m[37m,[0m [37m"SurgeRuleOrmEntity"[0m[37m.[0m[37m"version"[0m [94mAS[0m [37m"SurgeRuleOrmEntity_version"[0m [94mFROM[0m [37m"surge_rules"[0m [37m"SurgeRuleOrmEntity"[0m [94mWHERE[0m [37m([0m[37m([0m[37m"SurgeRuleOrmEntity"[0m[37m.[0m[37m"is_active"[0m [37m=[0m [37m$[0m[32m1[0m[37m)[0m[37m)[0m [90m-- PARAMETERS: [true][0m
[90m[4mquery:[24m[39m [94mSELECT[0m [37m"SurgeRuleOrmEntity"[0m[37m.[0m[37m"id"[0m [94mAS[0m [37m"SurgeRuleOrmEntity_id"[0m[37m,[0m [37m"SurgeRuleOrmEntity"[0m[37m.[0m[37m"tenant_id"[0m [94mAS[0m [37m"SurgeRuleOrmEntity_tenant_id"[0m[37m,[0m [37m"SurgeRuleOrmEntity"[0m[37m.[0m[37m"created_at"[0m [94mAS[0m [37m"SurgeRuleOrmEntity_created_at"[0m[37m,[0m [37m"SurgeRuleOrmEntity"[0m[37m.[0m[37m"updated_at"[0m [94mAS[0m [37m"SurgeRuleOrmEntity_updated_at"[0m[37m,[0m [37m"SurgeRuleOrmEntity"[0m[37m.[0m[37m"name"[0m [94mAS[0m [37m"SurgeRuleOrmEntity_name"[0m[37m,[0m [37m"SurgeRuleOrmEntity"[0m[37m.[0m[37m"trigger"[0m [94mAS[0m [37m"SurgeRuleOrmEntity_trigger"[0m[37m,[0m [37m"SurgeRuleOrmEntity"[0m[37m.[0m[37m"multiplier"[0m [94mAS[0m [37m"SurgeRuleOrmEntity_multiplier"[0m[37m,[0m [37m"SurgeRuleOrmEntity"[0m[37m.[0m[37m"min_orders"[0m [94mAS[0m [37m"SurgeRuleOrmEntity_min_orders"[0m[37m,[0m [37m"SurgeRuleOrmEntity"[0m[37m.[0m[37m"max_drivers"[0m [94mAS[0m [37m"SurgeRuleOrmEntity_max_drivers"[0m[37m,[0m [37m"SurgeRuleOrmEntity"[0m[37m.[0m[37m"start_hour"[0m [94mAS[0m [37m"SurgeRuleOrmEntity_start_hour"[0m[37m,[0m [37m"SurgeRuleOrmEntity"[0m[37m.[0m[37m"end_hour"[0m [94mAS[0m [37m"SurgeRuleOrmEntity_end_hour"[0m[37m,[0m [37m"SurgeRuleOrmEntity"[0m[37m.[0m[37m"is_active"[0m [94mAS[0m [37m"SurgeRuleOrmEntity_is_active"[0m[37m,[0m [37m"SurgeRuleOrmEntity"[0m[37m.[0m[37m"version"[0m [94mAS[0m [37m"SurgeRuleOrmEntity_version"[0m [94mFROM[0m [37m"surge_rules"[0m [37m"SurgeRuleOrmEntity"[0m [94mWHERE[0m [37m([0m[37m([0m[37m"SurgeRuleOrmEntity"[0m[37m.[0m[37m"is_active"[0m [37m=[0m [37m$[0m[32m1[0m[37m)[0m[37m)[0m [90m-- PARAMETERS: [true][0m
[90m[4mquery:[24m[39m [94mSELECT[0m [37m"SurgeRuleOrmEntity"[0m[37m.[0m[37m"id"[0m [94mAS[0m [37m"SurgeRuleOrmEntity_id"[0m[37m,[0m [37m"SurgeRuleOrmEntity"[0m[37m.[0m[37m"tenant_id"[0m [94mAS[0m [37m"SurgeRuleOrmEntity_tenant_id"[0m[37m,[0m [37m"SurgeRuleOrmEntity"[0m[37m.[0m[37m"created_at"[0m [94mAS[0m [37m"SurgeRuleOrmEntity_created_at"[0m[37m,[0m [37m"SurgeRuleOrmEntity"[0m[37m.[0m[37m"updated_at"[0m [94mAS[0m [37m"SurgeRuleOrmEntity_updated_at"[0m[37m,[0m [37m"SurgeRuleOrmEntity"[0m[37m.[0m[37m"name"[0m [94mAS[0m [37m"SurgeRuleOrmEntity_name"[0m[37m,[0m [37m"SurgeRuleOrmEntity"[0m[37m.[0m[37m"trigger"[0m [94mAS[0m [37m"SurgeRuleOrmEntity_trigger"[0m[37m,[0m [37m"SurgeRuleOrmEntity"[0m[37m.[0m[37m"multiplier"[0m [94mAS[0m [37m"SurgeRuleOrmEntity_multiplier"[0m[37m,[0m [37m"SurgeRuleOrmEntity"[0m[37m.[0m[37m"min_orders"[0m [94mAS[0m [37m"SurgeRuleOrmEntity_min_orders"[0m[37m,[0m [37m"SurgeRuleOrmEntity"[0m[37m.[0m[37m"max_drivers"[0m [94mAS[0m [37m"SurgeRuleOrmEntity_max_drivers"[0m[37m,[0m [37m"SurgeRuleOrmEntity"[0m[37m.[0m[37m"start_hour"[0m [94mAS[0m [37m"SurgeRuleOrmEntity_start_hour"[0m[37m,[0m [37m"SurgeRuleOrmEntity"[0m[37m.[0m[37m"end_hour"[0m [94mAS[0m [37m"SurgeRuleOrmEntity_end_hour"[0m[37m,[0m [37m"SurgeRuleOrmEntity"[0m[37m.[0m[37m"is_active"[0m [94mAS[0m [37m"SurgeRuleOrmEntity_is_active"[0m[37m,[0m [37m"SurgeRuleOrmEntity"[0m[37m.[0m[37m"version"[0m [94mAS[0m [37m"SurgeRuleOrmEntity_version"[0m [94mFROM[0m [37m"surge_rules"[0m [37m"SurgeRuleOrmEntity"[0m [94mWHERE[0m [37m([0m[37m([0m[37m"SurgeRuleOrmEntity"[0m[37m.[0m[37m"is_active"[0m [37m=[0m [37m$[0m[32m1[0m[37m)[0m[37m)[0m [90m-- PARAMETERS: [true][0m
[90m[4mquery:[24m[39m [94mSELECT[0m [37m"SurgeRuleOrmEntity"[0m[37m.[0m[37m"id"[0m [94mAS[0m [37m"SurgeRuleOrmEntity_id"[0m[37m,[0m [37m"SurgeRuleOrmEntity"[0m[37m.[0m[37m"tenant_id"[0m [94mAS[0m [37m"SurgeRuleOrmEntity_tenant_id"[0m[37m,[0m [37m"SurgeRuleOrmEntity"[0m[37m.[0m[37m"created_at"[0m [94mAS[0m [37m"SurgeRuleOrmEntity_created_at"[0m[37m,[0m [37m"SurgeRuleOrmEntity"[0m[37m.[0m[37m"updated_at"[0m [94mAS[0m [37m"SurgeRuleOrmEntity_updated_at"[0m[37m,[0m [37m"SurgeRuleOrmEntity"[0m[37m.[0m[37m"name"[0m [94mAS[0m [37m"SurgeRuleOrmEntity_name"[0m[37m,[0m [37m"SurgeRuleOrmEntity"[0m[37m.[0m[37m"trigger"[0m [94mAS[0m [37m"SurgeRuleOrmEntity_trigger"[0m[37m,[0m [37m"SurgeRuleOrmEntity"[0m[37m.[0m[37m"multiplier"[0m [94mAS[0m [37m"SurgeRuleOrmEntity_multiplier"[0m[37m,[0m [37m"SurgeRuleOrmEntity"[0m[37m.[0m[37m"min_orders"[0m [94mAS[0m [37m"SurgeRuleOrmEntity_min_orders"[0m[37m,[0m [37m"SurgeRuleOrmEntity"[0m[37m.[0m[37m"max_drivers"[0m [94mAS[0m [37m"SurgeRuleOrmEntity_max_drivers"[0m[37m,[0m [37m"SurgeRuleOrmEntity"[0m[37m.[0m[37m"start_hour"[0m [94mAS[0m [37m"SurgeRuleOrmEntity_start_hour"[0m[37m,[0m [37m"SurgeRuleOrmEntity"[0m[37m.[0m[37m"end_hour"[0m [94mAS[0m [37m"SurgeRuleOrmEntity_end_hour"[0m[37m,[0m [37m"SurgeRuleOrmEntity"[0m[37m.[0m[37m"is_active"[0m [94mAS[0m [37m"SurgeRuleOrmEntity_is_active"[0m[37m,[0m [37m"SurgeRuleOrmEntity"[0m[37m.[0m[37m"version"[0m [94mAS[0m [37m"SurgeRuleOrmEntity_version"[0m [94mFROM[0m [37m"surge_rules"[0m [37m"SurgeRuleOrmEntity"[0m [94mWHERE[0m [37m([0m[37m([0m[37m"SurgeRuleOrmEntity"[0m[37m.[0m[37m"is_active"[0m [37m=[0m [37m$[0m[32m1[0m[37m)[0m[37m)[0m [90m-- PARAMETERS: [true][0m
[90m[4mquery:[24m[39m [94mDELETE[0m [94mFROM[0m [37m"otps"[0m [94mWHERE[0m [37m"created_at"[0m [37m<[0m [37m$[0m[32m1[0m [90m-- PARAMETERS: ["2026-07-26T15:20:00.018Z"][0m
[90m[4mquery:[24m[39m [94mSELECT[0m [37m"SurgeRuleOrmEntity"[0m[37m.[0m[37m"id"[0m [94mAS[0m [37m"SurgeRuleOrmEntity_id"[0m[37m,[0m [37m"SurgeRuleOrmEntity"[0m[37m.[0m[37m"tenant_id"[0m [94mAS[0m [37m"SurgeRuleOrmEntity_tenant_id"[0m[37m,[0m [37m"SurgeRuleOrmEntity"[0m[37m.[0m[37m"created_at"[0m [94mAS[0m [37m"SurgeRuleOrmEntity_created_at"[0m[37m,[0m [37m"SurgeRuleOrmEntity"[0m[37m.[0m[37m"updated_at"[0m [94mAS[0m [37m"SurgeRuleOrmEntity_updated_at"[0m[37m,[0m [37m"SurgeRuleOrmEntity"[0m[37m.[0m[37m"name"[0m [94mAS[0m [37m"SurgeRuleOrmEntity_name"[0m[37m,[0m [37m"SurgeRuleOrmEntity"[0m[37m.[0m[37m"trigger"[0m [94mAS[0m [37m"SurgeRuleOrmEntity_trigger"[0m[37m,[0m [37m"SurgeRuleOrmEntity"[0m[37m.[0m[37m"multiplier"[0m [94mAS[0m [37m"SurgeRuleOrmEntity_multiplier"[0m[37m,[0m [37m"SurgeRuleOrmEntity"[0m[37m.[0m[37m"min_orders"[0m [94mAS[0m [37m"SurgeRuleOrmEntity_min_orders"[0m[37m,[0m [37m"SurgeRuleOrmEntity"[0m[37m.[0m[37m"max_drivers"[0m [94mAS[0m [37m"SurgeRuleOrmEntity_max_drivers"[0m[37m,[0m [37m"SurgeRuleOrmEntity"[0m[37m.[0m[37m"start_hour"[0m [94mAS[0m [37m"SurgeRuleOrmEntity_start_hour"[0m[37m,[0m [37m"SurgeRuleOrmEntity"[0m[37m.[0m[37m"end_hour"[0m [94mAS[0m [37m"SurgeRuleOrmEntity_end_hour"[0m[37m,[0m [37m"SurgeRuleOrmEntity"[0m[37m.[0m[37m"is_active"[0m [94mAS[0m [37m"SurgeRuleOrmEntity_is_active"[0m[37m,[0m [37m"SurgeRuleOrmEntity"[0m[37m.[0m[37m"version"[0m [94mAS[0m [37m"SurgeRuleOrmEntity_version"[0m [94mFROM[0m [37m"surge_rules"[0m [37m"SurgeRuleOrmEntity"[0m [94mWHERE[0m [37m([0m[37m([0m[37m"SurgeRuleOrmEntity"[0m[37m.[0m[37m"is_active"[0m [37m=[0m [37m$[0m[32m1[0m[37m)[0m[37m)[0m [90m-- PARAMETERS: [true][0m
[90m[4mquery:[24m[39m [94mSELECT[0m [37m"SurgeRuleOrmEntity"[0m[37m.[0m[37m"id"[0m [94mAS[0m [37m"SurgeRuleOrmEntity_id"[0m[37m,[0m [37m"SurgeRuleOrmEntity"[0m[37m.[0m[37m"tenant_id"[0m [94mAS[0m [37m"SurgeRuleOrmEntity_tenant_id"[0m[37m,[0m [37m"SurgeRuleOrmEntity"[0m[37m.[0m[37m"created_at"[0m [94mAS[0m [37m"SurgeRuleOrmEntity_created_at"[0m[37m,[0m [37m"SurgeRuleOrmEntity"[0m[37m.[0m[37m"updated_at"[0m [94mAS[0m [37m"SurgeRuleOrmEntity_updated_at"[0m[37m,[0m [37m"SurgeRuleOrmEntity"[0m[37m.[0m[37m"name"[0m [94mAS[0m [37m"SurgeRuleOrmEntity_name"[0m[37m,[0m [37m"SurgeRuleOrmEntity"[0m[37m.[0m[37m"trigger"[0m [94mAS[0m [37m"SurgeRuleOrmEntity_trigger"[0m[37m,[0m [37m"SurgeRuleOrmEntity"[0m[37m.[0m[37m"multiplier"[0m [94mAS[0m [37m"SurgeRuleOrmEntity_multiplier"[0m[37m,[0m [37m"SurgeRuleOrmEntity"[0m[37m.[0m[37m"min_orders"[0m [94mAS[0m [37m"SurgeRuleOrmEntity_min_orders"[0m[37m,[0m [37m"SurgeRuleOrmEntity"[0m[37m.[0m[37m"max_drivers"[0m [94mAS[0m [37m"SurgeRuleOrmEntity_max_drivers"[0m[37m,[0m [37m"SurgeRuleOrmEntity"[0m[37m.[0m[37m"start_hour"[0m [94mAS[0m [37m"SurgeRuleOrmEntity_start_hour"[0m[37m,[0m [37m"SurgeRuleOrmEntity"[0m[37m.[0m[37m"end_hour"[0m [94mAS[0m [37m"SurgeRuleOrmEntity_end_hour"[0m[37m,[0m [37m"SurgeRuleOrmEntity"[0m[37m.[0m[37m"is_active"[0m [94mAS[0m [37m"SurgeRuleOrmEntity_is_active"[0m[37m,[0m [37m"SurgeRuleOrmEntity"[0m[37m.[0m[37m"version"[0m [94mAS[0m [37m"SurgeRuleOrmEntity_version"[0m [94mFROM[0m [37m"surge_rules"[0m [37m"SurgeRuleOrmEntity"[0m [94mWHERE[0m [37m([0m[37m([0m[37m"SurgeRuleOrmEntity"[0m[37m.[0m[37m"is_active"[0m [37m=[0m [37m$[0m[32m1[0m[37m)[0m[37m)[0m [90m-- PARAMETERS: [true][0m
[90m[4mquery:[24m[39m [94mSELECT[0m [37m"SurgeRuleOrmEntity"[0m[37m.[0m[37m"id"[0m [94mAS[0m [37m"SurgeRuleOrmEntity_id"[0m[37m,[0m [37m"SurgeRuleOrmEntity"[0m[37m.[0m[37m"tenant_id"[0m [94mAS[0m [37m"SurgeRuleOrmEntity_tenant_id"[0m[37m,[0m [37m"SurgeRuleOrmEntity"[0m[37m.[0m[37m"created_at"[0m [94mAS[0m [37m"SurgeRuleOrmEntity_created_at"[0m[37m,[0m [37m"SurgeRuleOrmEntity"[0m[37m.[0m[37m"updated_at"[0m [94mAS[0m [37m"SurgeRuleOrmEntity_updated_at"[0m[37m,[0m [37m"SurgeRuleOrmEntity"[0m[37m.[0m[37m"name"[0m [94mAS[0m [37m"SurgeRuleOrmEntity_name"[0m[37m,[0m [37m"SurgeRuleOrmEntity"[0m[37m.[0m[37m"trigger"[0m [94mAS[0m [37m"SurgeRuleOrmEntity_trigger"[0m[37m,[0m [37m"SurgeRuleOrmEntity"[0m[37m.[0m[37m"multiplier"[0m [94mAS[0m [37m"SurgeRuleOrmEntity_multiplier"[0m[37m,[0m [37m"SurgeRuleOrmEntity"[0m[37m.[0m[37m"min_orders"[0m [94mAS[0m [37m"SurgeRuleOrmEntity_min_orders"[0m[37m,[0m [37m"SurgeRuleOrmEntity"[0m[37m.[0m[37m"max_drivers"[0m [94mAS[0m [37m"SurgeRuleOrmEntity_max_drivers"[0m[37m,[0m [37m"SurgeRuleOrmEntity"[0m[37m.[0m[37m"start_hour"[0m [94mAS[0m [37m"SurgeRuleOrmEntity_start_hour"[0m[37m,[0m [37m"SurgeRuleOrmEntity"[0m[37m.[0m[37m"end_hour"[0m [94mAS[0m [37m"SurgeRuleOrmEntity_end_hour"[0m[37m,[0m [37m"SurgeRuleOrmEntity"[0m[37m.[0m[37m"is_active"[0m [94mAS[0m [37m"SurgeRuleOrmEntity_is_active"[0m[37m,[0m [37m"SurgeRuleOrmEntity"[0m[37m.[0m[37m"version"[0m [94mAS[0m [37m"SurgeRuleOrmEntity_version"[0m [94mFROM[0m [37m"surge_rules"[0m [37m"SurgeRuleOrmEntity"[0m [94mWHERE[0m [37m([0m[37m([0m[37m"SurgeRuleOrmEntity"[0m[37m.[0m[37m"is_active"[0m [37m=[0m [37m$[0m[32m1[0m[37m)[0m[37m)[0m [90m-- PARAMETERS: [true][0m
[90m[4mquery:[24m[39m [94mSELECT[0m [37m"SurgeRuleOrmEntity"[0m[37m.[0m[37m"id"[0m [94mAS[0m [37m"SurgeRuleOrmEntity_id"[0m[37m,[0m [37m"SurgeRuleOrmEntity"[0m[37m.[0m[37m"tenant_id"[0m [94mAS[0m [37m"SurgeRuleOrmEntity_tenant_id"[0m[37m,[0m [37m"SurgeRuleOrmEntity"[0m[37m.[0m[37m"created_at"[0m [94mAS[0m [37m"SurgeRuleOrmEntity_created_at"[0m[37m,[0m [37m"SurgeRuleOrmEntity"[0m[37m.[0m[37m"updated_at"[0m [94mAS[0m [37m"SurgeRuleOrmEntity_updated_at"[0m[37m,[0m [37m"SurgeRuleOrmEntity"[0m[37m.[0m[37m"name"[0m [94mAS[0m [37m"SurgeRuleOrmEntity_name"[0m[37m,[0m [37m"SurgeRuleOrmEntity"[0m[37m.[0m[37m"trigger"[0m [94mAS[0m [37m"SurgeRuleOrmEntity_trigger"[0m[37m,[0m [37m"SurgeRuleOrmEntity"[0m[37m.[0m[37m"multiplier"[0m [94mAS[0m [37m"SurgeRuleOrmEntity_multiplier"[0m[37m,[0m [37m"SurgeRuleOrmEntity"[0m[37m.[0m[37m"min_orders"[0m [94mAS[0m [37m"SurgeRuleOrmEntity_min_orders"[0m[37m,[0m [37m"SurgeRuleOrmEntity"[0m[37m.[0m[37m"max_drivers"[0m [94mAS[0m [37m"SurgeRuleOrmEntity_max_drivers"[0m[37m,[0m [37m"SurgeRuleOrmEntity"[0m[37m.[0m[37m"start_hour"[0m [94mAS[0m [37m"SurgeRuleOrmEntity_start_hour"[0m[37m,[0m [37m"SurgeRuleOrmEntity"[0m[37m.[0m[37m"end_hour"[0m [94mAS[0m [37m"SurgeRuleOrmEntity_end_hour"[0m[37m,[0m [37m"SurgeRuleOrmEntity"[0m[37m.[0m[37m"is_active"[0m [94mAS[0m [37m"SurgeRuleOrmEntity_is_active"[0m[37m,[0m [37m"SurgeRuleOrmEntity"[0m[37m.[0m[37m"version"[0m [94mAS[0m [37m"SurgeRuleOrmEntity_version"[0m [94mFROM[0m [37m"surge_rules"[0m [37m"SurgeRuleOrmEntity"[0m [94mWHERE[0m [37m([0m[37m([0m[37m"SurgeRuleOrmEntity"[0m[37m.[0m[37m"is_active"[0m [37m=[0m [37m$[0m[32m1[0m[37m)[0m[37m)[0m [90m-- PARAMETERS: [true][0m
[90m[4mquery:[24m[39m [94mSELECT[0m [37m"SurgeRuleOrmEntity"[0m[37m.[0m[37m"id"[0m [94mAS[0m [37m"SurgeRuleOrmEntity_id"[0m[37m,[0m [37m"SurgeRuleOrmEntity"[0m[37m.[0m[37m"tenant_id"[0m [94mAS[0m [37m"SurgeRuleOrmEntity_tenant_id"[0m[37m,[0m [37m"SurgeRuleOrmEntity"[0m[37m.[0m[37m"created_at"[0m [94mAS[0m [37m"SurgeRuleOrmEntity_created_at"[0m[37m,[0m [37m"SurgeRuleOrmEntity"[0m[37m.[0m[37m"updated_at"[0m [94mAS[0m [37m"SurgeRuleOrmEntity_updated_at"[0m[37m,[0m [37m"SurgeRuleOrmEntity"[0m[37m.[0m[37m"name"[0m [94mAS[0m [37m"SurgeRuleOrmEntity_name"[0m[37m,[0m [37m"SurgeRuleOrmEntity"[0m[37m.[0m[37m"trigger"[0m [94mAS[0m [37m"SurgeRuleOrmEntity_trigger"[0m[37m,[0m [37m"SurgeRuleOrmEntity"[0m[37m.[0m[37m"multiplier"[0m [94mAS[0m [37m"SurgeRuleOrmEntity_multiplier"[0m[37m,[0m [37m"SurgeRuleOrmEntity"[0m[37m.[0m[37m"min_orders"[0m [94mAS[0m [37m"SurgeRuleOrmEntity_min_orders"[0m[37m,[0m [37m"SurgeRuleOrmEntity"[0m[37m.[0m[37m"max_drivers"[0m [94mAS[0m [37m"SurgeRuleOrmEntity_max_drivers"[0m[37m,[0m [37m"SurgeRuleOrmEntity"[0m[37m.[0m[37m"start_hour"[0m [94mAS[0m [37m"SurgeRuleOrmEntity_start_hour"[0m[37m,[0m [37m"SurgeRuleOrmEntity"[0m[37m.[0m[37m"end_hour"[0m [94mAS[0m [37m"SurgeRuleOrmEntity_end_hour"[0m[37m,[0m [37m"SurgeRuleOrmEntity"[0m[37m.[0m[37m"is_active"[0m [94mAS[0m [37m"SurgeRuleOrmEntity_is_active"[0m[37m,[0m [37m"SurgeRuleOrmEntity"[0m[37m.[0m[37m"version"[0m [94mAS[0m [37m"SurgeRuleOrmEntity_version"[0m [94mFROM[0m [37m"surge_rules"[0m [37m"SurgeRuleOrmEntity"[0m [94mWHERE[0m [37m([0m[37m([0m[37m"SurgeRuleOrmEntity"[0m[37m.[0m[37m"is_active"[0m [37m=[0m [37m$[0m[32m1[0m[37m)[0m[37m)[0m [90m-- PARAMETERS: [true][0m
[90m[4mquery:[24m[39m [94mSELECT[0m [37m"SurgeRuleOrmEntity"[0m[37m.[0m[37m"id"[0m [94mAS[0m [37m"SurgeRuleOrmEntity_id"[0m[37m,[0m [37m"SurgeRuleOrmEntity"[0m[37m.[0m[37m"tenant_id"[0m [94mAS[0m [37m"SurgeRuleOrmEntity_tenant_id"[0m[37m,[0m [37m"SurgeRuleOrmEntity"[0m[37m.[0m[37m"created_at"[0m [94mAS[0m [37m"SurgeRuleOrmEntity_created_at"[0m[37m,[0m [37m"SurgeRuleOrmEntity"[0m[37m.[0m[37m"updated_at"[0m [94mAS[0m [37m"SurgeRuleOrmEntity_updated_at"[0m[37m,[0m [37m"SurgeRuleOrmEntity"[0m[37m.[0m[37m"name"[0m [94mAS[0m [37m"SurgeRuleOrmEntity_name"[0m[37m,[0m [37m"SurgeRuleOrmEntity"[0m[37m.[0m[37m"trigger"[0m [94mAS[0m [37m"SurgeRuleOrmEntity_trigger"[0m[37m,[0m [37m"SurgeRuleOrmEntity"[0m[37m.[0m[37m"multiplier"[0m [94mAS[0m [37m"SurgeRuleOrmEntity_multiplier"[0m[37m,[0m [37m"SurgeRuleOrmEntity"[0m[37m.[0m[37m"min_orders"[0m [94mAS[0m [37m"SurgeRuleOrmEntity_min_orders"[0m[37m,[0m [37m"SurgeRuleOrmEntity"[0m[37m.[0m[37m"max_drivers"[0m [94mAS[0m [37m"SurgeRuleOrmEntity_max_drivers"[0m[37m,[0m [37m"SurgeRuleOrmEntity"[0m[37m.[0m[37m"start_hour"[0m [94mAS[0m [37m"SurgeRuleOrmEntity_start_hour"[0m[37m,[0m [37m"SurgeRuleOrmEntity"[0m[37m.[0m[37m"end_hour"[0m [94mAS[0m [37m"SurgeRuleOrmEntity_end_hour"[0m[37m,[0m [37m"SurgeRuleOrmEntity"[0m[37m.[0m[37m"is_active"[0m [94mAS[0m [37m"SurgeRuleOrmEntity_is_active"[0m[37m,[0m [37m"SurgeRuleOrmEntity"[0m[37m.[0m[37m"version"[0m [94mAS[0m [37m"SurgeRuleOrmEntity_version"[0m [94mFROM[0m [37m"surge_rules"[0m [37m"SurgeRuleOrmEntity"[0m [94mWHERE[0m [37m([0m[37m([0m[37m"SurgeRuleOrmEntity"[0m[37m.[0m[37m"is_active"[0m [37m=[0m [37m$[0m[32m1[0m[37m)[0m[37m)[0m [90m-- PARAMETERS: [true][0m
[90m[4mquery:[24m[39m [94mSELECT[0m [37m"SurgeRuleOrmEntity"[0m[37m.[0m[37m"id"[0m [94mAS[0m [37m"SurgeRuleOrmEntity_id"[0m[37m,[0m [37m"SurgeRuleOrmEntity"[0m[37m.[0m[37m"tenant_id"[0m [94mAS[0m [37m"SurgeRuleOrmEntity_tenant_id"[0m[37m,[0m [37m"SurgeRuleOrmEntity"[0m[37m.[0m[37m"created_at"[0m [94mAS[0m [37m"SurgeRuleOrmEntity_created_at"[0m[37m,[0m [37m"SurgeRuleOrmEntity"[0m[37m.[0m[37m"updated_at"[0m [94mAS[0m [37m"SurgeRuleOrmEntity_updated_at"[0m[37m,[0m [37m"SurgeRuleOrmEntity"[0m[37m.[0m[37m"name"[0m [94mAS[0m [37m"SurgeRuleOrmEntity_name"[0m[37m,[0m [37m"SurgeRuleOrmEntity"[0m[37m.[0m[37m"trigger"[0m [94mAS[0m [37m"SurgeRuleOrmEntity_trigger"[0m[37m,[0m [37m"SurgeRuleOrmEntity"[0m[37m.[0m[37m"multiplier"[0m [94mAS[0m [37m"SurgeRuleOrmEntity_multiplier"[0m[37m,[0m [37m"SurgeRuleOrmEntity"[0m[37m.[0m[37m"min_orders"[0m [94mAS[0m [37m"SurgeRuleOrmEntity_min_orders"[0m[37m,[0m [37m"SurgeRuleOrmEntity"[0m[37m.[0m[37m"max_drivers"[0m [94mAS[0m [37m"SurgeRuleOrmEntity_max_drivers"[0m[37m,[0m [37m"SurgeRuleOrmEntity"[0m[37m.[0m[37m"start_hour"[0m [94mAS[0m [37m"SurgeRuleOrmEntity_start_hour"[0m[37m,[0m [37m"SurgeRuleOrmEntity"[0m[37m.[0m[37m"end_hour"[0m [94mAS[0m [37m"SurgeRuleOrmEntity_end_hour"[0m[37m,[0m [37m"SurgeRuleOrmEntity"[0m[37m.[0m[37m"is_active"[0m [94mAS[0m [37m"SurgeRuleOrmEntity_is_active"[0m[37m,[0m [37m"SurgeRuleOrmEntity"[0m[37m.[0m[37m"version"[0m [94mAS[0m [37m"SurgeRuleOrmEntity_version"[0m [94mFROM[0m [37m"surge_rules"[0m [37m"SurgeRuleOrmEntity"[0m [94mWHERE[0m [37m([0m[37m([0m[37m"SurgeRuleOrmEntity"[0m[37m.[0m[37m"is_active"[0m [37m=[0m [37m$[0m[32m1[0m[37m)[0m[37m)[0m [90m-- PARAMETERS: [true][0m
[90m[4mquery:[24m[39m [94mDELETE[0m [94mFROM[0m [37m"otps"[0m [94mWHERE[0m [37m"created_at"[0m [37m<[0m [37m$[0m[32m1[0m [90m-- PARAMETERS: ["2026-07-26T15:50:00.011Z"][0m
[90m[4mquery:[24m[39m [94mSELECT[0m [37m"OrderOrmEntity"[0m[37m.[0m[37m"id"[0m [94mAS[0m [37m"OrderOrmEntity_id"[0m[37m,[0m [37m"OrderOrmEntity"[0m[37m.[0m[37m"tenant_id"[0m [94mAS[0m [37m"OrderOrmEntity_tenant_id"[0m[37m,[0m [37m"OrderOrmEntity"[0m[37m.[0m[37m"created_at"[0m [94mAS[0m [37m"OrderOrmEntity_created_at"[0m[37m,[0m [37m"OrderOrmEntity"[0m[37m.[0m[37m"updated_at"[0m [94mAS[0m [37m"OrderOrmEntity_updated_at"[0m[37m,[0m [37m"OrderOrmEntity"[0m[37m.[0m[37m"customer_id"[0m [94mAS[0m [37m"OrderOrmEntity_customer_id"[0m[37m,[0m [37m"OrderOrmEntity"[0m[37m.[0m[37m"vendor_id"[0m [94mAS[0m [37m"OrderOrmEntity_vendor_id"[0m[37m,[0m [37m"OrderOrmEntity"[0m[37m.[0m[37m"driver_id"[0m [94mAS[0m [37m"OrderOrmEntity_driver_id"[0m[37m,[0m [37m"OrderOrmEntity"[0m[37m.[0m[37m"type"[0m [94mAS[0m [37m"OrderOrmEntity_type"[0m[37m,[0m [37m"OrderOrmEntity"[0m[37m.[0m[37m"status"[0m [94mAS[0m [37m"OrderOrmEntity_status"[0m[37m,[0m [37m"OrderOrmEntity"[0m[37m.[0m[37m"subtotal"[0m [94mAS[0m [37m"OrderOrmEntity_subtotal"[0m[37m,[0m [37m"OrderOrmEntity"[0m[37m.[0m[37m"delivery_fee"[0m [94mAS[0m [37m"OrderOrmEntity_delivery_fee"[0m[37m,[0m [37m"OrderOrmEntity"[0m[37m.[0m[37m"system_commission"[0m [94mAS[0m [37m"OrderOrmEntity_system_commission"[0m[37m,[0m [37m"OrderOrmEntity"[0m[37m.[0m[37m"total_amount"[0m [94mAS[0m [37m"OrderOrmEntity_total_amount"[0m[37m,[0m [37m"OrderOrmEntity"[0m[37m.[0m[37m"currency"[0m [94mAS[0m [37m"OrderOrmEntity_currency"[0m[37m,[0m [37m"OrderOrmEntity"[0m[37m.[0m[37m"delivery_address"[0m [94mAS[0m [37m"OrderOrmEntity_delivery_address"[0m[37m,[0m [37m"OrderOrmEntity"[0m[37m.[0m[37m"delivery_latitude"[0m [94mAS[0m [37m"OrderOrmEntity_delivery_latitude"[0m[37m,[0m [37m"OrderOrmEntity"[0m[37m.[0m[37m"delivery_longitude"[0m [94mAS[0m [37m"OrderOrmEntity_delivery_longitude"[0m[37m,[0m [37m"OrderOrmEntity"[0m[37m.[0m[37m"special_instructions"[0m [94mAS[0m [37m"OrderOrmEntity_special_instructions"[0m[37m,[0m [37m"OrderOrmEntity"[0m[37m.[0m[37m"otp_code"[0m [94mAS[0m [37m"OrderOrmEntity_otp_code"[0m[37m,[0m [37m"OrderOrmEntity"[0m[37m.[0m[37m"otp_verified"[0m [94mAS[0m [37m"OrderOrmEntity_otp_verified"[0m[37m,[0m [37m"OrderOrmEntity"[0m[37m.[0m[37m"version"[0m [94mAS[0m [37m"OrderOrmEntity_version"[0m [94mFROM[0m [37m"orders"[0m [37m"OrderOrmEntity"[0m [94mWHERE[0m [37m([0m[37m([0m[37m"OrderOrmEntity"[0m[37m.[0m[37m"status"[0m [37m=[0m [37m$[0m[32m1[0m[37m)[0m [94mAND[0m [37m([0m[37m"OrderOrmEntity"[0m[37m.[0m[37m"created_at"[0m [37m<[0m [37m$[0m[32m2[0m[37m)[0m[37m)[0m [90m-- PARAMETERS: ["PLACED","2026-07-25T16:00:00.022Z"][0m
[90m[4mquery:[24m[39m [94mSELECT[0m [37m"SurgeRuleOrmEntity"[0m[37m.[0m[37m"id"[0m [94mAS[0m [37m"SurgeRuleOrmEntity_id"[0m[37m,[0m [37m"SurgeRuleOrmEntity"[0m[37m.[0m[37m"tenant_id"[0m [94mAS[0m [37m"SurgeRuleOrmEntity_tenant_id"[0m[37m,[0m [37m"SurgeRuleOrmEntity"[0m[37m.[0m[37m"created_at"[0m [94mAS[0m [37m"SurgeRuleOrmEntity_created_at"[0m[37m,[0m [37m"SurgeRuleOrmEntity"[0m[37m.[0m[37m"updated_at"[0m [94mAS[0m [37m"SurgeRuleOrmEntity_updated_at"[0m[37m,[0m [37m"SurgeRuleOrmEntity"[0m[37m.[0m[37m"name"[0m [94mAS[0m [37m"SurgeRuleOrmEntity_name"[0m[37m,[0m [37m"SurgeRuleOrmEntity"[0m[37m.[0m[37m"trigger"[0m [94mAS[0m [37m"SurgeRuleOrmEntity_trigger"[0m[37m,[0m [37m"SurgeRuleOrmEntity"[0m[37m.[0m[37m"multiplier"[0m [94mAS[0m [37m"SurgeRuleOrmEntity_multiplier"[0m[37m,[0m [37m"SurgeRuleOrmEntity"[0m[37m.[0m[37m"min_orders"[0m [94mAS[0m [37m"SurgeRuleOrmEntity_min_orders"[0m[37m,[0m [37m"SurgeRuleOrmEntity"[0m[37m.[0m[37m"max_drivers"[0m [94mAS[0m [37m"SurgeRuleOrmEntity_max_drivers"[0m[37m,[0m [37m"SurgeRuleOrmEntity"[0m[37m.[0m[37m"start_hour"[0m [94mAS[0m [37m"SurgeRuleOrmEntity_start_hour"[0m[37m,[0m [37m"SurgeRuleOrmEntity"[0m[37m.[0m[37m"end_hour"[0m [94mAS[0m [37m"SurgeRuleOrmEntity_end_hour"[0m[37m,[0m [37m"SurgeRuleOrmEntity"[0m[37m.[0m[37m"is_active"[0m [94mAS[0m [37m"SurgeRuleOrmEntity_is_active"[0m[37m,[0m [37m"SurgeRuleOrmEntity"[0m[37m.[0m[37m"version"[0m [94mAS[0m [37m"SurgeRuleOrmEntity_version"[0m [94mFROM[0m [37m"surge_rules"[0m [37m"SurgeRuleOrmEntity"[0m [94mWHERE[0m [37m([0m[37m([0m[37m"SurgeRuleOrmEntity"[0m[37m.[0m[37m"is_active"[0m [37m=[0m [37m$[0m[32m1[0m[37m)[0m[37m)[0m [90m-- PARAMETERS: [true][0m
[90m[4mquery:[24m[39m [94mSELECT[0m [37m"SurgeRuleOrmEntity"[0m[37m.[0m[37m"id"[0m [94mAS[0m [37m"SurgeRuleOrmEntity_id"[0m[37m,[0m [37m"SurgeRuleOrmEntity"[0m[37m.[0m[37m"tenant_id"[0m [94mAS[0m [37m"SurgeRuleOrmEntity_tenant_id"[0m[37m,[0m [37m"SurgeRuleOrmEntity"[0m[37m.[0m[37m"created_at"[0m [94mAS[0m [37m"SurgeRuleOrmEntity_created_at"[0m[37m,[0m [37m"SurgeRuleOrmEntity"[0m[37m.[0m[37m"updated_at"[0m [94mAS[0m [37m"SurgeRuleOrmEntity_updated_at"[0m[37m,[0m [37m"SurgeRuleOrmEntity"[0m[37m.[0m[37m"name"[0m [94mAS[0m [37m"SurgeRuleOrmEntity_name"[0m[37m,[0m [37m"SurgeRuleOrmEntity"[0m[37m.[0m[37m"trigger"[0m [94mAS[0m [37m"SurgeRuleOrmEntity_trigger"[0m[37m,[0m [37m"SurgeRuleOrmEntity"[0m[37m.[0m[37m"multiplier"[0m [94mAS[0m [37m"SurgeRuleOrmEntity_multiplier"[0m[37m,[0m [37m"SurgeRuleOrmEntity"[0m[37m.[0m[37m"min_orders"[0m [94mAS[0m [37m"SurgeRuleOrmEntity_min_orders"[0m[37m,[0m [37m"SurgeRuleOrmEntity"[0m[37m.[0m[37m"max_drivers"[0m [94mAS[0m [37m"SurgeRuleOrmEntity_max_drivers"[0m[37m,[0m [37m"SurgeRuleOrmEntity"[0m[37m.[0m[37m"start_hour"[0m [94mAS[0m [37m"SurgeRuleOrmEntity_start_hour"[0m[37m,[0m [37m"SurgeRuleOrmEntity"[0m[37m.[0m[37m"end_hour"[0m [94mAS[0m [37m"SurgeRuleOrmEntity_end_hour"[0m[37m,[0m [37m"SurgeRuleOrmEntity"[0m[37m.[0m[37m"is_active"[0m [94mAS[0m [37m"SurgeRuleOrmEntity_is_active"[0m[37m,[0m [37m"SurgeRuleOrmEntity"[0m[37m.[0m[37m"version"[0m [94mAS[0m [37m"SurgeRuleOrmEntity_version"[0m [94mFROM[0m [37m"surge_rules"[0m [37m"SurgeRuleOrmEntity"[0m [94mWHERE[0m [37m([0m[37m([0m[37m"SurgeRuleOrmEntity"[0m[37m.[0m[37m"is_active"[0m [37m=[0m [37m$[0m[32m1[0m[37m)[0m[37m)[0m [90m-- PARAMETERS: [true][0m
[90m[4mquery:[24m[39m [94mSELECT[0m [37m"SurgeRuleOrmEntity"[0m[37m.[0m[37m"id"[0m [94mAS[0m [37m"SurgeRuleOrmEntity_id"[0m[37m,[0m [37m"SurgeRuleOrmEntity"[0m[37m.[0m[37m"tenant_id"[0m [94mAS[0m [37m"SurgeRuleOrmEntity_tenant_id"[0m[37m,[0m [37m"SurgeRuleOrmEntity"[0m[37m.[0m[37m"created_at"[0m [94mAS[0m [37m"SurgeRuleOrmEntity_created_at"[0m[37m,[0m [37m"SurgeRuleOrmEntity"[0m[37m.[0m[37m"updated_at"[0m [94mAS[0m [37m"SurgeRuleOrmEntity_updated_at"[0m[37m,[0m [37m"SurgeRuleOrmEntity"[0m[37m.[0m[37m"name"[0m [94mAS[0m [37m"SurgeRuleOrmEntity_name"[0m[37m,[0m [37m"SurgeRuleOrmEntity"[0m[37m.[0m[37m"trigger"[0m [94mAS[0m [37m"SurgeRuleOrmEntity_trigger"[0m[37m,[0m [37m"SurgeRuleOrmEntity"[0m[37m.[0m[37m"multiplier"[0m [94mAS[0m [37m"SurgeRuleOrmEntity_multiplier"[0m[37m,[0m [37m"SurgeRuleOrmEntity"[0m[37m.[0m[37m"min_orders"[0m [94mAS[0m [37m"SurgeRuleOrmEntity_min_orders"[0m[37m,[0m [37m"SurgeRuleOrmEntity"[0m[37m.[0m[37m"max_drivers"[0m [94mAS[0m [37m"SurgeRuleOrmEntity_max_drivers"[0m[37m,[0m [37m"SurgeRuleOrmEntity"[0m[37m.[0m[37m"start_hour"[0m [94mAS[0m [37m"SurgeRuleOrmEntity_start_hour"[0m[37m,[0m [37m"SurgeRuleOrmEntity"[0m[37m.[0m[37m"end_hour"[0m [94mAS[0m [37m"SurgeRuleOrmEntity_end_hour"[0m[37m,[0m [37m"SurgeRuleOrmEntity"[0m[37m.[0m[37m"is_active"[0m [94mAS[0m [37m"SurgeRuleOrmEntity_is_active"[0m[37m,[0m [37m"SurgeRuleOrmEntity"[0m[37m.[0m[37m"version"[0m [94mAS[0m [37m"SurgeRuleOrmEntity_version"[0m [94mFROM[0m [37m"surge_rules"[0m [37m"SurgeRuleOrmEntity"[0m [94mWHERE[0m [37m([0m[37m([0m[37m"SurgeRuleOrmEntity"[0m[37m.[0m[37m"is_active"[0m [37m=[0m [37m$[0m[32m1[0m[37m)[0m[37m)[0m [90m-- PARAMETERS: [true][0m
[90m[4mquery:[24m[39m [94mSELECT[0m [37m"d"[0m[37m.[0m[37m"id"[0m [94mAS[0m [37m"d_id"[0m[37m,[0m [37m"d"[0m[37m.[0m[37m"tenant_id"[0m [94mAS[0m [37m"d_tenant_id"[0m[37m,[0m [37m"d"[0m[37m.[0m[37m"created_at"[0m [94mAS[0m [37m"d_created_at"[0m[37m,[0m [37m"d"[0m[37m.[0m[37m"updated_at"[0m [94mAS[0m [37m"d_updated_at"[0m[37m,[0m [37m"d"[0m[37m.[0m[37m"order_id"[0m [94mAS[0m [37m"d_order_id"[0m[37m,[0m [37m"d"[0m[37m.[0m[37m"driver_id"[0m [94mAS[0m [37m"d_driver_id"[0m[37m,[0m [37m"d"[0m[37m.[0m[37m"vehicle_type"[0m [94mAS[0m [37m"d_vehicle_type"[0m[37m,[0m [37m"d"[0m[37m.[0m[37m"status"[0m [94mAS[0m [37m"d_status"[0m[37m,[0m [37m"d"[0m[37m.[0m[37m"pickup_address"[0m [94mAS[0m [37m"d_pickup_address"[0m[37m,[0m [37m"d"[0m[37m.[0m[37m"delivery_address"[0m [94mAS[0m [37m"d_delivery_address"[0m[37m,[0m [37m"d"[0m[37m.[0m[37m"pickup_latitude"[0m [94mAS[0m [37m"d_pickup_latitude"[0m[37m,[0m [37m"d"[0m[37m.[0m[37m"pickup_longitude"[0m [94mAS[0m [37m"d_pickup_longitude"[0m[37m,[0m [37m"d"[0m[37m.[0m[37m"delivery_latitude"[0m [94mAS[0m [37m"d_delivery_latitude"[0m[37m,[0m [37m"d"[0m[37m.[0m[37m"delivery_longitude"[0m [94mAS[0m [37m"d_delivery_longitude"[0m[37m,[0m [37m"d"[0m[37m.[0m[37m"distance_km"[0m [94mAS[0m [37m"d_distance_km"[0m[37m,[0m [37m"d"[0m[37m.[0m[37m"estimated_time_minutes"[0m [94mAS[0m [37m"d_estimated_time_minutes"[0m[37m,[0m [37m"d"[0m[37m.[0m[37m"driver_earnings"[0m [94mAS[0m [37m"d_driver_earnings"[0m[37m,[0m [37m"d"[0m[37m.[0m[37m"currency"[0m [94mAS[0m [37m"d_currency"[0m[37m,[0m [37m"d"[0m[37m.[0m[37m"version"[0m [94mAS[0m [37m"d_version"[0m [94mFROM[0m [37m"deliveries"[0m [37m"d"[0m [94mWHERE[0m [37m"d"[0m[37m.[0m[37m"tenant_id"[0m [37m=[0m [37m$[0m[32m1[0m [94mAND[0m [37m"d"[0m[37m.[0m[37m"driver_id"[0m [37m=[0m [37m$[0m[32m2[0m [94mORDER BY[0m [37m"d"[0m[37m.[0m[37m"created_at"[0m [94mDESC[0m [94mLIMIT[0m [32m20[0m [37mOFFSET[0m [32m0[0m [90m-- PARAMETERS: ["a0000000-0000-0000-0000-000000000001","b0000000-0000-0000-0000-000000000004"][0m
[90m[4mquery:[24m[39m [94mSELECT[0m [37m"d"[0m[37m.[0m[37m"id"[0m [94mAS[0m [37m"d_id"[0m[37m,[0m [37m"d"[0m[37m.[0m[37m"tenant_id"[0m [94mAS[0m [37m"d_tenant_id"[0m[37m,[0m [37m"d"[0m[37m.[0m[37m"created_at"[0m [94mAS[0m [37m"d_created_at"[0m[37m,[0m [37m"d"[0m[37m.[0m[37m"updated_at"[0m [94mAS[0m [37m"d_updated_at"[0m[37m,[0m [37m"d"[0m[37m.[0m[37m"order_id"[0m [94mAS[0m [37m"d_order_id"[0m[37m,[0m [37m"d"[0m[37m.[0m[37m"driver_id"[0m [94mAS[0m [37m"d_driver_id"[0m[37m,[0m [37m"d"[0m[37m.[0m[37m"vehicle_type"[0m [94mAS[0m [37m"d_vehicle_type"[0m[37m,[0m [37m"d"[0m[37m.[0m[37m"status"[0m [94mAS[0m [37m"d_status"[0m[37m,[0m [37m"d"[0m[37m.[0m[37m"pickup_address"[0m [94mAS[0m [37m"d_pickup_address"[0m[37m,[0m [37m"d"[0m[37m.[0m[37m"delivery_address"[0m [94mAS[0m [37m"d_delivery_address"[0m[37m,[0m [37m"d"[0m[37m.[0m[37m"pickup_latitude"[0m [94mAS[0m [37m"d_pickup_latitude"[0m[37m,[0m [37m"d"[0m[37m.[0m[37m"pickup_longitude"[0m [94mAS[0m [37m"d_pickup_longitude"[0m[37m,[0m [37m"d"[0m[37m.[0m[37m"delivery_latitude"[0m [94mAS[0m [37m"d_delivery_latitude"[0m[37m,[0m [37m"d"[0m[37m.[0m[37m"delivery_longitude"[0m [94mAS[0m [37m"d_delivery_longitude"[0m[37m,[0m [37m"d"[0m[37m.[0m[37m"distance_km"[0m [94mAS[0m [37m"d_distance_km"[0m[37m,[0m [37m"d"[0m[37m.[0m[37m"estimated_time_minutes"[0m [94mAS[0m [37m"d_estimated_time_minutes"[0m[37m,[0m [37m"d"[0m[37m.[0m[37m"driver_earnings"[0m [94mAS[0m [37m"d_driver_earnings"[0m[37m,[0m [37m"d"[0m[37m.[0m[37m"currency"[0m [94mAS[0m [37m"d_currency"[0m[37m,[0m [37m"d"[0m[37m.[0m[37m"version"[0m [94mAS[0m [37m"d_version"[0m [94mFROM[0m [37m"deliveries"[0m [37m"d"[0m [94mWHERE[0m [37m"d"[0m[37m.[0m[37m"tenant_id"[0m [37m=[0m [37m$[0m[32m1[0m [94mAND[0m [37m"d"[0m[37m.[0m[37m"driver_id"[0m [37m=[0m [37m$[0m[32m2[0m [94mORDER BY[0m [37m"d"[0m[37m.[0m[37m"created_at"[0m [94mDESC[0m [94mLIMIT[0m [32m20[0m [37mOFFSET[0m [32m0[0m [90m-- PARAMETERS: ["a0000000-0000-0000-0000-000000000001","b0000000-0000-0000-0000-000000000004"][0m
[19:17:47.112] [34mDEBUG[39m (20344): [36mGET /api/deliveries/me 200 37ms [user=b0000000-0000-0000-0000-000000000004 tenant=a0000000-0000-0000-0000-000000000001][39m
    [35mcontext[39m: "HTTP"
[19:17:47.139] [34mDEBUG[39m (20344): [36mGET /api/deliveries/me 200 13ms [user=b0000000-0000-0000-0000-000000000004 tenant=a0000000-0000-0000-0000-000000000001][39m
    [35mcontext[39m: "HTTP"
[90m[4mquery:[24m[39m [94mSELECT[0m [37m"VehicleOrmEntity"[0m[37m.[0m[37m"id"[0m [94mAS[0m [37m"VehicleOrmEntity_id"[0m[37m,[0m [37m"VehicleOrmEntity"[0m[37m.[0m[37m"tenant_id"[0m [94mAS[0m [37m"VehicleOrmEntity_tenant_id"[0m[37m,[0m [37m"VehicleOrmEntity"[0m[37m.[0m[37m"created_at"[0m [94mAS[0m [37m"VehicleOrmEntity_created_at"[0m[37m,[0m [37m"VehicleOrmEntity"[0m[37m.[0m[37m"updated_at"[0m [94mAS[0m [37m"VehicleOrmEntity_updated_at"[0m[37m,[0m [37m"VehicleOrmEntity"[0m[37m.[0m[37m"driver_id"[0m [94mAS[0m [37m"VehicleOrmEntity_driver_id"[0m[37m,[0m [37m"VehicleOrmEntity"[0m[37m.[0m[37m"vehicle_type"[0m [94mAS[0m [37m"VehicleOrmEntity_vehicle_type"[0m[37m,[0m [37m"VehicleOrmEntity"[0m[37m.[0m[37m"plate_number"[0m [94mAS[0m [37m"VehicleOrmEntity_plate_number"[0m[37m,[0m [37m"VehicleOrmEntity"[0m[37m.[0m[37m"capacity_kg"[0m [94mAS[0m [37m"VehicleOrmEntity_capacity_kg"[0m[37m,[0m [37m"VehicleOrmEntity"[0m[37m.[0m[37m"is_available"[0m [94mAS[0m [37m"VehicleOrmEntity_is_available"[0m[37m,[0m [37m"VehicleOrmEntity"[0m[37m.[0m[37m"current_latitude"[0m [94mAS[0m [37m"VehicleOrmEntity_current_latitude"[0m[37m,[0m [37m"VehicleOrmEntity"[0m[37m.[0m[37m"current_longitude"[0m [94mAS[0m [37m"VehicleOrmEntity_current_longitude"[0m[37m,[0m [37m"VehicleOrmEntity"[0m[37m.[0m[37m"version"[0m [94mAS[0m [37m"VehicleOrmEntity_version"[0m [94mFROM[0m [37m"vehicles"[0m [37m"VehicleOrmEntity"[0m [94mWHERE[0m [37m([0m[37m([0m[37m"VehicleOrmEntity"[0m[37m.[0m[37m"driver_id"[0m [37m=[0m [37m$[0m[32m1[0m[37m)[0m[37m)[0m [90m-- PARAMETERS: ["b0000000-0000-0000-0000-000000000004"][0m
[19:17:53.907] [34mDEBUG[39m (20344): [36mGET /api/fleet/vehicles/me 200 13ms [user=b0000000-0000-0000-0000-000000000004 tenant=a0000000-0000-0000-0000-000000000001][39m
    [35mcontext[39m: "HTTP"
[90m[4mquery:[24m[39m [94mSELECT[0m [37m"VehicleOrmEntity"[0m[37m.[0m[37m"id"[0m [94mAS[0m [37m"VehicleOrmEntity_id"[0m[37m,[0m [37m"VehicleOrmEntity"[0m[37m.[0m[37m"tenant_id"[0m [94mAS[0m [37m"VehicleOrmEntity_tenant_id"[0m[37m,[0m [37m"VehicleOrmEntity"[0m[37m.[0m[37m"created_at"[0m [94mAS[0m [37m"VehicleOrmEntity_created_at"[0m[37m,[0m [37m"VehicleOrmEntity"[0m[37m.[0m[37m"updated_at"[0m [94mAS[0m [37m"VehicleOrmEntity_updated_at"[0m[37m,[0m [37m"VehicleOrmEntity"[0m[37m.[0m[37m"driver_id"[0m [94mAS[0m [37m"VehicleOrmEntity_driver_id"[0m[37m,[0m [37m"VehicleOrmEntity"[0m[37m.[0m[37m"vehicle_type"[0m [94mAS[0m [37m"VehicleOrmEntity_vehicle_type"[0m[37m,[0m [37m"VehicleOrmEntity"[0m[37m.[0m[37m"plate_number"[0m [94mAS[0m [37m"VehicleOrmEntity_plate_number"[0m[37m,[0m [37m"VehicleOrmEntity"[0m[37m.[0m[37m"capacity_kg"[0m [94mAS[0m [37m"VehicleOrmEntity_capacity_kg"[0m[37m,[0m [37m"VehicleOrmEntity"[0m[37m.[0m[37m"is_available"[0m [94mAS[0m [37m"VehicleOrmEntity_is_available"[0m[37m,[0m [37m"VehicleOrmEntity"[0m[37m.[0m[37m"current_latitude"[0m [94mAS[0m [37m"VehicleOrmEntity_current_latitude"[0m[37m,[0m [37m"VehicleOrmEntity"[0m[37m.[0m[37m"current_longitude"[0m [94mAS[0m [37m"VehicleOrmEntity_current_longitude"[0m[37m,[0m [37m"VehicleOrmEntity"[0m[37m.[0m[37m"version"[0m [94mAS[0m [37m"VehicleOrmEntity_version"[0m [94mFROM[0m [37m"vehicles"[0m [37m"VehicleOrmEntity"[0m [94mWHERE[0m [37m([0m[37m([0m[37m"VehicleOrmEntity"[0m[37m.[0m[37m"driver_id"[0m [37m=[0m [37m$[0m[32m1[0m[37m)[0m[37m)[0m [90m-- PARAMETERS: ["b0000000-0000-0000-0000-000000000004"][0m
[19:17:53.931] [34mDEBUG[39m (20344): [36mGET /api/fleet/vehicles/me 200 19ms [user=b0000000-0000-0000-0000-000000000004 tenant=a0000000-0000-0000-0000-000000000001][39m
    [35mcontext[39m: "HTTP"
[90m[4mquery:[24m[39m [94mSELECT[0m [37m"d"[0m[37m.[0m[37m"id"[0m [94mAS[0m [37m"d_id"[0m[37m,[0m [37m"d"[0m[37m.[0m[37m"tenant_id"[0m [94mAS[0m [37m"d_tenant_id"[0m[37m,[0m [37m"d"[0m[37m.[0m[37m"created_at"[0m [94mAS[0m [37m"d_created_at"[0m[37m,[0m [37m"d"[0m[37m.[0m[37m"updated_at"[0m [94mAS[0m [37m"d_updated_at"[0m[37m,[0m [37m"d"[0m[37m.[0m[37m"order_id"[0m [94mAS[0m [37m"d_order_id"[0m[37m,[0m [37m"d"[0m[37m.[0m[37m"driver_id"[0m [94mAS[0m [37m"d_driver_id"[0m[37m,[0m [37m"d"[0m[37m.[0m[37m"vehicle_type"[0m [94mAS[0m [37m"d_vehicle_type"[0m[37m,[0m [37m"d"[0m[37m.[0m[37m"status"[0m [94mAS[0m [37m"d_status"[0m[37m,[0m [37m"d"[0m[37m.[0m[37m"pickup_address"[0m [94mAS[0m [37m"d_pickup_address"[0m[37m,[0m [37m"d"[0m[37m.[0m[37m"delivery_address"[0m [94mAS[0m [37m"d_delivery_address"[0m[37m,[0m [37m"d"[0m[37m.[0m[37m"pickup_latitude"[0m [94mAS[0m [37m"d_pickup_latitude"[0m[37m,[0m [37m"d"[0m[37m.[0m[37m"pickup_longitude"[0m [94mAS[0m [37m"d_pickup_longitude"[0m[37m,[0m [37m"d"[0m[37m.[0m[37m"delivery_latitude"[0m [94mAS[0m [37m"d_delivery_latitude"[0m[37m,[0m [37m"d"[0m[37m.[0m[37m"delivery_longitude"[0m [94mAS[0m [37m"d_delivery_longitude"[0m[37m,[0m [37m"d"[0m[37m.[0m[37m"distance_km"[0m [94mAS[0m [37m"d_distance_km"[0m[37m,[0m [37m"d"[0m[37m.[0m[37m"estimated_time_minutes"[0m [94mAS[0m [37m"d_estimated_time_minutes"[0m[37m,[0m [37m"d"[0m[37m.[0m[37m"driver_earnings"[0m [94mAS[0m [37m"d_driver_earnings"[0m[37m,[0m [37m"d"[0m[37m.[0m[37m"currency"[0m [94mAS[0m [37m"d_currency"[0m[37m,[0m [37m"d"[0m[37m.[0m[37m"version"[0m [94mAS[0m [37m"d_version"[0m [94mFROM[0m [37m"deliveries"[0m [37m"d"[0m [94mWHERE[0m [37m"d"[0m[37m.[0m[37m"tenant_id"[0m [37m=[0m [37m$[0m[32m1[0m [94mAND[0m [37m"d"[0m[37m.[0m[37m"driver_id"[0m [37m=[0m [37m$[0m[32m2[0m [94mORDER BY[0m [37m"d"[0m[37m.[0m[37m"created_at"[0m [94mDESC[0m [94mLIMIT[0m [32m20[0m [37mOFFSET[0m [32m0[0m [90m-- PARAMETERS: ["a0000000-0000-0000-0000-000000000001","b0000000-0000-0000-0000-000000000004"][0m
[19:17:59.732] [34mDEBUG[39m (20344): [36mGET /api/deliveries/me 200 5ms [user=b0000000-0000-0000-0000-000000000004 tenant=a0000000-0000-0000-0000-000000000001][39m
    [35mcontext[39m: "HTTP"
[90m[4mquery:[24m[39m [94mSELECT[0m [37m"d"[0m[37m.[0m[37m"id"[0m [94mAS[0m [37m"d_id"[0m[37m,[0m [37m"d"[0m[37m.[0m[37m"tenant_id"[0m [94mAS[0m [37m"d_tenant_id"[0m[37m,[0m [37m"d"[0m[37m.[0m[37m"created_at"[0m [94mAS[0m [37m"d_created_at"[0m[37m,[0m [37m"d"[0m[37m.[0m[37m"updated_at"[0m [94mAS[0m [37m"d_updated_at"[0m[37m,[0m [37m"d"[0m[37m.[0m[37m"order_id"[0m [94mAS[0m [37m"d_order_id"[0m[37m,[0m [37m"d"[0m[37m.[0m[37m"driver_id"[0m [94mAS[0m [37m"d_driver_id"[0m[37m,[0m [37m"d"[0m[37m.[0m[37m"vehicle_type"[0m [94mAS[0m [37m"d_vehicle_type"[0m[37m,[0m [37m"d"[0m[37m.[0m[37m"status"[0m [94mAS[0m [37m"d_status"[0m[37m,[0m [37m"d"[0m[37m.[0m[37m"pickup_address"[0m [94mAS[0m [37m"d_pickup_address"[0m[37m,[0m [37m"d"[0m[37m.[0m[37m"delivery_address"[0m [94mAS[0m [37m"d_delivery_address"[0m[37m,[0m [37m"d"[0m[37m.[0m[37m"pickup_latitude"[0m [94mAS[0m [37m"d_pickup_latitude"[0m[37m,[0m [37m"d"[0m[37m.[0m[37m"pickup_longitude"[0m [94mAS[0m [37m"d_pickup_longitude"[0m[37m,[0m [37m"d"[0m[37m.[0m[37m"delivery_latitude"[0m [94mAS[0m [37m"d_delivery_latitude"[0m[37m,[0m [37m"d"[0m[37m.[0m[37m"delivery_longitude"[0m [94mAS[0m [37m"d_delivery_longitude"[0m[37m,[0m [37m"d"[0m[37m.[0m[37m"distance_km"[0m [94mAS[0m [37m"d_distance_km"[0m[37m,[0m [37m"d"[0m[37m.[0m[37m"estimated_time_minutes"[0m [94mAS[0m [37m"d_estimated_time_minutes"[0m[37m,[0m [37m"d"[0m[37m.[0m[37m"driver_earnings"[0m [94mAS[0m [37m"d_driver_earnings"[0m[37m,[0m [37m"d"[0m[37m.[0m[37m"currency"[0m [94mAS[0m [37m"d_currency"[0m[37m,[0m [37m"d"[0m[37m.[0m[37m"version"[0m [94mAS[0m [37m"d_version"[0m [94mFROM[0m [37m"deliveries"[0m [37m"d"[0m [94mWHERE[0m [37m"d"[0m[37m.[0m[37m"tenant_id"[0m [37m=[0m [37m$[0m[32m1[0m [94mAND[0m [37m"d"[0m[37m.[0m[37m"driver_id"[0m [37m=[0m [37m$[0m[32m2[0m [94mORDER BY[0m [37m"d"[0m[37m.[0m[37m"created_at"[0m [94mDESC[0m [94mLIMIT[0m [32m20[0m [37mOFFSET[0m [32m0[0m [90m-- PARAMETERS: ["a0000000-0000-0000-0000-000000000001","b0000000-0000-0000-0000-000000000004"][0m
[19:17:59.750] [34mDEBUG[39m (20344): [36mGET /api/deliveries/me 200 12ms [user=b0000000-0000-0000-0000-000000000004 tenant=a0000000-0000-0000-0000-000000000001][39m
    [35mcontext[39m: "HTTP"
[90m[4mquery:[24m[39m [94mSELECT[0m [37m"d"[0m[37m.[0m[37m"id"[0m [94mAS[0m [37m"d_id"[0m[37m,[0m [37m"d"[0m[37m.[0m[37m"tenant_id"[0m [94mAS[0m [37m"d_tenant_id"[0m[37m,[0m [37m"d"[0m[37m.[0m[37m"created_at"[0m [94mAS[0m [37m"d_created_at"[0m[37m,[0m [37m"d"[0m[37m.[0m[37m"updated_at"[0m [94mAS[0m [37m"d_updated_at"[0m[37m,[0m [37m"d"[0m[37m.[0m[37m"order_id"[0m [94mAS[0m [37m"d_order_id"[0m[37m,[0m [37m"d"[0m[37m.[0m[37m"driver_id"[0m [94mAS[0m [37m"d_driver_id"[0m[37m,[0m [37m"d"[0m[37m.[0m[37m"vehicle_type"[0m [94mAS[0m [37m"d_vehicle_type"[0m[37m,[0m [37m"d"[0m[37m.[0m[37m"status"[0m [94mAS[0m [37m"d_status"[0m[37m,[0m [37m"d"[0m[37m.[0m[37m"pickup_address"[0m [94mAS[0m [37m"d_pickup_address"[0m[37m,[0m [37m"d"[0m[37m.[0m[37m"delivery_address"[0m [94mAS[0m [37m"d_delivery_address"[0m[37m,[0m [37m"d"[0m[37m.[0m[37m"pickup_latitude"[0m [94mAS[0m [37m"d_pickup_latitude"[0m[37m,[0m [37m"d"[0m[37m.[0m[37m"pickup_longitude"[0m [94mAS[0m [37m"d_pickup_longitude"[0m[37m,[0m [37m"d"[0m[37m.[0m[37m"delivery_latitude"[0m [94mAS[0m [37m"d_delivery_latitude"[0m[37m,[0m [37m"d"[0m[37m.[0m[37m"delivery_longitude"[0m [94mAS[0m [37m"d_delivery_longitude"[0m[37m,[0m [37m"d"[0m[37m.[0m[37m"distance_km"[0m [94mAS[0m [37m"d_distance_km"[0m[37m,[0m [37m"d"[0m[37m.[0m[37m"estimated_time_minutes"[0m [94mAS[0m [37m"d_estimated_time_minutes"[0m[37m,[0m [37m"d"[0m[37m.[0m[37m"driver_earnings"[0m [94mAS[0m [37m"d_driver_earnings"[0m[37m,[0m [37m"d"[0m[37m.[0m[37m"currency"[0m [94mAS[0m [37m"d_currency"[0m[37m,[0m [37m"d"[0m[37m.[0m[37m"version"[0m [94mAS[0m [37m"d_version"[0m [94mFROM[0m [37m"deliveries"[0m [37m"d"[0m [94mWHERE[0m [37m"d"[0m[37m.[0m[37m"tenant_id"[0m [37m=[0m [37m$[0m[32m1[0m [94mAND[0m [37m"d"[0m[37m.[0m[37m"driver_id"[0m [37m=[0m [37m$[0m[32m2[0m [94mORDER BY[0m [37m"d"[0m[37m.[0m[37m"created_at"[0m [94mDESC[0m [94mLIMIT[0m [32m20[0m [37mOFFSET[0m [32m0[0m [90m-- PARAMETERS: ["a0000000-0000-0000-0000-000000000001","b0000000-0000-0000-0000-000000000004"][0m
[19:18:02.219] [34mDEBUG[39m (20344): [36mGET /api/deliveries/me 200 4ms [user=b0000000-0000-0000-0000-000000000004 tenant=a0000000-0000-0000-0000-000000000001][39m
    [35mcontext[39m: "HTTP"
[90m[4mquery:[24m[39m [94mSELECT[0m [37m"d"[0m[37m.[0m[37m"id"[0m [94mAS[0m [37m"d_id"[0m[37m,[0m [37m"d"[0m[37m.[0m[37m"tenant_id"[0m [94mAS[0m [37m"d_tenant_id"[0m[37m,[0m [37m"d"[0m[37m.[0m[37m"created_at"[0m [94mAS[0m [37m"d_created_at"[0m[37m,[0m [37m"d"[0m[37m.[0m[37m"updated_at"[0m [94mAS[0m [37m"d_updated_at"[0m[37m,[0m [37m"d"[0m[37m.[0m[37m"order_id"[0m [94mAS[0m [37m"d_order_id"[0m[37m,[0m [37m"d"[0m[37m.[0m[37m"driver_id"[0m [94mAS[0m [37m"d_driver_id"[0m[37m,[0m [37m"d"[0m[37m.[0m[37m"vehicle_type"[0m [94mAS[0m [37m"d_vehicle_type"[0m[37m,[0m [37m"d"[0m[37m.[0m[37m"status"[0m [94mAS[0m [37m"d_status"[0m[37m,[0m [37m"d"[0m[37m.[0m[37m"pickup_address"[0m [94mAS[0m [37m"d_pickup_address"[0m[37m,[0m [37m"d"[0m[37m.[0m[37m"delivery_address"[0m [94mAS[0m [37m"d_delivery_address"[0m[37m,[0m [37m"d"[0m[37m.[0m[37m"pickup_latitude"[0m [94mAS[0m [37m"d_pickup_latitude"[0m[37m,[0m [37m"d"[0m[37m.[0m[37m"pickup_longitude"[0m [94mAS[0m [37m"d_pickup_longitude"[0m[37m,[0m [37m"d"[0m[37m.[0m[37m"delivery_latitude"[0m [94mAS[0m [37m"d_delivery_latitude"[0m[37m,[0m [37m"d"[0m[37m.[0m[37m"delivery_longitude"[0m [94mAS[0m [37m"d_delivery_longitude"[0m[37m,[0m [37m"d"[0m[37m.[0m[37m"distance_km"[0m [94mAS[0m [37m"d_distance_km"[0m[37m,[0m [37m"d"[0m[37m.[0m[37m"estimated_time_minutes"[0m [94mAS[0m [37m"d_estimated_time_minutes"[0m[37m,[0m [37m"d"[0m[37m.[0m[37m"driver_earnings"[0m [94mAS[0m [37m"d_driver_earnings"[0m[37m,[0m [37m"d"[0m[37m.[0m[37m"currency"[0m [94mAS[0m [37m"d_currency"[0m[37m,[0m [37m"d"[0m[37m.[0m[37m"version"[0m [94mAS[0m [37m"d_version"[0m [94mFROM[0m [37m"deliveries"[0m [37m"d"[0m [94mWHERE[0m [37m"d"[0m[37m.[0m[37m"tenant_id"[0m [37m=[0m [37m$[0m[32m1[0m [94mAND[0m [37m"d"[0m[37m.[0m[37m"driver_id"[0m [37m=[0m [37m$[0m[32m2[0m [94mORDER BY[0m [37m"d"[0m[37m.[0m[37m"created_at"[0m [94mDESC[0m [94mLIMIT[0m [32m20[0m [37mOFFSET[0m [32m0[0m [90m-- PARAMETERS: ["a0000000-0000-0000-0000-000000000001","b0000000-0000-0000-0000-000000000004"][0m
[19:18:02.242] [34mDEBUG[39m (20344): [36mGET /api/deliveries/me 200 16ms [user=b0000000-0000-0000-0000-000000000004 tenant=a0000000-0000-0000-0000-000000000001][39m
    [35mcontext[39m: "HTTP"
[90m[4mquery:[24m[39m [94mSELECT[0m [37m"d"[0m[37m.[0m[37m"id"[0m [94mAS[0m [37m"d_id"[0m[37m,[0m [37m"d"[0m[37m.[0m[37m"tenant_id"[0m [94mAS[0m [37m"d_tenant_id"[0m[37m,[0m [37m"d"[0m[37m.[0m[37m"created_at"[0m [94mAS[0m [37m"d_created_at"[0m[37m,[0m [37m"d"[0m[37m.[0m[37m"updated_at"[0m [94mAS[0m [37m"d_updated_at"[0m[37m,[0m [37m"d"[0m[37m.[0m[37m"order_id"[0m [94mAS[0m [37m"d_order_id"[0m[37m,[0m [37m"d"[0m[37m.[0m[37m"driver_id"[0m [94mAS[0m [37m"d_driver_id"[0m[37m,[0m [37m"d"[0m[37m.[0m[37m"vehicle_type"[0m [94mAS[0m [37m"d_vehicle_type"[0m[37m,[0m [37m"d"[0m[37m.[0m[37m"status"[0m [94mAS[0m [37m"d_status"[0m[37m,[0m [37m"d"[0m[37m.[0m[37m"pickup_address"[0m [94mAS[0m [37m"d_pickup_address"[0m[37m,[0m [37m"d"[0m[37m.[0m[37m"delivery_address"[0m [94mAS[0m [37m"d_delivery_address"[0m[37m,[0m [37m"d"[0m[37m.[0m[37m"pickup_latitude"[0m [94mAS[0m [37m"d_pickup_latitude"[0m[37m,[0m [37m"d"[0m[37m.[0m[37m"pickup_longitude"[0m [94mAS[0m [37m"d_pickup_longitude"[0m[37m,[0m [37m"d"[0m[37m.[0m[37m"delivery_latitude"[0m [94mAS[0m [37m"d_delivery_latitude"[0m[37m,[0m [37m"d"[0m[37m.[0m[37m"delivery_longitude"[0m [94mAS[0m [37m"d_delivery_longitude"[0m[37m,[0m [37m"d"[0m[37m.[0m[37m"distance_km"[0m [94mAS[0m [37m"d_distance_km"[0m[37m,[0m [37m"d"[0m[37m.[0m[37m"estimated_time_minutes"[0m [94mAS[0m [37m"d_estimated_time_minutes"[0m[37m,[0m [37m"d"[0m[37m.[0m[37m"driver_earnings"[0m [94mAS[0m [37m"d_driver_earnings"[0m[37m,[0m [37m"d"[0m[37m.[0m[37m"currency"[0m [94mAS[0m [37m"d_currency"[0m[37m,[0m [37m"d"[0m[37m.[0m[37m"version"[0m [94mAS[0m [37m"d_version"[0m [94mFROM[0m [37m"deliveries"[0m [37m"d"[0m [94mWHERE[0m [37m"d"[0m[37m.[0m[37m"tenant_id"[0m [37m=[0m [37m$[0m[32m1[0m [94mAND[0m [37m"d"[0m[37m.[0m[37m"driver_id"[0m [37m=[0m [37m$[0m[32m2[0m [94mORDER BY[0m [37m"d"[0m[37m.[0m[37m"created_at"[0m [94mDESC[0m [94mLIMIT[0m [32m20[0m [37mOFFSET[0m [32m0[0m [90m-- PARAMETERS: ["a0000000-0000-0000-0000-000000000001","b0000000-0000-0000-0000-000000000004"][0m
[19:18:03.772] [34mDEBUG[39m (20344): [36mGET /api/deliveries/me 200 5ms [user=b0000000-0000-0000-0000-000000000004 tenant=a0000000-0000-0000-0000-000000000001][39m
    [35mcontext[39m: "HTTP"
[90m[4mquery:[24m[39m [94mSELECT[0m [37m"d"[0m[37m.[0m[37m"id"[0m [94mAS[0m [37m"d_id"[0m[37m,[0m [37m"d"[0m[37m.[0m[37m"tenant_id"[0m [94mAS[0m [37m"d_tenant_id"[0m[37m,[0m [37m"d"[0m[37m.[0m[37m"created_at"[0m [94mAS[0m [37m"d_created_at"[0m[37m,[0m [37m"d"[0m[37m.[0m[37m"updated_at"[0m [94mAS[0m [37m"d_updated_at"[0m[37m,[0m [37m"d"[0m[37m.[0m[37m"order_id"[0m [94mAS[0m [37m"d_order_id"[0m[37m,[0m [37m"d"[0m[37m.[0m[37m"driver_id"[0m [94mAS[0m [37m"d_driver_id"[0m[37m,[0m [37m"d"[0m[37m.[0m[37m"vehicle_type"[0m [94mAS[0m [37m"d_vehicle_type"[0m[37m,[0m [37m"d"[0m[37m.[0m[37m"status"[0m [94mAS[0m [37m"d_status"[0m[37m,[0m [37m"d"[0m[37m.[0m[37m"pickup_address"[0m [94mAS[0m [37m"d_pickup_address"[0m[37m,[0m [37m"d"[0m[37m.[0m[37m"delivery_address"[0m [94mAS[0m [37m"d_delivery_address"[0m[37m,[0m [37m"d"[0m[37m.[0m[37m"pickup_latitude"[0m [94mAS[0m [37m"d_pickup_latitude"[0m[37m,[0m [37m"d"[0m[37m.[0m[37m"pickup_longitude"[0m [94mAS[0m [37m"d_pickup_longitude"[0m[37m,[0m [37m"d"[0m[37m.[0m[37m"delivery_latitude"[0m [94mAS[0m [37m"d_delivery_latitude"[0m[37m,[0m [37m"d"[0m[37m.[0m[37m"delivery_longitude"[0m [94mAS[0m [37m"d_delivery_longitude"[0m[37m,[0m [37m"d"[0m[37m.[0m[37m"distance_km"[0m [94mAS[0m [37m"d_distance_km"[0m[37m,[0m [37m"d"[0m[37m.[0m[37m"estimated_time_minutes"[0m [94mAS[0m [37m"d_estimated_time_minutes"[0m[37m,[0m [37m"d"[0m[37m.[0m[37m"driver_earnings"[0m [94mAS[0m [37m"d_driver_earnings"[0m[37m,[0m [37m"d"[0m[37m.[0m[37m"currency"[0m [94mAS[0m [37m"d_currency"[0m[37m,[0m [37m"d"[0m[37m.[0m[37m"version"[0m [94mAS[0m [37m"d_version"[0m [94mFROM[0m [37m"deliveries"[0m [37m"d"[0m [94mWHERE[0m [37m"d"[0m[37m.[0m[37m"tenant_id"[0m [37m=[0m [37m$[0m[32m1[0m [94mAND[0m [37m"d"[0m[37m.[0m[37m"driver_id"[0m [37m=[0m [37m$[0m[32m2[0m [94mORDER BY[0m [37m"d"[0m[37m.[0m[37m"created_at"[0m [94mDESC[0m [94mLIMIT[0m [32m20[0m [37mOFFSET[0m [32m0[0m [90m-- PARAMETERS: ["a0000000-0000-0000-0000-000000000001","b0000000-0000-0000-0000-000000000004"][0m
[19:18:03.782] [34mDEBUG[39m (20344): [36mGET /api/deliveries/me 200 4ms [user=b0000000-0000-0000-0000-000000000004 tenant=a0000000-0000-0000-0000-000000000001][39m
    [35mcontext[39m: "HTTP"
[90m[4mquery:[24m[39m [94mSELECT[0m [37m"d"[0m[37m.[0m[37m"id"[0m [94mAS[0m [37m"d_id"[0m[37m,[0m [37m"d"[0m[37m.[0m[37m"tenant_id"[0m [94mAS[0m [37m"d_tenant_id"[0m[37m,[0m [37m"d"[0m[37m.[0m[37m"created_at"[0m [94mAS[0m [37m"d_created_at"[0m[37m,[0m [37m"d"[0m[37m.[0m[37m"updated_at"[0m [94mAS[0m [37m"d_updated_at"[0m[37m,[0m [37m"d"[0m[37m.[0m[37m"order_id"[0m [94mAS[0m [37m"d_order_id"[0m[37m,[0m [37m"d"[0m[37m.[0m[37m"driver_id"[0m [94mAS[0m [37m"d_driver_id"[0m[37m,[0m [37m"d"[0m[37m.[0m[37m"vehicle_type"[0m [94mAS[0m [37m"d_vehicle_type"[0m[37m,[0m [37m"d"[0m[37m.[0m[37m"status"[0m [94mAS[0m [37m"d_status"[0m[37m,[0m [37m"d"[0m[37m.[0m[37m"pickup_address"[0m [94mAS[0m [37m"d_pickup_address"[0m[37m,[0m [37m"d"[0m[37m.[0m[37m"delivery_address"[0m [94mAS[0m [37m"d_delivery_address"[0m[37m,[0m [37m"d"[0m[37m.[0m[37m"pickup_latitude"[0m [94mAS[0m [37m"d_pickup_latitude"[0m[37m,[0m [37m"d"[0m[37m.[0m[37m"pickup_longitude"[0m [94mAS[0m [37m"d_pickup_longitude"[0m[37m,[0m [37m"d"[0m[37m.[0m[37m"delivery_latitude"[0m [94mAS[0m [37m"d_delivery_latitude"[0m[37m,[0m [37m"d"[0m[37m.[0m[37m"delivery_longitude"[0m [94mAS[0m [37m"d_delivery_longitude"[0m[37m,[0m [37m"d"[0m[37m.[0m[37m"distance_km"[0m [94mAS[0m [37m"d_distance_km"[0m[37m,[0m [37m"d"[0m[37m.[0m[37m"estimated_time_minutes"[0m [94mAS[0m [37m"d_estimated_time_minutes"[0m[37m,[0m [37m"d"[0m[37m.[0m[37m"driver_earnings"[0m [94mAS[0m [37m"d_driver_earnings"[0m[37m,[0m [37m"d"[0m[37m.[0m[37m"currency"[0m [94mAS[0m [37m"d_currency"[0m[37m,[0m [37m"d"[0m[37m.[0m[37m"version"[0m [94mAS[0m [37m"d_version"[0m [94mFROM[0m [37m"deliveries"[0m [37m"d"[0m [94mWHERE[0m [37m"d"[0m[37m.[0m[37m"tenant_id"[0m [37m=[0m [37m$[0m[32m1[0m [94mAND[0m [37m"d"[0m[37m.[0m[37m"driver_id"[0m [37m=[0m [37m$[0m[32m2[0m [94mORDER BY[0m [37m"d"[0m[37m.[0m[37m"created_at"[0m [94mDESC[0m [94mLIMIT[0m [32m20[0m [37mOFFSET[0m [32m0[0m [90m-- PARAMETERS: ["a0000000-0000-0000-0000-000000000001","b0000000-0000-0000-0000-000000000004"][0m
[19:18:13.586] [34mDEBUG[39m (20344): [36mGET /api/deliveries/me 200 7ms [user=b0000000-0000-0000-0000-000000000004 tenant=a0000000-0000-0000-0000-000000000001][39m
    [35mcontext[39m: "HTTP"
[90m[4mquery:[24m[39m [94mSELECT[0m [37m"d"[0m[37m.[0m[37m"id"[0m [94mAS[0m [37m"d_id"[0m[37m,[0m [37m"d"[0m[37m.[0m[37m"tenant_id"[0m [94mAS[0m [37m"d_tenant_id"[0m[37m,[0m [37m"d"[0m[37m.[0m[37m"created_at"[0m [94mAS[0m [37m"d_created_at"[0m[37m,[0m [37m"d"[0m[37m.[0m[37m"updated_at"[0m [94mAS[0m [37m"d_updated_at"[0m[37m,[0m [37m"d"[0m[37m.[0m[37m"order_id"[0m [94mAS[0m [37m"d_order_id"[0m[37m,[0m [37m"d"[0m[37m.[0m[37m"driver_id"[0m [94mAS[0m [37m"d_driver_id"[0m[37m,[0m [37m"d"[0m[37m.[0m[37m"vehicle_type"[0m [94mAS[0m [37m"d_vehicle_type"[0m[37m,[0m [37m"d"[0m[37m.[0m[37m"status"[0m [94mAS[0m [37m"d_status"[0m[37m,[0m [37m"d"[0m[37m.[0m[37m"pickup_address"[0m [94mAS[0m [37m"d_pickup_address"[0m[37m,[0m [37m"d"[0m[37m.[0m[37m"delivery_address"[0m [94mAS[0m [37m"d_delivery_address"[0m[37m,[0m [37m"d"[0m[37m.[0m[37m"pickup_latitude"[0m [94mAS[0m [37m"d_pickup_latitude"[0m[37m,[0m [37m"d"[0m[37m.[0m[37m"pickup_longitude"[0m [94mAS[0m [37m"d_pickup_longitude"[0m[37m,[0m [37m"d"[0m[37m.[0m[37m"delivery_latitude"[0m [94mAS[0m [37m"d_delivery_latitude"[0m[37m,[0m [37m"d"[0m[37m.[0m[37m"delivery_longitude"[0m [94mAS[0m [37m"d_delivery_longitude"[0m[37m,[0m [37m"d"[0m[37m.[0m[37m"distance_km"[0m [94mAS[0m [37m"d_distance_km"[0m[37m,[0m [37m"d"[0m[37m.[0m[37m"estimated_time_minutes"[0m [94mAS[0m [37m"d_estimated_time_minutes"[0m[37m,[0m [37m"d"[0m[37m.[0m[37m"driver_earnings"[0m [94mAS[0m [37m"d_driver_earnings"[0m[37m,[0m [37m"d"[0m[37m.[0m[37m"currency"[0m [94mAS[0m [37m"d_currency"[0m[37m,[0m [37m"d"[0m[37m.[0m[37m"version"[0m [94mAS[0m [37m"d_version"[0m [94mFROM[0m [37m"deliveries"[0m [37m"d"[0m [94mWHERE[0m [37m"d"[0m[37m.[0m[37m"tenant_id"[0m [37m=[0m [37m$[0m[32m1[0m [94mAND[0m [37m"d"[0m[37m.[0m[37m"driver_id"[0m [37m=[0m [37m$[0m[32m2[0m [94mORDER BY[0m [37m"d"[0m[37m.[0m[37m"created_at"[0m [94mDESC[0m [94mLIMIT[0m [32m20[0m [37mOFFSET[0m [32m0[0m [90m-- PARAMETERS: ["a0000000-0000-0000-0000-000000000001","b0000000-0000-0000-0000-000000000004"][0m
[19:18:13.595] [34mDEBUG[39m (20344): [36mGET /api/deliveries/me 200 3ms [user=b0000000-0000-0000-0000-000000000004 tenant=a0000000-0000-0000-0000-000000000001][39m
    [35mcontext[39m: "HTTP"
[90m[4mquery:[24m[39m [94mSELECT[0m [37m"d"[0m[37m.[0m[37m"id"[0m [94mAS[0m [37m"d_id"[0m[37m,[0m [37m"d"[0m[37m.[0m[37m"tenant_id"[0m [94mAS[0m [37m"d_tenant_id"[0m[37m,[0m [37m"d"[0m[37m.[0m[37m"created_at"[0m [94mAS[0m [37m"d_created_at"[0m[37m,[0m [37m"d"[0m[37m.[0m[37m"updated_at"[0m [94mAS[0m [37m"d_updated_at"[0m[37m,[0m [37m"d"[0m[37m.[0m[37m"order_id"[0m [94mAS[0m [37m"d_order_id"[0m[37m,[0m [37m"d"[0m[37m.[0m[37m"driver_id"[0m [94mAS[0m [37m"d_driver_id"[0m[37m,[0m [37m"d"[0m[37m.[0m[37m"vehicle_type"[0m [94mAS[0m [37m"d_vehicle_type"[0m[37m,[0m [37m"d"[0m[37m.[0m[37m"status"[0m [94mAS[0m [37m"d_status"[0m[37m,[0m [37m"d"[0m[37m.[0m[37m"pickup_address"[0m [94mAS[0m [37m"d_pickup_address"[0m[37m,[0m [37m"d"[0m[37m.[0m[37m"delivery_address"[0m [94mAS[0m [37m"d_delivery_address"[0m[37m,[0m [37m"d"[0m[37m.[0m[37m"pickup_latitude"[0m [94mAS[0m [37m"d_pickup_latitude"[0m[37m,[0m [37m"d"[0m[37m.[0m[37m"pickup_longitude"[0m [94mAS[0m [37m"d_pickup_longitude"[0m[37m,[0m [37m"d"[0m[37m.[0m[37m"delivery_latitude"[0m [94mAS[0m [37m"d_delivery_latitude"[0m[37m,[0m [37m"d"[0m[37m.[0m[37m"delivery_longitude"[0m [94mAS[0m [37m"d_delivery_longitude"[0m[37m,[0m [37m"d"[0m[37m.[0m[37m"distance_km"[0m [94mAS[0m [37m"d_distance_km"[0m[37m,[0m [37m"d"[0m[37m.[0m[37m"estimated_time_minutes"[0m [94mAS[0m [37m"d_estimated_time_minutes"[0m[37m,[0m [37m"d"[0m[37m.[0m[37m"driver_earnings"[0m [94mAS[0m [37m"d_driver_earnings"[0m[37m,[0m [37m"d"[0m[37m.[0m[37m"currency"[0m [94mAS[0m [37m"d_currency"[0m[37m,[0m [37m"d"[0m[37m.[0m[37m"version"[0m [94mAS[0m [37m"d_version"[0m [94mFROM[0m [37m"deliveries"[0m [37m"d"[0m [94mWHERE[0m [37m"d"[0m[37m.[0m[37m"tenant_id"[0m [37m=[0m [37m$[0m[32m1[0m [94mAND[0m [37m"d"[0m[37m.[0m[37m"driver_id"[0m [37m=[0m [37m$[0m[32m2[0m [94mORDER BY[0m [37m"d"[0m[37m.[0m[37m"created_at"[0m [94mDESC[0m [94mLIMIT[0m [32m20[0m [37mOFFSET[0m [32m0[0m [90m-- PARAMETERS: ["a0000000-0000-0000-0000-000000000001","b0000000-0000-0000-0000-000000000004"][0m
[19:18:17.599] [34mDEBUG[39m (20344): [36mGET /api/deliveries/me 200 11ms [user=b0000000-0000-0000-0000-000000000004 tenant=a0000000-0000-0000-0000-000000000001][39m
    [35mcontext[39m: "HTTP"
[90m[4mquery:[24m[39m [94mSELECT[0m [37m"d"[0m[37m.[0m[37m"id"[0m [94mAS[0m [37m"d_id"[0m[37m,[0m [37m"d"[0m[37m.[0m[37m"tenant_id"[0m [94mAS[0m [37m"d_tenant_id"[0m[37m,[0m [37m"d"[0m[37m.[0m[37m"created_at"[0m [94mAS[0m [37m"d_created_at"[0m[37m,[0m [37m"d"[0m[37m.[0m[37m"updated_at"[0m [94mAS[0m [37m"d_updated_at"[0m[37m,[0m [37m"d"[0m[37m.[0m[37m"order_id"[0m [94mAS[0m [37m"d_order_id"[0m[37m,[0m [37m"d"[0m[37m.[0m[37m"driver_id"[0m [94mAS[0m [37m"d_driver_id"[0m[37m,[0m [37m"d"[0m[37m.[0m[37m"vehicle_type"[0m [94mAS[0m [37m"d_vehicle_type"[0m[37m,[0m [37m"d"[0m[37m.[0m[37m"status"[0m [94mAS[0m [37m"d_status"[0m[37m,[0m [37m"d"[0m[37m.[0m[37m"pickup_address"[0m [94mAS[0m [37m"d_pickup_address"[0m[37m,[0m [37m"d"[0m[37m.[0m[37m"delivery_address"[0m [94mAS[0m [37m"d_delivery_address"[0m[37m,[0m [37m"d"[0m[37m.[0m[37m"pickup_latitude"[0m [94mAS[0m [37m"d_pickup_latitude"[0m[37m,[0m [37m"d"[0m[37m.[0m[37m"pickup_longitude"[0m [94mAS[0m [37m"d_pickup_longitude"[0m[37m,[0m [37m"d"[0m[37m.[0m[37m"delivery_latitude"[0m [94mAS[0m [37m"d_delivery_latitude"[0m[37m,[0m [37m"d"[0m[37m.[0m[37m"delivery_longitude"[0m [94mAS[0m [37m"d_delivery_longitude"[0m[37m,[0m [37m"d"[0m[37m.[0m[37m"distance_km"[0m [94mAS[0m [37m"d_distance_km"[0m[37m,[0m [37m"d"[0m[37m.[0m[37m"estimated_time_minutes"[0m [94mAS[0m [37m"d_estimated_time_minutes"[0m[37m,[0m [37m"d"[0m[37m.[0m[37m"driver_earnings"[0m [94mAS[0m [37m"d_driver_earnings"[0m[37m,[0m [37m"d"[0m[37m.[0m[37m"currency"[0m [94mAS[0m [37m"d_currency"[0m[37m,[0m [37m"d"[0m[37m.[0m[37m"version"[0m [94mAS[0m [37m"d_version"[0m [94mFROM[0m [37m"deliveries"[0m [37m"d"[0m [94mWHERE[0m [37m"d"[0m[37m.[0m[37m"tenant_id"[0m [37m=[0m [37m$[0m[32m1[0m [94mAND[0m [37m"d"[0m[37m.[0m[37m"driver_id"[0m [37m=[0m [37m$[0m[32m2[0m [94mORDER BY[0m [37m"d"[0m[37m.[0m[37m"created_at"[0m [94mDESC[0m [94mLIMIT[0m [32m20[0m [37mOFFSET[0m [32m0[0m [90m-- PARAMETERS: ["a0000000-0000-0000-0000-000000000001","b0000000-0000-0000-0000-000000000004"][0m
[19:18:17.610] [34mDEBUG[39m (20344): [36mGET /api/deliveries/me 200 3ms [user=b0000000-0000-0000-0000-000000000004 tenant=a0000000-0000-0000-0000-000000000001][39m
    [35mcontext[39m: "HTTP"
[90m[4mquery:[24m[39m [94mSELECT[0m [37m"d"[0m[37m.[0m[37m"id"[0m [94mAS[0m [37m"d_id"[0m[37m,[0m [37m"d"[0m[37m.[0m[37m"tenant_id"[0m [94mAS[0m [37m"d_tenant_id"[0m[37m,[0m [37m"d"[0m[37m.[0m[37m"created_at"[0m [94mAS[0m [37m"d_created_at"[0m[37m,[0m [37m"d"[0m[37m.[0m[37m"updated_at"[0m [94mAS[0m [37m"d_updated_at"[0m[37m,[0m [37m"d"[0m[37m.[0m[37m"order_id"[0m [94mAS[0m [37m"d_order_id"[0m[37m,[0m [37m"d"[0m[37m.[0m[37m"driver_id"[0m [94mAS[0m [37m"d_driver_id"[0m[37m,[0m [37m"d"[0m[37m.[0m[37m"vehicle_type"[0m [94mAS[0m [37m"d_vehicle_type"[0m[37m,[0m [37m"d"[0m[37m.[0m[37m"status"[0m [94mAS[0m [37m"d_status"[0m[37m,[0m [37m"d"[0m[37m.[0m[37m"pickup_address"[0m [94mAS[0m [37m"d_pickup_address"[0m[37m,[0m [37m"d"[0m[37m.[0m[37m"delivery_address"[0m [94mAS[0m [37m"d_delivery_address"[0m[37m,[0m [37m"d"[0m[37m.[0m[37m"pickup_latitude"[0m [94mAS[0m [37m"d_pickup_latitude"[0m[37m,[0m [37m"d"[0m[37m.[0m[37m"pickup_longitude"[0m [94mAS[0m [37m"d_pickup_longitude"[0m[37m,[0m [37m"d"[0m[37m.[0m[37m"delivery_latitude"[0m [94mAS[0m [37m"d_delivery_latitude"[0m[37m,[0m [37m"d"[0m[37m.[0m[37m"delivery_longitude"[0m [94mAS[0m [37m"d_delivery_longitude"[0m[37m,[0m [37m"d"[0m[37m.[0m[37m"distance_km"[0m [94mAS[0m [37m"d_distance_km"[0m[37m,[0m [37m"d"[0m[37m.[0m[37m"estimated_time_minutes"[0m [94mAS[0m [37m"d_estimated_time_minutes"[0m[37m,[0m [37m"d"[0m[37m.[0m[37m"driver_earnings"[0m [94mAS[0m [37m"d_driver_earnings"[0m[37m,[0m [37m"d"[0m[37m.[0m[37m"currency"[0m [94mAS[0m [37m"d_currency"[0m[37m,[0m [37m"d"[0m[37m.[0m[37m"version"[0m [94mAS[0m [37m"d_version"[0m [94mFROM[0m [37m"deliveries"[0m [37m"d"[0m [94mWHERE[0m [37m"d"[0m[37m.[0m[37m"tenant_id"[0m [37m=[0m [37m$[0m[32m1[0m [94mAND[0m [37m"d"[0m[37m.[0m[37m"driver_id"[0m [37m=[0m [37m$[0m[32m2[0m [94mORDER BY[0m [37m"d"[0m[37m.[0m[37m"created_at"[0m [94mDESC[0m [94mLIMIT[0m [32m20[0m [37mOFFSET[0m [32m0[0m [90m-- PARAMETERS: ["a0000000-0000-0000-0000-000000000001","b0000000-0000-0000-0000-000000000004"][0m
[19:18:19.187] [34mDEBUG[39m (20344): [36mGET /api/deliveries/me 200 9ms [user=b0000000-0000-0000-0000-000000000004 tenant=a0000000-0000-0000-0000-000000000001][39m
    [35mcontext[39m: "HTTP"
[90m[4mquery:[24m[39m [94mSELECT[0m [37m"d"[0m[37m.[0m[37m"id"[0m [94mAS[0m [37m"d_id"[0m[37m,[0m [37m"d"[0m[37m.[0m[37m"tenant_id"[0m [94mAS[0m [37m"d_tenant_id"[0m[37m,[0m [37m"d"[0m[37m.[0m[37m"created_at"[0m [94mAS[0m [37m"d_created_at"[0m[37m,[0m [37m"d"[0m[37m.[0m[37m"updated_at"[0m [94mAS[0m [37m"d_updated_at"[0m[37m,[0m [37m"d"[0m[37m.[0m[37m"order_id"[0m [94mAS[0m [37m"d_order_id"[0m[37m,[0m [37m"d"[0m[37m.[0m[37m"driver_id"[0m [94mAS[0m [37m"d_driver_id"[0m[37m,[0m [37m"d"[0m[37m.[0m[37m"vehicle_type"[0m [94mAS[0m [37m"d_vehicle_type"[0m[37m,[0m [37m"d"[0m[37m.[0m[37m"status"[0m [94mAS[0m [37m"d_status"[0m[37m,[0m [37m"d"[0m[37m.[0m[37m"pickup_address"[0m [94mAS[0m [37m"d_pickup_address"[0m[37m,[0m [37m"d"[0m[37m.[0m[37m"delivery_address"[0m [94mAS[0m [37m"d_delivery_address"[0m[37m,[0m [37m"d"[0m[37m.[0m[37m"pickup_latitude"[0m [94mAS[0m [37m"d_pickup_latitude"[0m[37m,[0m [37m"d"[0m[37m.[0m[37m"pickup_longitude"[0m [94mAS[0m [37m"d_pickup_longitude"[0m[37m,[0m [37m"d"[0m[37m.[0m[37m"delivery_latitude"[0m [94mAS[0m [37m"d_delivery_latitude"[0m[37m,[0m [37m"d"[0m[37m.[0m[37m"delivery_longitude"[0m [94mAS[0m [37m"d_delivery_longitude"[0m[37m,[0m [37m"d"[0m[37m.[0m[37m"distance_km"[0m [94mAS[0m [37m"d_distance_km"[0m[37m,[0m [37m"d"[0m[37m.[0m[37m"estimated_time_minutes"[0m [94mAS[0m [37m"d_estimated_time_minutes"[0m[37m,[0m [37m"d"[0m[37m.[0m[37m"driver_earnings"[0m [94mAS[0m [37m"d_driver_earnings"[0m[37m,[0m [37m"d"[0m[37m.[0m[37m"currency"[0m [94mAS[0m [37m"d_currency"[0m[37m,[0m [37m"d"[0m[37m.[0m[37m"version"[0m [94mAS[0m [37m"d_version"[0m [94mFROM[0m [37m"deliveries"[0m [37m"d"[0m [94mWHERE[0m [37m"d"[0m[37m.[0m[37m"tenant_id"[0m [37m=[0m [37m$[0m[32m1[0m [94mAND[0m [37m"d"[0m[37m.[0m[37m"driver_id"[0m [37m=[0m [37m$[0m[32m2[0m [94mORDER BY[0m [37m"d"[0m[37m.[0m[37m"created_at"[0m [94mDESC[0m [94mLIMIT[0m [32m20[0m [37mOFFSET[0m [32m0[0m [90m-- PARAMETERS: ["a0000000-0000-0000-0000-000000000001","b0000000-0000-0000-0000-000000000004"][0m
[19:18:19.197] [34mDEBUG[39m (20344): [36mGET /api/deliveries/me 200 2ms [user=b0000000-0000-0000-0000-000000000004 tenant=a0000000-0000-0000-0000-000000000001][39m
    [35mcontext[39m: "HTTP"
[90m[4mquery:[24m[39m [94mSELECT[0m [37m"UserOrmEntity"[0m[37m.[0m[37m"id"[0m [94mAS[0m [37m"UserOrmEntity_id"[0m[37m,[0m [37m"UserOrmEntity"[0m[37m.[0m[37m"created_at"[0m [94mAS[0m [37m"UserOrmEntity_created_at"[0m[37m,[0m [37m"UserOrmEntity"[0m[37m.[0m[37m"updated_at"[0m [94mAS[0m [37m"UserOrmEntity_updated_at"[0m[37m,[0m [37m"UserOrmEntity"[0m[37m.[0m[37m"tenant_id"[0m [94mAS[0m [37m"UserOrmEntity_tenant_id"[0m[37m,[0m [37m"UserOrmEntity"[0m[37m.[0m[37m"phone_number"[0m [94mAS[0m [37m"UserOrmEntity_phone_number"[0m[37m,[0m [37m"UserOrmEntity"[0m[37m.[0m[37m"full_name"[0m [94mAS[0m [37m"UserOrmEntity_full_name"[0m[37m,[0m [37m"UserOrmEntity"[0m[37m.[0m[37m"role"[0m [94mAS[0m [37m"UserOrmEntity_role"[0m[37m,[0m [37m"UserOrmEntity"[0m[37m.[0m[37m"password_hash"[0m [94mAS[0m [37m"UserOrmEntity_password_hash"[0m[37m,[0m [37m"UserOrmEntity"[0m[37m.[0m[37m"email"[0m [94mAS[0m [37m"UserOrmEntity_email"[0m[37m,[0m [37m"UserOrmEntity"[0m[37m.[0m[37m"status"[0m [94mAS[0m [37m"UserOrmEntity_status"[0m[37m,[0m [37m"UserOrmEntity"[0m[37m.[0m[37m"version"[0m [94mAS[0m [37m"UserOrmEntity_version"[0m [94mFROM[0m [37m"users"[0m [37m"UserOrmEntity"[0m [94mWHERE[0m [37m([0m[37m([0m[37m"UserOrmEntity"[0m[37m.[0m[37m"phone_number"[0m [37m=[0m [37m$[0m[32m1[0m[37m)[0m[37m)[0m [94mLIMIT[0m [32m1[0m [90m-- PARAMETERS: ["+250788100001"][0m
[19:18:36.205] [34mDEBUG[39m (20344): [36mPOST /api/auth/login 201 152ms [user=anonymous tenant=-][39m
    [35mcontext[39m: "HTTP"
[90m[4mquery:[24m[39m [94mSELECT[0m [95mCOUNT[0m[37m([0m[32m1[0m[37m)[0m [94mAS[0m [37m"cnt"[0m [94mFROM[0m [37m"vendors"[0m [37m"VendorOrmEntity"[0m [94mWHERE[0m [37m([0m[37m([0m[37m"VendorOrmEntity"[0m[37m.[0m[37m"tenant_id"[0m [37m=[0m [37m$[0m[32m1[0m[37m)[0m[37m)[0m [90m-- PARAMETERS: ["a0000000-0000-0000-0000-000000000001"][0m
[90m[4mquery:[24m[39m [94mSELECT[0m [95mCOUNT[0m[37m([0m[32m1[0m[37m)[0m [94mAS[0m [37m"cnt"[0m [94mFROM[0m [37m"vendors"[0m [37m"VendorOrmEntity"[0m [94mWHERE[0m [37m([0m[37m([0m[37m"VendorOrmEntity"[0m[37m.[0m[37m"tenant_id"[0m [37m=[0m [37m$[0m[32m1[0m[37m)[0m [94mAND[0m [37m([0m[37m"VendorOrmEntity"[0m[37m.[0m[37m"status"[0m [37m=[0m [37m$[0m[32m2[0m[37m)[0m[37m)[0m [90m-- PARAMETERS: ["a0000000-0000-0000-0000-000000000001","PENDING"][0m
[90m[4mquery:[24m[39m [94mSELECT[0m [95mCOUNT[0m[37m([0m[32m1[0m[37m)[0m [94mAS[0m [37m"cnt"[0m [94mFROM[0m [37m"orders"[0m [37m"o"[0m [94mWHERE[0m [37m"o"[0m[37m.[0m[37m"tenant_id"[0m [37m=[0m [37m$[0m[32m1[0m [94mAND[0m [37m"o"[0m[37m.[0m[37m"status"[0m [94mNOT[0m [94mIN[0m [37m([0m[37m$[0m[32m2[0m[37m,[0m [37m$[0m[32m3[0m[37m,[0m [37m$[0m[32m4[0m[37m)[0m [90m-- PARAMETERS: ["a0000000-0000-0000-0000-000000000001","DELIVERED","CANCELLED","REFUNDED"][0m
[90m[4mquery:[24m[39m [94mSELECT[0m [95mSUM[0m[37m([0m[37m"p"[0m[37m.[0m[37m"amount"[0m[37m)[0m [94mAS[0m [37m"total"[0m[37m,[0m [95mCOUNT[0m[37m([0m[37m"p"[0m[37m.[0m[37m"id"[0m[37m)[0m [94mAS[0m [37m"count"[0m [94mFROM[0m [37m"payments"[0m [37m"p"[0m [94mWHERE[0m [37m"p"[0m[37m.[0m[37m"tenant_id"[0m [37m=[0m [37m$[0m[32m1[0m [94mAND[0m [37m"p"[0m[37m.[0m[37m"status"[0m [37m=[0m [37m$[0m[32m2[0m [90m-- PARAMETERS: ["a0000000-0000-0000-0000-000000000001","RELEASED"][0m
[90m[4mquery:[24m[39m [94mSELECT[0m [95mCOUNT[0m[37m([0m[32m1[0m[37m)[0m [94mAS[0m [37m"cnt"[0m [94mFROM[0m [37m"disputes"[0m [37m"DisputeOrmEntity"[0m [94mWHERE[0m [37m([0m[37m([0m[37m"DisputeOrmEntity"[0m[37m.[0m[37m"tenant_id"[0m [37m=[0m [37m$[0m[32m1[0m[37m)[0m [94mAND[0m [37m([0m[37m"DisputeOrmEntity"[0m[37m.[0m[37m"status"[0m [37m=[0m [37m$[0m[32m2[0m[37m)[0m[37m)[0m [90m-- PARAMETERS: ["a0000000-0000-0000-0000-000000000001","OPEN"][0m
[90m[4mquery:[24m[39m [94mSELECT[0m [95mCOUNT[0m[37m([0m[32m1[0m[37m)[0m [94mAS[0m [37m"cnt"[0m [94mFROM[0m [37m"users"[0m [37m"UserOrmEntity"[0m [94mWHERE[0m [37m([0m[37m([0m[37m"UserOrmEntity"[0m[37m.[0m[37m"tenant_id"[0m [37m=[0m [37m$[0m[32m1[0m[37m)[0m[37m)[0m [90m-- PARAMETERS: ["a0000000-0000-0000-0000-000000000001"][0m
[90m[4mquery:[24m[39m [94mSELECT[0m [37m"OrderOrmEntity"[0m[37m.[0m[37m"id"[0m [94mAS[0m [37m"OrderOrmEntity_id"[0m[37m,[0m [37m"OrderOrmEntity"[0m[37m.[0m[37m"tenant_id"[0m [94mAS[0m [37m"OrderOrmEntity_tenant_id"[0m[37m,[0m [37m"OrderOrmEntity"[0m[37m.[0m[37m"created_at"[0m [94mAS[0m [37m"OrderOrmEntity_created_at"[0m[37m,[0m [37m"OrderOrmEntity"[0m[37m.[0m[37m"updated_at"[0m [94mAS[0m [37m"OrderOrmEntity_updated_at"[0m[37m,[0m [37m"OrderOrmEntity"[0m[37m.[0m[37m"customer_id"[0m [94mAS[0m [37m"OrderOrmEntity_customer_id"[0m[37m,[0m [37m"OrderOrmEntity"[0m[37m.[0m[37m"vendor_id"[0m [94mAS[0m [37m"OrderOrmEntity_vendor_id"[0m[37m,[0m [37m"OrderOrmEntity"[0m[37m.[0m[37m"driver_id"[0m [94mAS[0m [37m"OrderOrmEntity_driver_id"[0m[37m,[0m [37m"OrderOrmEntity"[0m[37m.[0m[37m"type"[0m [94mAS[0m [37m"OrderOrmEntity_type"[0m[37m,[0m [37m"OrderOrmEntity"[0m[37m.[0m[37m"status"[0m [94mAS[0m [37m"OrderOrmEntity_status"[0m[37m,[0m [37m"OrderOrmEntity"[0m[37m.[0m[37m"subtotal"[0m [94mAS[0m [37m"OrderOrmEntity_subtotal"[0m[37m,[0m [37m"OrderOrmEntity"[0m[37m.[0m[37m"delivery_fee"[0m [94mAS[0m [37m"OrderOrmEntity_delivery_fee"[0m[37m,[0m [37m"OrderOrmEntity"[0m[37m.[0m[37m"system_commission"[0m [94mAS[0m [37m"OrderOrmEntity_system_commission"[0m[37m,[0m [37m"OrderOrmEntity"[0m[37m.[0m[37m"total_amount"[0m [94mAS[0m [37m"OrderOrmEntity_total_amount"[0m[37m,[0m [37m"OrderOrmEntity"[0m[37m.[0m[37m"currency"[0m [94mAS[0m [37m"OrderOrmEntity_currency"[0m[37m,[0m [37m"OrderOrmEntity"[0m[37m.[0m[37m"delivery_address"[0m [94mAS[0m [37m"OrderOrmEntity_delivery_address"[0m[37m,[0m [37m"OrderOrmEntity"[0m[37m.[0m[37m"delivery_latitude"[0m [94mAS[0m [37m"OrderOrmEntity_delivery_latitude"[0m[37m,[0m [37m"OrderOrmEntity"[0m[37m.[0m[37m"delivery_longitude"[0m [94mAS[0m [37m"OrderOrmEntity_delivery_longitude"[0m[37m,[0m [37m"OrderOrmEntity"[0m[37m.[0m[37m"special_instructions"[0m [94mAS[0m [37m"OrderOrmEntity_special_instructions"[0m[37m,[0m [37m"OrderOrmEntity"[0m[37m.[0m[37m"otp_code"[0m [94mAS[0m [37m"OrderOrmEntity_otp_code"[0m[37m,[0m [37m"OrderOrmEntity"[0m[37m.[0m[37m"otp_verified"[0m [94mAS[0m [37m"OrderOrmEntity_otp_verified"[0m[37m,[0m [37m"OrderOrmEntity"[0m[37m.[0m[37m"version"[0m [94mAS[0m [37m"OrderOrmEntity_version"[0m [94mFROM[0m [37m"orders"[0m [37m"OrderOrmEntity"[0m [94mWHERE[0m [37m([0m[37m([0m[37m"OrderOrmEntity"[0m[37m.[0m[37m"tenant_id"[0m [37m=[0m [37m$[0m[32m1[0m[37m)[0m[37m)[0m [94mORDER BY[0m [37m"OrderOrmEntity"[0m[37m.[0m[37m"created_at"[0m [94mDESC[0m [94mLIMIT[0m [32m20[0m [90m-- PARAMETERS: ["a0000000-0000-0000-0000-000000000001"][0m
[90m[4mquery:[24m[39m [94mSELECT[0m [37m"v"[0m[37m.[0m[37m"id"[0m [94mAS[0m [37m"v_id"[0m[37m,[0m [37m"v"[0m[37m.[0m[37m"tenant_id"[0m [94mAS[0m [37m"v_tenant_id"[0m[37m,[0m [37m"v"[0m[37m.[0m[37m"created_at"[0m [94mAS[0m [37m"v_created_at"[0m[37m,[0m [37m"v"[0m[37m.[0m[37m"updated_at"[0m [94mAS[0m [37m"v_updated_at"[0m[37m,[0m [37m"v"[0m[37m.[0m[37m"user_id"[0m [94mAS[0m [37m"v_user_id"[0m[37m,[0m [37m"v"[0m[37m.[0m[37m"shop_name"[0m [94mAS[0m [37m"v_shop_name"[0m[37m,[0m [37m"v"[0m[37m.[0m[37m"description"[0m [94mAS[0m [37m"v_description"[0m[37m,[0m [37m"v"[0m[37m.[0m[37m"category"[0m [94mAS[0m [37m"v_category"[0m[37m,[0m [37m"v"[0m[37m.[0m[37m"commission_rate"[0m [94mAS[0m [37m"v_commission_rate"[0m[37m,[0m [37m"v"[0m[37m.[0m[37m"status"[0m [94mAS[0m [37m"v_status"[0m[37m,[0m [37m"v"[0m[37m.[0m[37m"average_rating"[0m [94mAS[0m [37m"v_average_rating"[0m[37m,[0m [37m"v"[0m[37m.[0m[37m"total_orders"[0m [94mAS[0m [37m"v_total_orders"[0m[37m,[0m [37m"v"[0m[37m.[0m[37m"version"[0m [94mAS[0m [37m"v_version"[0m [94mFROM[0m [37m"vendors"[0m [37m"v"[0m [94mWHERE[0m [37m"v"[0m[37m.[0m[37m"tenant_id"[0m [37m=[0m [37m$[0m[32m1[0m [94mAND[0m [37m"v"[0m[37m.[0m[37m"status"[0m [37m=[0m [37m$[0m[32m2[0m [94mORDER BY[0m [37m"v"[0m[37m.[0m[37m"created_at"[0m [94mASC[0m [94mLIMIT[0m [32m50[0m [37mOFFSET[0m [32m0[0m [90m-- PARAMETERS: ["a0000000-0000-0000-0000-000000000001","PENDING"][0m
[19:18:36.296] [34mDEBUG[39m (20344): [36mGET /api/admin/dashboard 200 64ms [user=b0000000-0000-0000-0000-000000000001 tenant=a0000000-0000-0000-0000-000000000001][39m
    [35mcontext[39m: "HTTP"
[19:18:36.302] [34mDEBUG[39m (20344): [36mGET /api/admin/orders/recent 200 43ms [user=b0000000-0000-0000-0000-000000000001 tenant=a0000000-0000-0000-0000-000000000001][39m
    [35mcontext[39m: "HTTP"
[90m[4mquery:[24m[39m [94mSELECT[0m [95mCOUNT[0m[37m([0m[32m1[0m[37m)[0m [94mAS[0m [37m"cnt"[0m [94mFROM[0m [37m"vendors"[0m [37m"VendorOrmEntity"[0m [94mWHERE[0m [37m([0m[37m([0m[37m"VendorOrmEntity"[0m[37m.[0m[37m"tenant_id"[0m [37m=[0m [37m$[0m[32m1[0m[37m)[0m[37m)[0m [90m-- PARAMETERS: ["a0000000-0000-0000-0000-000000000001"][0m
[90m[4mquery:[24m[39m [94mSELECT[0m [95mCOUNT[0m[37m([0m[32m1[0m[37m)[0m [94mAS[0m [37m"cnt"[0m [94mFROM[0m [37m"vendors"[0m [37m"VendorOrmEntity"[0m [94mWHERE[0m [37m([0m[37m([0m[37m"VendorOrmEntity"[0m[37m.[0m[37m"tenant_id"[0m [37m=[0m [37m$[0m[32m1[0m[37m)[0m [94mAND[0m [37m([0m[37m"VendorOrmEntity"[0m[37m.[0m[37m"status"[0m [37m=[0m [37m$[0m[32m2[0m[37m)[0m[37m)[0m [90m-- PARAMETERS: ["a0000000-0000-0000-0000-000000000001","PENDING"][0m
[90m[4mquery:[24m[39m [94mSELECT[0m [95mCOUNT[0m[37m([0m[32m1[0m[37m)[0m [94mAS[0m [37m"cnt"[0m [94mFROM[0m [37m"orders"[0m [37m"o"[0m [94mWHERE[0m [37m"o"[0m[37m.[0m[37m"tenant_id"[0m [37m=[0m [37m$[0m[32m1[0m [94mAND[0m [37m"o"[0m[37m.[0m[37m"status"[0m [94mNOT[0m [94mIN[0m [37m([0m[37m$[0m[32m2[0m[37m,[0m [37m$[0m[32m3[0m[37m,[0m [37m$[0m[32m4[0m[37m)[0m [90m-- PARAMETERS: ["a0000000-0000-0000-0000-000000000001","DELIVERED","CANCELLED","REFUNDED"][0m
[90m[4mquery:[24m[39m [94mSELECT[0m [95mCOUNT[0m[37m([0m[32m1[0m[37m)[0m [94mAS[0m [37m"cnt"[0m [94mFROM[0m [37m"disputes"[0m [37m"DisputeOrmEntity"[0m [94mWHERE[0m [37m([0m[37m([0m[37m"DisputeOrmEntity"[0m[37m.[0m[37m"tenant_id"[0m [37m=[0m [37m$[0m[32m1[0m[37m)[0m [94mAND[0m [37m([0m[37m"DisputeOrmEntity"[0m[37m.[0m[37m"status"[0m [37m=[0m [37m$[0m[32m2[0m[37m)[0m[37m)[0m [90m-- PARAMETERS: ["a0000000-0000-0000-0000-000000000001","OPEN"][0m
[90m[4mquery:[24m[39m [94mSELECT[0m [95mCOUNT[0m[37m([0m[32m1[0m[37m)[0m [94mAS[0m [37m"cnt"[0m [94mFROM[0m [37m"users"[0m [37m"UserOrmEntity"[0m [94mWHERE[0m [37m([0m[37m([0m[37m"UserOrmEntity"[0m[37m.[0m[37m"tenant_id"[0m [37m=[0m [37m$[0m[32m1[0m[37m)[0m[37m)[0m [90m-- PARAMETERS: ["a0000000-0000-0000-0000-000000000001"][0m
[90m[4mquery:[24m[39m [94mSELECT[0m [95mSUM[0m[37m([0m[37m"p"[0m[37m.[0m[37m"amount"[0m[37m)[0m [94mAS[0m [37m"total"[0m[37m,[0m [95mCOUNT[0m[37m([0m[37m"p"[0m[37m.[0m[37m"id"[0m[37m)[0m [94mAS[0m [37m"count"[0m [94mFROM[0m [37m"payments"[0m [37m"p"[0m [94mWHERE[0m [37m"p"[0m[37m.[0m[37m"tenant_id"[0m [37m=[0m [37m$[0m[32m1[0m [94mAND[0m [37m"p"[0m[37m.[0m[37m"status"[0m [37m=[0m [37m$[0m[32m2[0m [90m-- PARAMETERS: ["a0000000-0000-0000-0000-000000000001","RELEASED"][0m
[19:18:36.305] [34mDEBUG[39m (20344): [36mGET /api/admin/vendors/pending 200 34ms [user=b0000000-0000-0000-0000-000000000001 tenant=a0000000-0000-0000-0000-000000000001][39m
    [35mcontext[39m: "HTTP"
[90m[4mquery:[24m[39m [94mSELECT[0m [37m"OrderOrmEntity"[0m[37m.[0m[37m"id"[0m [94mAS[0m [37m"OrderOrmEntity_id"[0m[37m,[0m [37m"OrderOrmEntity"[0m[37m.[0m[37m"tenant_id"[0m [94mAS[0m [37m"OrderOrmEntity_tenant_id"[0m[37m,[0m [37m"OrderOrmEntity"[0m[37m.[0m[37m"created_at"[0m [94mAS[0m [37m"OrderOrmEntity_created_at"[0m[37m,[0m [37m"OrderOrmEntity"[0m[37m.[0m[37m"updated_at"[0m [94mAS[0m [37m"OrderOrmEntity_updated_at"[0m[37m,[0m [37m"OrderOrmEntity"[0m[37m.[0m[37m"customer_id"[0m [94mAS[0m [37m"OrderOrmEntity_customer_id"[0m[37m,[0m [37m"OrderOrmEntity"[0m[37m.[0m[37m"vendor_id"[0m [94mAS[0m [37m"OrderOrmEntity_vendor_id"[0m[37m,[0m [37m"OrderOrmEntity"[0m[37m.[0m[37m"driver_id"[0m [94mAS[0m [37m"OrderOrmEntity_driver_id"[0m[37m,[0m [37m"OrderOrmEntity"[0m[37m.[0m[37m"type"[0m [94mAS[0m [37m"OrderOrmEntity_type"[0m[37m,[0m [37m"OrderOrmEntity"[0m[37m.[0m[37m"status"[0m [94mAS[0m [37m"OrderOrmEntity_status"[0m[37m,[0m [37m"OrderOrmEntity"[0m[37m.[0m[37m"subtotal"[0m [94mAS[0m [37m"OrderOrmEntity_subtotal"[0m[37m,[0m [37m"OrderOrmEntity"[0m[37m.[0m[37m"delivery_fee"[0m [94mAS[0m [37m"OrderOrmEntity_delivery_fee"[0m[37m,[0m [37m"OrderOrmEntity"[0m[37m.[0m[37m"system_commission"[0m [94mAS[0m [37m"OrderOrmEntity_system_commission"[0m[37m,[0m [37m"OrderOrmEntity"[0m[37m.[0m[37m"total_amount"[0m [94mAS[0m [37m"OrderOrmEntity_total_amount"[0m[37m,[0m [37m"OrderOrmEntity"[0m[37m.[0m[37m"currency"[0m [94mAS[0m [37m"OrderOrmEntity_currency"[0m[37m,[0m [37m"OrderOrmEntity"[0m[37m.[0m[37m"delivery_address"[0m [94mAS[0m [37m"OrderOrmEntity_delivery_address"[0m[37m,[0m [37m"OrderOrmEntity"[0m[37m.[0m[37m"delivery_latitude"[0m [94mAS[0m [37m"OrderOrmEntity_delivery_latitude"[0m[37m,[0m [37m"OrderOrmEntity"[0m[37m.[0m[37m"delivery_longitude"[0m [94mAS[0m [37m"OrderOrmEntity_delivery_longitude"[0m[37m,[0m [37m"OrderOrmEntity"[0m[37m.[0m[37m"special_instructions"[0m [94mAS[0m [37m"OrderOrmEntity_special_instructions"[0m[37m,[0m [37m"OrderOrmEntity"[0m[37m.[0m[37m"otp_code"[0m [94mAS[0m [37m"OrderOrmEntity_otp_code"[0m[37m,[0m [37m"OrderOrmEntity"[0m[37m.[0m[37m"otp_verified"[0m [94mAS[0m [37m"OrderOrmEntity_otp_verified"[0m[37m,[0m [37m"OrderOrmEntity"[0m[37m.[0m[37m"version"[0m [94mAS[0m [37m"OrderOrmEntity_version"[0m [94mFROM[0m [37m"orders"[0m [37m"OrderOrmEntity"[0m [94mWHERE[0m [37m([0m[37m([0m[37m"OrderOrmEntity"[0m[37m.[0m[37m"tenant_id"[0m [37m=[0m [37m$[0m[32m1[0m[37m)[0m[37m)[0m [94mORDER BY[0m [37m"OrderOrmEntity"[0m[37m.[0m[37m"created_at"[0m [94mDESC[0m [94mLIMIT[0m [32m20[0m [90m-- PARAMETERS: ["a0000000-0000-0000-0000-000000000001"][0m
[90m[4mquery:[24m[39m [94mSELECT[0m [37m"v"[0m[37m.[0m[37m"id"[0m [94mAS[0m [37m"v_id"[0m[37m,[0m [37m"v"[0m[37m.[0m[37m"tenant_id"[0m [94mAS[0m [37m"v_tenant_id"[0m[37m,[0m [37m"v"[0m[37m.[0m[37m"created_at"[0m [94mAS[0m [37m"v_created_at"[0m[37m,[0m [37m"v"[0m[37m.[0m[37m"updated_at"[0m [94mAS[0m [37m"v_updated_at"[0m[37m,[0m [37m"v"[0m[37m.[0m[37m"user_id"[0m [94mAS[0m [37m"v_user_id"[0m[37m,[0m [37m"v"[0m[37m.[0m[37m"shop_name"[0m [94mAS[0m [37m"v_shop_name"[0m[37m,[0m [37m"v"[0m[37m.[0m[37m"description"[0m [94mAS[0m [37m"v_description"[0m[37m,[0m [37m"v"[0m[37m.[0m[37m"category"[0m [94mAS[0m [37m"v_category"[0m[37m,[0m [37m"v"[0m[37m.[0m[37m"commission_rate"[0m [94mAS[0m [37m"v_commission_rate"[0m[37m,[0m [37m"v"[0m[37m.[0m[37m"status"[0m [94mAS[0m [37m"v_status"[0m[37m,[0m [37m"v"[0m[37m.[0m[37m"average_rating"[0m [94mAS[0m [37m"v_average_rating"[0m[37m,[0m [37m"v"[0m[37m.[0m[37m"total_orders"[0m [94mAS[0m [37m"v_total_orders"[0m[37m,[0m [37m"v"[0m[37m.[0m[37m"version"[0m [94mAS[0m [37m"v_version"[0m [94mFROM[0m [37m"vendors"[0m [37m"v"[0m [94mWHERE[0m [37m"v"[0m[37m.[0m[37m"tenant_id"[0m [37m=[0m [37m$[0m[32m1[0m [94mAND[0m [37m"v"[0m[37m.[0m[37m"status"[0m [37m=[0m [37m$[0m[32m2[0m [94mORDER BY[0m [37m"v"[0m[37m.[0m[37m"created_at"[0m [94mASC[0m [94mLIMIT[0m [32m50[0m [37mOFFSET[0m [32m0[0m [90m-- PARAMETERS: ["a0000000-0000-0000-0000-000000000001","PENDING"][0m
[19:18:36.328] [34mDEBUG[39m (20344): [36mGET /api/admin/dashboard 200 20ms [user=b0000000-0000-0000-0000-000000000001 tenant=a0000000-0000-0000-0000-000000000001][39m
    [35mcontext[39m: "HTTP"
[19:18:36.329] [34mDEBUG[39m (20344): [36mGET /api/admin/orders/recent 200 9ms [user=b0000000-0000-0000-0000-000000000001 tenant=a0000000-0000-0000-0000-000000000001][39m
    [35mcontext[39m: "HTTP"
[19:18:36.330] [34mDEBUG[39m (20344): [36mGET /api/admin/vendors/pending 200 4ms [user=b0000000-0000-0000-0000-000000000001 tenant=a0000000-0000-0000-0000-000000000001][39m
    [35mcontext[39m: "HTTP"
[90m[4mquery:[24m[39m [94mSELECT[0m [95mCOUNT[0m[37m([0m[37m*[0m[37m)[0m [94mAS[0m [37m"ordersCount"[0m[37m,[0m [95mCOALESCE[0m[37m([0m[95mSUM[0m[37m([0m[37mo[0m[37m.[0m[37m"total_amount"[0m[37m)[0m[37m,[0m [32m0[0m[37m)[0m [94mAS[0m [37m"totalRevenue"[0m [94mFROM[0m [37m"orders"[0m [37m"o"[0m [94mWHERE[0m [37mo[0m[37m.[0m[37m"tenant_id"[0m [37m=[0m [37m$[0m[32m1[0m [94mAND[0m [37m"o"[0m[37m.[0m[37m"created_at"[0m [37m>=[0m [37m$[0m[32m2[0m [94mAND[0m [37m"o"[0m[37m.[0m[37m"status"[0m [94mNOT[0m [94mIN[0m [37m([0m[37m'CANCELLED'[0m[37m,[0m [37m'REFUNDED'[0m[37m)[0m [90m-- PARAMETERS: ["a0000000-0000-0000-0000-000000000001","2026-07-19T16:18:43.615Z"][0m
[90m[4mquery:[24m[39m [94mSELECT[0m [95mCOUNT[0m[37m([0m[37m*[0m[37m)[0m [94mAS[0m [37m"total"[0m[37m,[0m [95mCOUNT[0m[37m([0m[37m*[0m[37m)[0m [95mFILTER[0m [37m([0m[94mWHERE[0m [37m"d"[0m[37m.[0m[37m"status"[0m [37m=[0m [37m'OPEN'[0m[37m)[0m [94mAS[0m [37m"open"[0m[37m,[0m [95mCOUNT[0m[37m([0m[37m*[0m[37m)[0m [95mFILTER[0m [37m([0m[94mWHERE[0m [37m"d"[0m[37m.[0m[37m"status"[0m [37m=[0m [37m'RESOLVED'[0m[37m)[0m [94mAS[0m [37m"resolved"[0m [94mFROM[0m [37m"disputes"[0m [37m"d"[0m [94mWHERE[0m [37md[0m[37m.[0m[37m"tenant_id"[0m [37m=[0m [37m$[0m[32m1[0m [90m-- PARAMETERS: ["a0000000-0000-0000-0000-000000000001"][0m
[90m[4mquery:[24m[39m [94mSELECT[0m [95mCOALESCE[0m[37m([0m[95mSUM[0m[37m([0m[37mp[0m[37m.[0m[37m"system_commission"[0m[37m)[0m[37m,[0m [32m0[0m[37m)[0m [94mAS[0m [37m"totalCommission"[0m [94mFROM[0m [37m"payments"[0m [37m"p"[0m [94mWHERE[0m [37mp[0m[37m.[0m[37m"tenant_id"[0m [37m=[0m [37m$[0m[32m1[0m [94mAND[0m [37m"p"[0m[37m.[0m[37m"created_at"[0m [37m>=[0m [37m$[0m[32m2[0m [94mAND[0m [37m"p"[0m[37m.[0m[37m"status"[0m [37m=[0m [37m'RELEASED'[0m [90m-- PARAMETERS: ["a0000000-0000-0000-0000-000000000001","2026-07-19T16:18:43.615Z"][0m
[90m[4mquery:[24m[39m [94mSELECT[0m [95mAVG[0m[37m([0m[95mEXTRACT[0m[37m([0m[37mEPOCH[0m [94mFROM[0m [37m([0m[37md[0m[37m.[0m[37m"updated_at"[0m [37m-[0m [37md[0m[37m.[0m[37m"created_at"[0m[37m)[0m[37m)[0m [37m/[0m [32m3600[0m[37m)[0m [94mAS[0m [37m"avgResolutionHours"[0m [94mFROM[0m [37m"disputes"[0m [37m"d"[0m [94mWHERE[0m [37md[0m[37m.[0m[37m"tenant_id"[0m [37m=[0m [37m$[0m[32m1[0m [94mAND[0m [37m"d"[0m[37m.[0m[37m"status"[0m [37m=[0m [37m'RESOLVED'[0m [90m-- PARAMETERS: ["a0000000-0000-0000-0000-000000000001"][0m
[90m[4mquery:[24m[39m [94mSELECT[0m [37mo[0m[37m.[0m[37m"vendor_id"[0m [94mAS[0m [37m"vendorId"[0m[37m,[0m [95mSUM[0m[37m([0m[37mo[0m[37m.[0m[37m"total_amount"[0m[37m)[0m [94mAS[0m [37m"revenue"[0m[37m,[0m [95mCOUNT[0m[37m([0m[37m*[0m[37m)[0m [94mAS[0m [37m"orders"[0m [94mFROM[0m [37m"orders"[0m [37m"o"[0m [94mWHERE[0m [37mo[0m[37m.[0m[37m"tenant_id"[0m [37m=[0m [37m$[0m[32m1[0m [94mAND[0m [37m"o"[0m[37m.[0m[37m"created_at"[0m [37m>=[0m [37m$[0m[32m2[0m [94mAND[0m [37m"o"[0m[37m.[0m[37m"status"[0m [94mNOT[0m [94mIN[0m [37m([0m[37m'CANCELLED'[0m[37m,[0m [37m'REFUNDED'[0m[37m)[0m [94mGROUP BY[0m [37mo[0m[37m.[0m[37m"vendor_id"[0m [94mORDER BY[0m [37mrevenue[0m [94mDESC[0m [94mLIMIT[0m [32m10[0m [90m-- PARAMETERS: ["a0000000-0000-0000-0000-000000000001","2026-07-19T16:18:43.615Z"][0m
[90m[4mquery:[24m[39m [94mSELECT[0m [37m"d"[0m[37m.[0m[37m"reason"[0m [94mAS[0m [37m"reason"[0m[37m,[0m [95mCOUNT[0m[37m([0m[37m*[0m[37m)[0m [94mAS[0m [37m"count"[0m [94mFROM[0m [37m"disputes"[0m [37m"d"[0m [94mWHERE[0m [37md[0m[37m.[0m[37m"tenant_id"[0m [37m=[0m [37m$[0m[32m1[0m [94mGROUP BY[0m [37m"d"[0m[37m.[0m[37m"reason"[0m [90m-- PARAMETERS: ["a0000000-0000-0000-0000-000000000001"][0m
[90m[4mquery:[24m[39m [94mSELECT[0m [37m"d"[0m[37m.[0m[37m"severity"[0m [94mAS[0m [37m"severity"[0m[37m,[0m [95mCOUNT[0m[37m([0m[37m*[0m[37m)[0m [94mAS[0m [37m"count"[0m [94mFROM[0m [37m"disputes"[0m [37m"d"[0m [94mWHERE[0m [37md[0m[37m.[0m[37m"tenant_id"[0m [37m=[0m [37m$[0m[32m1[0m [94mGROUP BY[0m [37m"d"[0m[37m.[0m[37m"severity"[0m [90m-- PARAMETERS: ["a0000000-0000-0000-0000-000000000001"][0m
[19:18:43.645] [34mDEBUG[39m (20344): [36mGET /api/admin/analytics/revenue?period=30d 200 35ms [user=b0000000-0000-0000-0000-000000000001 tenant=a0000000-0000-0000-0000-000000000001][39m
    [35mcontext[39m: "HTTP"
[19:18:43.647] [34mDEBUG[39m (20344): [36mGET /api/admin/analytics/disputes 200 21ms [user=b0000000-0000-0000-0000-000000000001 tenant=a0000000-0000-0000-0000-000000000001][39m
    [35mcontext[39m: "HTTP"
[90m[4mquery:[24m[39m [94mSELECT[0m [95mCOUNT[0m[37m([0m[37m*[0m[37m)[0m [94mAS[0m [37m"ordersCount"[0m[37m,[0m [95mCOALESCE[0m[37m([0m[95mSUM[0m[37m([0m[37mo[0m[37m.[0m[37m"total_amount"[0m[37m)[0m[37m,[0m [32m0[0m[37m)[0m [94mAS[0m [37m"totalRevenue"[0m [94mFROM[0m [37m"orders"[0m [37m"o"[0m [94mWHERE[0m [37mo[0m[37m.[0m[37m"tenant_id"[0m [37m=[0m [37m$[0m[32m1[0m [94mAND[0m [37m"o"[0m[37m.[0m[37m"created_at"[0m [37m>=[0m [37m$[0m[32m2[0m [94mAND[0m [37m"o"[0m[37m.[0m[37m"status"[0m [94mNOT[0m [94mIN[0m [37m([0m[37m'CANCELLED'[0m[37m,[0m [37m'REFUNDED'[0m[37m)[0m [90m-- PARAMETERS: ["a0000000-0000-0000-0000-000000000001","2026-07-19T16:18:43.654Z"][0m
[90m[4mquery:[24m[39m [94mSELECT[0m [95mCOUNT[0m[37m([0m[37m*[0m[37m)[0m [94mAS[0m [37m"total"[0m[37m,[0m [95mCOUNT[0m[37m([0m[37m*[0m[37m)[0m [95mFILTER[0m [37m([0m[94mWHERE[0m [37m"d"[0m[37m.[0m[37m"status"[0m [37m=[0m [37m'OPEN'[0m[37m)[0m [94mAS[0m [37m"open"[0m[37m,[0m [95mCOUNT[0m[37m([0m[37m*[0m[37m)[0m [95mFILTER[0m [37m([0m[94mWHERE[0m [37m"d"[0m[37m.[0m[37m"status"[0m [37m=[0m [37m'RESOLVED'[0m[37m)[0m [94mAS[0m [37m"resolved"[0m [94mFROM[0m [37m"disputes"[0m [37m"d"[0m [94mWHERE[0m [37md[0m[37m.[0m[37m"tenant_id"[0m [37m=[0m [37m$[0m[32m1[0m [90m-- PARAMETERS: ["a0000000-0000-0000-0000-000000000001"][0m
[90m[4mquery:[24m[39m [94mSELECT[0m [95mCOALESCE[0m[37m([0m[95mSUM[0m[37m([0m[37mp[0m[37m.[0m[37m"system_commission"[0m[37m)[0m[37m,[0m [32m0[0m[37m)[0m [94mAS[0m [37m"totalCommission"[0m [94mFROM[0m [37m"payments"[0m [37m"p"[0m [94mWHERE[0m [37mp[0m[37m.[0m[37m"tenant_id"[0m [37m=[0m [37m$[0m[32m1[0m [94mAND[0m [37m"p"[0m[37m.[0m[37m"created_at"[0m [37m>=[0m [37m$[0m[32m2[0m [94mAND[0m [37m"p"[0m[37m.[0m[37m"status"[0m [37m=[0m [37m'RELEASED'[0m [90m-- PARAMETERS: ["a0000000-0000-0000-0000-000000000001","2026-07-19T16:18:43.654Z"][0m
[90m[4mquery:[24m[39m [94mSELECT[0m [95mAVG[0m[37m([0m[95mEXTRACT[0m[37m([0m[37mEPOCH[0m [94mFROM[0m [37m([0m[37md[0m[37m.[0m[37m"updated_at"[0m [37m-[0m [37md[0m[37m.[0m[37m"created_at"[0m[37m)[0m[37m)[0m [37m/[0m [32m3600[0m[37m)[0m [94mAS[0m [37m"avgResolutionHours"[0m [94mFROM[0m [37m"disputes"[0m [37m"d"[0m [94mWHERE[0m [37md[0m[37m.[0m[37m"tenant_id"[0m [37m=[0m [37m$[0m[32m1[0m [94mAND[0m [37m"d"[0m[37m.[0m[37m"status"[0m [37m=[0m [37m'RESOLVED'[0m [90m-- PARAMETERS: ["a0000000-0000-0000-0000-000000000001"][0m
[90m[4mquery:[24m[39m [94mSELECT[0m [37mo[0m[37m.[0m[37m"vendor_id"[0m [94mAS[0m [37m"vendorId"[0m[37m,[0m [95mSUM[0m[37m([0m[37mo[0m[37m.[0m[37m"total_amount"[0m[37m)[0m [94mAS[0m [37m"revenue"[0m[37m,[0m [95mCOUNT[0m[37m([0m[37m*[0m[37m)[0m [94mAS[0m [37m"orders"[0m [94mFROM[0m [37m"orders"[0m [37m"o"[0m [94mWHERE[0m [37mo[0m[37m.[0m[37m"tenant_id"[0m [37m=[0m [37m$[0m[32m1[0m [94mAND[0m [37m"o"[0m[37m.[0m[37m"created_at"[0m [37m>=[0m [37m$[0m[32m2[0m [94mAND[0m [37m"o"[0m[37m.[0m[37m"status"[0m [94mNOT[0m [94mIN[0m [37m([0m[37m'CANCELLED'[0m[37m,[0m [37m'REFUNDED'[0m[37m)[0m [94mGROUP BY[0m [37mo[0m[37m.[0m[37m"vendor_id"[0m [94mORDER BY[0m [37mrevenue[0m [94mDESC[0m [94mLIMIT[0m [32m10[0m [90m-- PARAMETERS: ["a0000000-0000-0000-0000-000000000001","2026-07-19T16:18:43.654Z"][0m
[90m[4mquery:[24m[39m [94mSELECT[0m [37m"d"[0m[37m.[0m[37m"reason"[0m [94mAS[0m [37m"reason"[0m[37m,[0m [95mCOUNT[0m[37m([0m[37m*[0m[37m)[0m [94mAS[0m [37m"count"[0m [94mFROM[0m [37m"disputes"[0m [37m"d"[0m [94mWHERE[0m [37md[0m[37m.[0m[37m"tenant_id"[0m [37m=[0m [37m$[0m[32m1[0m [94mGROUP BY[0m [37m"d"[0m[37m.[0m[37m"reason"[0m [90m-- PARAMETERS: ["a0000000-0000-0000-0000-000000000001"][0m
[90m[4mquery:[24m[39m [94mSELECT[0m [37m"d"[0m[37m.[0m[37m"severity"[0m [94mAS[0m [37m"severity"[0m[37m,[0m [95mCOUNT[0m[37m([0m[37m*[0m[37m)[0m [94mAS[0m [37m"count"[0m [94mFROM[0m [37m"disputes"[0m [37m"d"[0m [94mWHERE[0m [37md[0m[37m.[0m[37m"tenant_id"[0m [37m=[0m [37m$[0m[32m1[0m [94mGROUP BY[0m [37m"d"[0m[37m.[0m[37m"severity"[0m [90m-- PARAMETERS: ["a0000000-0000-0000-0000-000000000001"][0m
[19:18:43.664] [34mDEBUG[39m (20344): [36mGET /api/admin/analytics/revenue?period=30d 200 10ms [user=b0000000-0000-0000-0000-000000000001 tenant=a0000000-0000-0000-0000-000000000001][39m
    [35mcontext[39m: "HTTP"
[19:18:43.666] [34mDEBUG[39m (20344): [36mGET /api/admin/analytics/disputes 200 10ms [user=b0000000-0000-0000-0000-000000000001 tenant=a0000000-0000-0000-0000-000000000001][39m
    [35mcontext[39m: "HTTP"
[90m[4mquery:[24m[39m [94mSELECT[0m [37m"d"[0m[37m.[0m[37m"id"[0m [94mAS[0m [37m"d_id"[0m[37m,[0m [37m"d"[0m[37m.[0m[37m"tenant_id"[0m [94mAS[0m [37m"d_tenant_id"[0m[37m,[0m [37m"d"[0m[37m.[0m[37m"created_at"[0m [94mAS[0m [37m"d_created_at"[0m[37m,[0m [37m"d"[0m[37m.[0m[37m"updated_at"[0m [94mAS[0m [37m"d_updated_at"[0m[37m,[0m [37m"d"[0m[37m.[0m[37m"order_id"[0m [94mAS[0m [37m"d_order_id"[0m[37m,[0m [37m"d"[0m[37m.[0m[37m"customer_id"[0m [94mAS[0m [37m"d_customer_id"[0m[37m,[0m [37m"d"[0m[37m.[0m[37m"vendor_id"[0m [94mAS[0m [37m"d_vendor_id"[0m[37m,[0m [37m"d"[0m[37m.[0m[37m"reason"[0m [94mAS[0m [37m"d_reason"[0m[37m,[0m [37m"d"[0m[37m.[0m[37m"description"[0m [94mAS[0m [37m"d_description"[0m[37m,[0m [37m"d"[0m[37m.[0m[37m"claim_amount"[0m [94mAS[0m [37m"d_claim_amount"[0m[37m,[0m [37m"d"[0m[37m.[0m[37m"currency"[0m [94mAS[0m [37m"d_currency"[0m[37m,[0m [37m"d"[0m[37m.[0m[37m"status"[0m [94mAS[0m [37m"d_status"[0m[37m,[0m [37m"d"[0m[37m.[0m[37m"severity"[0m [94mAS[0m [37m"d_severity"[0m[37m,[0m [37m"d"[0m[37m.[0m[37m"fraud_score"[0m [94mAS[0m [37m"d_fraud_score"[0m[37m,[0m [37m"d"[0m[37m.[0m[37m"assigned_agent_id"[0m [94mAS[0m [37m"d_assigned_agent_id"[0m[37m,[0m [37m"d"[0m[37m.[0m[37m"resolution_type"[0m [94mAS[0m [37m"d_resolution_type"[0m[37m,[0m [37m"d"[0m[37m.[0m[37m"resolved_amount"[0m [94mAS[0m [37m"d_resolved_amount"[0m[37m,[0m [37m"d"[0m[37m.[0m[37m"resolution_notes"[0m [94mAS[0m [37m"d_resolution_notes"[0m[37m,[0m [37m"d"[0m[37m.[0m[37m"pickup_photo_url"[0m [94mAS[0m [37m"d_pickup_photo_url"[0m[37m,[0m [37m"d"[0m[37m.[0m[37m"delivery_photo_url"[0m [94mAS[0m [37m"d_delivery_photo_url"[0m[37m,[0m [37m"d"[0m[37m.[0m[37m"dispute_photo_url"[0m [94mAS[0m [37m"d_dispute_photo_url"[0m[37m,[0m [37m"d"[0m[37m.[0m[37m"geolocation_lat"[0m [94mAS[0m [37m"d_geolocation_lat"[0m[37m,[0m [37m"d"[0m[37m.[0m[37m"geolocation_lng"[0m [94mAS[0m [37m"d_geolocation_lng"[0m[37m,[0m [37m"d"[0m[37m.[0m[37m"version"[0m [94mAS[0m [37m"d_version"[0m [94mFROM[0m [37m"disputes"[0m [37m"d"[0m [94mWHERE[0m [37m"d"[0m[37m.[0m[37m"tenant_id"[0m [37m=[0m [37m$[0m[32m1[0m [94mORDER BY[0m [37m"d"[0m[37m.[0m[37m"created_at"[0m [94mDESC[0m [94mLIMIT[0m [32m50[0m [37mOFFSET[0m [32m0[0m [90m-- PARAMETERS: ["a0000000-0000-0000-0000-000000000001"][0m
[19:18:45.843] [34mDEBUG[39m (20344): [36mGET /api/admin/disputes 200 11ms [user=b0000000-0000-0000-0000-000000000001 tenant=a0000000-0000-0000-0000-000000000001][39m
    [35mcontext[39m: "HTTP"
[90m[4mquery:[24m[39m [94mSELECT[0m [37m"d"[0m[37m.[0m[37m"id"[0m [94mAS[0m [37m"d_id"[0m[37m,[0m [37m"d"[0m[37m.[0m[37m"tenant_id"[0m [94mAS[0m [37m"d_tenant_id"[0m[37m,[0m [37m"d"[0m[37m.[0m[37m"created_at"[0m [94mAS[0m [37m"d_created_at"[0m[37m,[0m [37m"d"[0m[37m.[0m[37m"updated_at"[0m [94mAS[0m [37m"d_updated_at"[0m[37m,[0m [37m"d"[0m[37m.[0m[37m"order_id"[0m [94mAS[0m [37m"d_order_id"[0m[37m,[0m [37m"d"[0m[37m.[0m[37m"customer_id"[0m [94mAS[0m [37m"d_customer_id"[0m[37m,[0m [37m"d"[0m[37m.[0m[37m"vendor_id"[0m [94mAS[0m [37m"d_vendor_id"[0m[37m,[0m [37m"d"[0m[37m.[0m[37m"reason"[0m [94mAS[0m [37m"d_reason"[0m[37m,[0m [37m"d"[0m[37m.[0m[37m"description"[0m [94mAS[0m [37m"d_description"[0m[37m,[0m [37m"d"[0m[37m.[0m[37m"claim_amount"[0m [94mAS[0m [37m"d_claim_amount"[0m[37m,[0m [37m"d"[0m[37m.[0m[37m"currency"[0m [94mAS[0m [37m"d_currency"[0m[37m,[0m [37m"d"[0m[37m.[0m[37m"status"[0m [94mAS[0m [37m"d_status"[0m[37m,[0m [37m"d"[0m[37m.[0m[37m"severity"[0m [94mAS[0m [37m"d_severity"[0m[37m,[0m [37m"d"[0m[37m.[0m[37m"fraud_score"[0m [94mAS[0m [37m"d_fraud_score"[0m[37m,[0m [37m"d"[0m[37m.[0m[37m"assigned_agent_id"[0m [94mAS[0m [37m"d_assigned_agent_id"[0m[37m,[0m [37m"d"[0m[37m.[0m[37m"resolution_type"[0m [94mAS[0m [37m"d_resolution_type"[0m[37m,[0m [37m"d"[0m[37m.[0m[37m"resolved_amount"[0m [94mAS[0m [37m"d_resolved_amount"[0m[37m,[0m [37m"d"[0m[37m.[0m[37m"resolution_notes"[0m [94mAS[0m [37m"d_resolution_notes"[0m[37m,[0m [37m"d"[0m[37m.[0m[37m"pickup_photo_url"[0m [94mAS[0m [37m"d_pickup_photo_url"[0m[37m,[0m [37m"d"[0m[37m.[0m[37m"delivery_photo_url"[0m [94mAS[0m [37m"d_delivery_photo_url"[0m[37m,[0m [37m"d"[0m[37m.[0m[37m"dispute_photo_url"[0m [94mAS[0m [37m"d_dispute_photo_url"[0m[37m,[0m [37m"d"[0m[37m.[0m[37m"geolocation_lat"[0m [94mAS[0m [37m"d_geolocation_lat"[0m[37m,[0m [37m"d"[0m[37m.[0m[37m"geolocation_lng"[0m [94mAS[0m [37m"d_geolocation_lng"[0m[37m,[0m [37m"d"[0m[37m.[0m[37m"version"[0m [94mAS[0m [37m"d_version"[0m [94mFROM[0m [37m"disputes"[0m [37m"d"[0m [94mWHERE[0m [37m"d"[0m[37m.[0m[37m"tenant_id"[0m [37m=[0m [37m$[0m[32m1[0m [94mORDER BY[0m [37m"d"[0m[37m.[0m[37m"created_at"[0m [94mDESC[0m [94mLIMIT[0m [32m50[0m [37mOFFSET[0m [32m0[0m [90m-- PARAMETERS: ["a0000000-0000-0000-0000-000000000001"][0m
[19:18:45.859] [34mDEBUG[39m (20344): [36mGET /api/admin/disputes 200 5ms [user=b0000000-0000-0000-0000-000000000001 tenant=a0000000-0000-0000-0000-000000000001][39m
    [35mcontext[39m: "HTTP"
[90m[4mquery:[24m[39m [94mSELECT[0m [37m"v"[0m[37m.[0m[37m"id"[0m [94mAS[0m [37m"v_id"[0m[37m,[0m [37m"v"[0m[37m.[0m[37m"tenant_id"[0m [94mAS[0m [37m"v_tenant_id"[0m[37m,[0m [37m"v"[0m[37m.[0m[37m"created_at"[0m [94mAS[0m [37m"v_created_at"[0m[37m,[0m [37m"v"[0m[37m.[0m[37m"updated_at"[0m [94mAS[0m [37m"v_updated_at"[0m[37m,[0m [37m"v"[0m[37m.[0m[37m"user_id"[0m [94mAS[0m [37m"v_user_id"[0m[37m,[0m [37m"v"[0m[37m.[0m[37m"shop_name"[0m [94mAS[0m [37m"v_shop_name"[0m[37m,[0m [37m"v"[0m[37m.[0m[37m"description"[0m [94mAS[0m [37m"v_description"[0m[37m,[0m [37m"v"[0m[37m.[0m[37m"category"[0m [94mAS[0m [37m"v_category"[0m[37m,[0m [37m"v"[0m[37m.[0m[37m"commission_rate"[0m [94mAS[0m [37m"v_commission_rate"[0m[37m,[0m [37m"v"[0m[37m.[0m[37m"status"[0m [94mAS[0m [37m"v_status"[0m[37m,[0m [37m"v"[0m[37m.[0m[37m"average_rating"[0m [94mAS[0m [37m"v_average_rating"[0m[37m,[0m [37m"v"[0m[37m.[0m[37m"total_orders"[0m [94mAS[0m [37m"v_total_orders"[0m[37m,[0m [37m"v"[0m[37m.[0m[37m"version"[0m [94mAS[0m [37m"v_version"[0m [94mFROM[0m [37m"vendors"[0m [37m"v"[0m [94mWHERE[0m [37m"v"[0m[37m.[0m[37m"tenant_id"[0m [37m=[0m [37m$[0m[32m1[0m [94mAND[0m [37m"v"[0m[37m.[0m[37m"status"[0m [37m=[0m [37m$[0m[32m2[0m [94mORDER BY[0m [37m"v"[0m[37m.[0m[37m"created_at"[0m [94mASC[0m [94mLIMIT[0m [32m50[0m [37mOFFSET[0m [32m0[0m [90m-- PARAMETERS: ["a0000000-0000-0000-0000-000000000001","PENDING"][0m
[19:18:48.608] [34mDEBUG[39m (20344): [36mGET /api/admin/vendors/pending 200 5ms [user=b0000000-0000-0000-0000-000000000001 tenant=a0000000-0000-0000-0000-000000000001][39m
    [35mcontext[39m: "HTTP"
[90m[4mquery:[24m[39m [94mSELECT[0m [37m"v"[0m[37m.[0m[37m"id"[0m [94mAS[0m [37m"v_id"[0m[37m,[0m [37m"v"[0m[37m.[0m[37m"tenant_id"[0m [94mAS[0m [37m"v_tenant_id"[0m[37m,[0m [37m"v"[0m[37m.[0m[37m"created_at"[0m [94mAS[0m [37m"v_created_at"[0m[37m,[0m [37m"v"[0m[37m.[0m[37m"updated_at"[0m [94mAS[0m [37m"v_updated_at"[0m[37m,[0m [37m"v"[0m[37m.[0m[37m"user_id"[0m [94mAS[0m [37m"v_user_id"[0m[37m,[0m [37m"v"[0m[37m.[0m[37m"shop_name"[0m [94mAS[0m [37m"v_shop_name"[0m[37m,[0m [37m"v"[0m[37m.[0m[37m"description"[0m [94mAS[0m [37m"v_description"[0m[37m,[0m [37m"v"[0m[37m.[0m[37m"category"[0m [94mAS[0m [37m"v_category"[0m[37m,[0m [37m"v"[0m[37m.[0m[37m"commission_rate"[0m [94mAS[0m [37m"v_commission_rate"[0m[37m,[0m [37m"v"[0m[37m.[0m[37m"status"[0m [94mAS[0m [37m"v_status"[0m[37m,[0m [37m"v"[0m[37m.[0m[37m"average_rating"[0m [94mAS[0m [37m"v_average_rating"[0m[37m,[0m [37m"v"[0m[37m.[0m[37m"total_orders"[0m [94mAS[0m [37m"v_total_orders"[0m[37m,[0m [37m"v"[0m[37m.[0m[37m"version"[0m [94mAS[0m [37m"v_version"[0m [94mFROM[0m [37m"vendors"[0m [37m"v"[0m [94mWHERE[0m [37m"v"[0m[37m.[0m[37m"tenant_id"[0m [37m=[0m [37m$[0m[32m1[0m [94mAND[0m [37m"v"[0m[37m.[0m[37m"status"[0m [37m=[0m [37m$[0m[32m2[0m [94mORDER BY[0m [37m"v"[0m[37m.[0m[37m"created_at"[0m [94mASC[0m [94mLIMIT[0m [32m50[0m [37mOFFSET[0m [32m0[0m [90m-- PARAMETERS: ["a0000000-0000-0000-0000-000000000001","PENDING"][0m
[19:18:48.616] [34mDEBUG[39m (20344): [36mGET /api/admin/vendors/pending 200 3ms [user=b0000000-0000-0000-0000-000000000001 tenant=a0000000-0000-0000-0000-000000000001][39m
    [35mcontext[39m: "HTTP"
[90m[4mquery:[24m[39m [94mSELECT[0m [95mCOUNT[0m[37m([0m[32m1[0m[37m)[0m [94mAS[0m [37m"cnt"[0m [94mFROM[0m [37m"vendors"[0m [37m"VendorOrmEntity"[0m [94mWHERE[0m [37m([0m[37m([0m[37m"VendorOrmEntity"[0m[37m.[0m[37m"tenant_id"[0m [37m=[0m [37m$[0m[32m1[0m[37m)[0m[37m)[0m [90m-- PARAMETERS: ["a0000000-0000-0000-0000-000000000001"][0m
[90m[4mquery:[24m[39m [94mSELECT[0m [95mCOUNT[0m[37m([0m[32m1[0m[37m)[0m [94mAS[0m [37m"cnt"[0m [94mFROM[0m [37m"vendors"[0m [37m"VendorOrmEntity"[0m [94mWHERE[0m [37m([0m[37m([0m[37m"VendorOrmEntity"[0m[37m.[0m[37m"tenant_id"[0m [37m=[0m [37m$[0m[32m1[0m[37m)[0m [94mAND[0m [37m([0m[37m"VendorOrmEntity"[0m[37m.[0m[37m"status"[0m [37m=[0m [37m$[0m[32m2[0m[37m)[0m[37m)[0m [90m-- PARAMETERS: ["a0000000-0000-0000-0000-000000000001","PENDING"][0m
[90m[4mquery:[24m[39m [94mSELECT[0m [95mCOUNT[0m[37m([0m[32m1[0m[37m)[0m [94mAS[0m [37m"cnt"[0m [94mFROM[0m [37m"disputes"[0m [37m"DisputeOrmEntity"[0m [94mWHERE[0m [37m([0m[37m([0m[37m"DisputeOrmEntity"[0m[37m.[0m[37m"tenant_id"[0m [37m=[0m [37m$[0m[32m1[0m[37m)[0m [94mAND[0m [37m([0m[37m"DisputeOrmEntity"[0m[37m.[0m[37m"status"[0m [37m=[0m [37m$[0m[32m2[0m[37m)[0m[37m)[0m [90m-- PARAMETERS: ["a0000000-0000-0000-0000-000000000001","OPEN"][0m
[90m[4mquery:[24m[39m [94mSELECT[0m [95mCOUNT[0m[37m([0m[32m1[0m[37m)[0m [94mAS[0m [37m"cnt"[0m [94mFROM[0m [37m"orders"[0m [37m"o"[0m [94mWHERE[0m [37m"o"[0m[37m.[0m[37m"tenant_id"[0m [37m=[0m [37m$[0m[32m1[0m [94mAND[0m [37m"o"[0m[37m.[0m[37m"status"[0m [94mNOT[0m [94mIN[0m [37m([0m[37m$[0m[32m2[0m[37m,[0m [37m$[0m[32m3[0m[37m,[0m [37m$[0m[32m4[0m[37m)[0m [90m-- PARAMETERS: ["a0000000-0000-0000-0000-000000000001","DELIVERED","CANCELLED","REFUNDED"][0m
[90m[4mquery:[24m[39m [94mSELECT[0m [95mCOUNT[0m[37m([0m[32m1[0m[37m)[0m [94mAS[0m [37m"cnt"[0m [94mFROM[0m [37m"users"[0m [37m"UserOrmEntity"[0m [94mWHERE[0m [37m([0m[37m([0m[37m"UserOrmEntity"[0m[37m.[0m[37m"tenant_id"[0m [37m=[0m [37m$[0m[32m1[0m[37m)[0m[37m)[0m [90m-- PARAMETERS: ["a0000000-0000-0000-0000-000000000001"][0m
[90m[4mquery:[24m[39m [94mSELECT[0m [95mSUM[0m[37m([0m[37m"p"[0m[37m.[0m[37m"amount"[0m[37m)[0m [94mAS[0m [37m"total"[0m[37m,[0m [95mCOUNT[0m[37m([0m[37m"p"[0m[37m.[0m[37m"id"[0m[37m)[0m [94mAS[0m [37m"count"[0m [94mFROM[0m [37m"payments"[0m [37m"p"[0m [94mWHERE[0m [37m"p"[0m[37m.[0m[37m"tenant_id"[0m [37m=[0m [37m$[0m[32m1[0m [94mAND[0m [37m"p"[0m[37m.[0m[37m"status"[0m [37m=[0m [37m$[0m[32m2[0m [90m-- PARAMETERS: ["a0000000-0000-0000-0000-000000000001","RELEASED"][0m
[90m[4mquery:[24m[39m [94mSELECT[0m [37m"OrderOrmEntity"[0m[37m.[0m[37m"id"[0m [94mAS[0m [37m"OrderOrmEntity_id"[0m[37m,[0m [37m"OrderOrmEntity"[0m[37m.[0m[37m"tenant_id"[0m [94mAS[0m [37m"OrderOrmEntity_tenant_id"[0m[37m,[0m [37m"OrderOrmEntity"[0m[37m.[0m[37m"created_at"[0m [94mAS[0m [37m"OrderOrmEntity_created_at"[0m[37m,[0m [37m"OrderOrmEntity"[0m[37m.[0m[37m"updated_at"[0m [94mAS[0m [37m"OrderOrmEntity_updated_at"[0m[37m,[0m [37m"OrderOrmEntity"[0m[37m.[0m[37m"customer_id"[0m [94mAS[0m [37m"OrderOrmEntity_customer_id"[0m[37m,[0m [37m"OrderOrmEntity"[0m[37m.[0m[37m"vendor_id"[0m [94mAS[0m [37m"OrderOrmEntity_vendor_id"[0m[37m,[0m [37m"OrderOrmEntity"[0m[37m.[0m[37m"driver_id"[0m [94mAS[0m [37m"OrderOrmEntity_driver_id"[0m[37m,[0m [37m"OrderOrmEntity"[0m[37m.[0m[37m"type"[0m [94mAS[0m [37m"OrderOrmEntity_type"[0m[37m,[0m [37m"OrderOrmEntity"[0m[37m.[0m[37m"status"[0m [94mAS[0m [37m"OrderOrmEntity_status"[0m[37m,[0m [37m"OrderOrmEntity"[0m[37m.[0m[37m"subtotal"[0m [94mAS[0m [37m"OrderOrmEntity_subtotal"[0m[37m,[0m [37m"OrderOrmEntity"[0m[37m.[0m[37m"delivery_fee"[0m [94mAS[0m [37m"OrderOrmEntity_delivery_fee"[0m[37m,[0m [37m"OrderOrmEntity"[0m[37m.[0m[37m"system_commission"[0m [94mAS[0m [37m"OrderOrmEntity_system_commission"[0m[37m,[0m [37m"OrderOrmEntity"[0m[37m.[0m[37m"total_amount"[0m [94mAS[0m [37m"OrderOrmEntity_total_amount"[0m[37m,[0m [37m"OrderOrmEntity"[0m[37m.[0m[37m"currency"[0m [94mAS[0m [37m"OrderOrmEntity_currency"[0m[37m,[0m [37m"OrderOrmEntity"[0m[37m.[0m[37m"delivery_address"[0m [94mAS[0m [37m"OrderOrmEntity_delivery_address"[0m[37m,[0m [37m"OrderOrmEntity"[0m[37m.[0m[37m"delivery_latitude"[0m [94mAS[0m [37m"OrderOrmEntity_delivery_latitude"[0m[37m,[0m [37m"OrderOrmEntity"[0m[37m.[0m[37m"delivery_longitude"[0m [94mAS[0m [37m"OrderOrmEntity_delivery_longitude"[0m[37m,[0m [37m"OrderOrmEntity"[0m[37m.[0m[37m"special_instructions"[0m [94mAS[0m [37m"OrderOrmEntity_special_instructions"[0m[37m,[0m [37m"OrderOrmEntity"[0m[37m.[0m[37m"otp_code"[0m [94mAS[0m [37m"OrderOrmEntity_otp_code"[0m[37m,[0m [37m"OrderOrmEntity"[0m[37m.[0m[37m"otp_verified"[0m [94mAS[0m [37m"OrderOrmEntity_otp_verified"[0m[37m,[0m [37m"OrderOrmEntity"[0m[37m.[0m[37m"version"[0m [94mAS[0m [37m"OrderOrmEntity_version"[0m [94mFROM[0m [37m"orders"[0m [37m"OrderOrmEntity"[0m [94mWHERE[0m [37m([0m[37m([0m[37m"OrderOrmEntity"[0m[37m.[0m[37m"tenant_id"[0m [37m=[0m [37m$[0m[32m1[0m[37m)[0m[37m)[0m [94mORDER BY[0m [37m"OrderOrmEntity"[0m[37m.[0m[37m"created_at"[0m [94mDESC[0m [94mLIMIT[0m [32m20[0m [90m-- PARAMETERS: ["a0000000-0000-0000-0000-000000000001"][0m
[90m[4mquery:[24m[39m [94mSELECT[0m [37m"v"[0m[37m.[0m[37m"id"[0m [94mAS[0m [37m"v_id"[0m[37m,[0m [37m"v"[0m[37m.[0m[37m"tenant_id"[0m [94mAS[0m [37m"v_tenant_id"[0m[37m,[0m [37m"v"[0m[37m.[0m[37m"created_at"[0m [94mAS[0m [37m"v_created_at"[0m[37m,[0m [37m"v"[0m[37m.[0m[37m"updated_at"[0m [94mAS[0m [37m"v_updated_at"[0m[37m,[0m [37m"v"[0m[37m.[0m[37m"user_id"[0m [94mAS[0m [37m"v_user_id"[0m[37m,[0m [37m"v"[0m[37m.[0m[37m"shop_name"[0m [94mAS[0m [37m"v_shop_name"[0m[37m,[0m [37m"v"[0m[37m.[0m[37m"description"[0m [94mAS[0m [37m"v_description"[0m[37m,[0m [37m"v"[0m[37m.[0m[37m"category"[0m [94mAS[0m [37m"v_category"[0m[37m,[0m [37m"v"[0m[37m.[0m[37m"commission_rate"[0m [94mAS[0m [37m"v_commission_rate"[0m[37m,[0m [37m"v"[0m[37m.[0m[37m"status"[0m [94mAS[0m [37m"v_status"[0m[37m,[0m [37m"v"[0m[37m.[0m[37m"average_rating"[0m [94mAS[0m [37m"v_average_rating"[0m[37m,[0m [37m"v"[0m[37m.[0m[37m"total_orders"[0m [94mAS[0m [37m"v_total_orders"[0m[37m,[0m [37m"v"[0m[37m.[0m[37m"version"[0m [94mAS[0m [37m"v_version"[0m [94mFROM[0m [37m"vendors"[0m [37m"v"[0m [94mWHERE[0m [37m"v"[0m[37m.[0m[37m"tenant_id"[0m [37m=[0m [37m$[0m[32m1[0m [94mAND[0m [37m"v"[0m[37m.[0m[37m"status"[0m [37m=[0m [37m$[0m[32m2[0m [94mORDER BY[0m [37m"v"[0m[37m.[0m[37m"created_at"[0m [94mASC[0m [94mLIMIT[0m [32m50[0m [37mOFFSET[0m [32m0[0m [90m-- PARAMETERS: ["a0000000-0000-0000-0000-000000000001","PENDING"][0m
[19:18:50.986] [34mDEBUG[39m (20344): [36mGET /api/admin/dashboard 200 37ms [user=b0000000-0000-0000-0000-000000000001 tenant=a0000000-0000-0000-0000-000000000001][39m
    [35mcontext[39m: "HTTP"
[90m[4mquery:[24m[39m [94mSELECT[0m [95mCOUNT[0m[37m([0m[32m1[0m[37m)[0m [94mAS[0m [37m"cnt"[0m [94mFROM[0m [37m"vendors"[0m [37m"VendorOrmEntity"[0m [94mWHERE[0m [37m([0m[37m([0m[37m"VendorOrmEntity"[0m[37m.[0m[37m"tenant_id"[0m [37m=[0m [37m$[0m[32m1[0m[37m)[0m[37m)[0m [90m-- PARAMETERS: ["a0000000-0000-0000-0000-000000000001"][0m
[90m[4mquery:[24m[39m [94mSELECT[0m [95mCOUNT[0m[37m([0m[32m1[0m[37m)[0m [94mAS[0m [37m"cnt"[0m [94mFROM[0m [37m"vendors"[0m [37m"VendorOrmEntity"[0m [94mWHERE[0m [37m([0m[37m([0m[37m"VendorOrmEntity"[0m[37m.[0m[37m"tenant_id"[0m [37m=[0m [37m$[0m[32m1[0m[37m)[0m [94mAND[0m [37m([0m[37m"VendorOrmEntity"[0m[37m.[0m[37m"status"[0m [37m=[0m [37m$[0m[32m2[0m[37m)[0m[37m)[0m [90m-- PARAMETERS: ["a0000000-0000-0000-0000-000000000001","PENDING"][0m
[90m[4mquery:[24m[39m [94mSELECT[0m [95mCOUNT[0m[37m([0m[32m1[0m[37m)[0m [94mAS[0m [37m"cnt"[0m [94mFROM[0m [37m"orders"[0m [37m"o"[0m [94mWHERE[0m [37m"o"[0m[37m.[0m[37m"tenant_id"[0m [37m=[0m [37m$[0m[32m1[0m [94mAND[0m [37m"o"[0m[37m.[0m[37m"status"[0m [94mNOT[0m [94mIN[0m [37m([0m[37m$[0m[32m2[0m[37m,[0m [37m$[0m[32m3[0m[37m,[0m [37m$[0m[32m4[0m[37m)[0m [90m-- PARAMETERS: ["a0000000-0000-0000-0000-000000000001","DELIVERED","CANCELLED","REFUNDED"][0m
[90m[4mquery:[24m[39m [94mSELECT[0m [95mCOUNT[0m[37m([0m[32m1[0m[37m)[0m [94mAS[0m [37m"cnt"[0m [94mFROM[0m [37m"disputes"[0m [37m"DisputeOrmEntity"[0m [94mWHERE[0m [37m([0m[37m([0m[37m"DisputeOrmEntity"[0m[37m.[0m[37m"tenant_id"[0m [37m=[0m [37m$[0m[32m1[0m[37m)[0m [94mAND[0m [37m([0m[37m"DisputeOrmEntity"[0m[37m.[0m[37m"status"[0m [37m=[0m [37m$[0m[32m2[0m[37m)[0m[37m)[0m [90m-- PARAMETERS: ["a0000000-0000-0000-0000-000000000001","OPEN"][0m
[90m[4mquery:[24m[39m [94mSELECT[0m [95mCOUNT[0m[37m([0m[32m1[0m[37m)[0m [94mAS[0m [37m"cnt"[0m [94mFROM[0m [37m"users"[0m [37m"UserOrmEntity"[0m [94mWHERE[0m [37m([0m[37m([0m[37m"UserOrmEntity"[0m[37m.[0m[37m"tenant_id"[0m [37m=[0m [37m$[0m[32m1[0m[37m)[0m[37m)[0m [90m-- PARAMETERS: ["a0000000-0000-0000-0000-000000000001"][0m
[90m[4mquery:[24m[39m [94mSELECT[0m [95mSUM[0m[37m([0m[37m"p"[0m[37m.[0m[37m"amount"[0m[37m)[0m [94mAS[0m [37m"total"[0m[37m,[0m [95mCOUNT[0m[37m([0m[37m"p"[0m[37m.[0m[37m"id"[0m[37m)[0m [94mAS[0m [37m"count"[0m [94mFROM[0m [37m"payments"[0m [37m"p"[0m [94mWHERE[0m [37m"p"[0m[37m.[0m[37m"tenant_id"[0m [37m=[0m [37m$[0m[32m1[0m [94mAND[0m [37m"p"[0m[37m.[0m[37m"status"[0m [37m=[0m [37m$[0m[32m2[0m [90m-- PARAMETERS: ["a0000000-0000-0000-0000-000000000001","RELEASED"][0m
[19:18:51.003] [34mDEBUG[39m (20344): [36mGET /api/admin/orders/recent 200 47ms [user=b0000000-0000-0000-0000-000000000001 tenant=a0000000-0000-0000-0000-000000000001][39m
    [35mcontext[39m: "HTTP"
[19:18:51.004] [34mDEBUG[39m (20344): [36mGET /api/admin/vendors/pending 200 46ms [user=b0000000-0000-0000-0000-000000000001 tenant=a0000000-0000-0000-0000-000000000001][39m
    [35mcontext[39m: "HTTP"
[19:18:51.007] [34mDEBUG[39m (20344): [36mGET /api/admin/dashboard 200 14ms [user=b0000000-0000-0000-0000-000000000001 tenant=a0000000-0000-0000-0000-000000000001][39m
    [35mcontext[39m: "HTTP"
[90m[4mquery:[24m[39m [94mSELECT[0m [37m"OrderOrmEntity"[0m[37m.[0m[37m"id"[0m [94mAS[0m [37m"OrderOrmEntity_id"[0m[37m,[0m [37m"OrderOrmEntity"[0m[37m.[0m[37m"tenant_id"[0m [94mAS[0m [37m"OrderOrmEntity_tenant_id"[0m[37m,[0m [37m"OrderOrmEntity"[0m[37m.[0m[37m"created_at"[0m [94mAS[0m [37m"OrderOrmEntity_created_at"[0m[37m,[0m [37m"OrderOrmEntity"[0m[37m.[0m[37m"updated_at"[0m [94mAS[0m [37m"OrderOrmEntity_updated_at"[0m[37m,[0m [37m"OrderOrmEntity"[0m[37m.[0m[37m"customer_id"[0m [94mAS[0m [37m"OrderOrmEntity_customer_id"[0m[37m,[0m [37m"OrderOrmEntity"[0m[37m.[0m[37m"vendor_id"[0m [94mAS[0m [37m"OrderOrmEntity_vendor_id"[0m[37m,[0m [37m"OrderOrmEntity"[0m[37m.[0m[37m"driver_id"[0m [94mAS[0m [37m"OrderOrmEntity_driver_id"[0m[37m,[0m [37m"OrderOrmEntity"[0m[37m.[0m[37m"type"[0m [94mAS[0m [37m"OrderOrmEntity_type"[0m[37m,[0m [37m"OrderOrmEntity"[0m[37m.[0m[37m"status"[0m [94mAS[0m [37m"OrderOrmEntity_status"[0m[37m,[0m [37m"OrderOrmEntity"[0m[37m.[0m[37m"subtotal"[0m [94mAS[0m [37m"OrderOrmEntity_subtotal"[0m[37m,[0m [37m"OrderOrmEntity"[0m[37m.[0m[37m"delivery_fee"[0m [94mAS[0m [37m"OrderOrmEntity_delivery_fee"[0m[37m,[0m [37m"OrderOrmEntity"[0m[37m.[0m[37m"system_commission"[0m [94mAS[0m [37m"OrderOrmEntity_system_commission"[0m[37m,[0m [37m"OrderOrmEntity"[0m[37m.[0m[37m"total_amount"[0m [94mAS[0m [37m"OrderOrmEntity_total_amount"[0m[37m,[0m [37m"OrderOrmEntity"[0m[37m.[0m[37m"currency"[0m [94mAS[0m [37m"OrderOrmEntity_currency"[0m[37m,[0m [37m"OrderOrmEntity"[0m[37m.[0m[37m"delivery_address"[0m [94mAS[0m [37m"OrderOrmEntity_delivery_address"[0m[37m,[0m [37m"OrderOrmEntity"[0m[37m.[0m[37m"delivery_latitude"[0m [94mAS[0m [37m"OrderOrmEntity_delivery_latitude"[0m[37m,[0m [37m"OrderOrmEntity"[0m[37m.[0m[37m"delivery_longitude"[0m [94mAS[0m [37m"OrderOrmEntity_delivery_longitude"[0m[37m,[0m [37m"OrderOrmEntity"[0m[37m.[0m[37m"special_instructions"[0m [94mAS[0m [37m"OrderOrmEntity_special_instructions"[0m[37m,[0m [37m"OrderOrmEntity"[0m[37m.[0m[37m"otp_code"[0m [94mAS[0m [37m"OrderOrmEntity_otp_code"[0m[37m,[0m [37m"OrderOrmEntity"[0m[37m.[0m[37m"otp_verified"[0m [94mAS[0m [37m"OrderOrmEntity_otp_verified"[0m[37m,[0m [37m"OrderOrmEntity"[0m[37m.[0m[37m"version"[0m [94mAS[0m [37m"OrderOrmEntity_version"[0m [94mFROM[0m [37m"orders"[0m [37m"OrderOrmEntity"[0m [94mWHERE[0m [37m([0m[37m([0m[37m"OrderOrmEntity"[0m[37m.[0m[37m"tenant_id"[0m [37m=[0m [37m$[0m[32m1[0m[37m)[0m[37m)[0m [94mORDER BY[0m [37m"OrderOrmEntity"[0m[37m.[0m[37m"created_at"[0m [94mDESC[0m [94mLIMIT[0m [32m20[0m [90m-- PARAMETERS: ["a0000000-0000-0000-0000-000000000001"][0m
[90m[4mquery:[24m[39m [94mSELECT[0m [37m"v"[0m[37m.[0m[37m"id"[0m [94mAS[0m [37m"v_id"[0m[37m,[0m [37m"v"[0m[37m.[0m[37m"tenant_id"[0m [94mAS[0m [37m"v_tenant_id"[0m[37m,[0m [37m"v"[0m[37m.[0m[37m"created_at"[0m [94mAS[0m [37m"v_created_at"[0m[37m,[0m [37m"v"[0m[37m.[0m[37m"updated_at"[0m [94mAS[0m [37m"v_updated_at"[0m[37m,[0m [37m"v"[0m[37m.[0m[37m"user_id"[0m [94mAS[0m [37m"v_user_id"[0m[37m,[0m [37m"v"[0m[37m.[0m[37m"shop_name"[0m [94mAS[0m [37m"v_shop_name"[0m[37m,[0m [37m"v"[0m[37m.[0m[37m"description"[0m [94mAS[0m [37m"v_description"[0m[37m,[0m [37m"v"[0m[37m.[0m[37m"category"[0m [94mAS[0m [37m"v_category"[0m[37m,[0m [37m"v"[0m[37m.[0m[37m"commission_rate"[0m [94mAS[0m [37m"v_commission_rate"[0m[37m,[0m [37m"v"[0m[37m.[0m[37m"status"[0m [94mAS[0m [37m"v_status"[0m[37m,[0m [37m"v"[0m[37m.[0m[37m"average_rating"[0m [94mAS[0m [37m"v_average_rating"[0m[37m,[0m [37m"v"[0m[37m.[0m[37m"total_orders"[0m [94mAS[0m [37m"v_total_orders"[0m[37m,[0m [37m"v"[0m[37m.[0m[37m"version"[0m [94mAS[0m [37m"v_version"[0m [94mFROM[0m [37m"vendors"[0m [37m"v"[0m [94mWHERE[0m [37m"v"[0m[37m.[0m[37m"tenant_id"[0m [37m=[0m [37m$[0m[32m1[0m [94mAND[0m [37m"v"[0m[37m.[0m[37m"status"[0m [37m=[0m [37m$[0m[32m2[0m [94mORDER BY[0m [37m"v"[0m[37m.[0m[37m"created_at"[0m [94mASC[0m [94mLIMIT[0m [32m50[0m [37mOFFSET[0m [32m0[0m [90m-- PARAMETERS: ["a0000000-0000-0000-0000-000000000001","PENDING"][0m
[19:18:51.018] [34mDEBUG[39m (20344): [36mGET /api/admin/orders/recent 200 7ms [user=b0000000-0000-0000-0000-000000000001 tenant=a0000000-0000-0000-0000-000000000001][39m
    [35mcontext[39m: "HTTP"
[19:18:51.019] [34mDEBUG[39m (20344): [36mGET /api/admin/vendors/pending 200 3ms [user=b0000000-0000-0000-0000-000000000001 tenant=a0000000-0000-0000-0000-000000000001][39m
    [35mcontext[39m: "HTTP"
[90m[4mquery:[24m[39m [94mSELECT[0m [37m"v"[0m[37m.[0m[37m"id"[0m [94mAS[0m [37m"v_id"[0m[37m,[0m [37m"v"[0m[37m.[0m[37m"tenant_id"[0m [94mAS[0m [37m"v_tenant_id"[0m[37m,[0m [37m"v"[0m[37m.[0m[37m"created_at"[0m [94mAS[0m [37m"v_created_at"[0m[37m,[0m [37m"v"[0m[37m.[0m[37m"updated_at"[0m [94mAS[0m [37m"v_updated_at"[0m[37m,[0m [37m"v"[0m[37m.[0m[37m"user_id"[0m [94mAS[0m [37m"v_user_id"[0m[37m,[0m [37m"v"[0m[37m.[0m[37m"shop_name"[0m [94mAS[0m [37m"v_shop_name"[0m[37m,[0m [37m"v"[0m[37m.[0m[37m"description"[0m [94mAS[0m [37m"v_description"[0m[37m,[0m [37m"v"[0m[37m.[0m[37m"category"[0m [94mAS[0m [37m"v_category"[0m[37m,[0m [37m"v"[0m[37m.[0m[37m"commission_rate"[0m [94mAS[0m [37m"v_commission_rate"[0m[37m,[0m [37m"v"[0m[37m.[0m[37m"status"[0m [94mAS[0m [37m"v_status"[0m[37m,[0m [37m"v"[0m[37m.[0m[37m"average_rating"[0m [94mAS[0m [37m"v_average_rating"[0m[37m,[0m [37m"v"[0m[37m.[0m[37m"total_orders"[0m [94mAS[0m [37m"v_total_orders"[0m[37m,[0m [37m"v"[0m[37m.[0m[37m"version"[0m [94mAS[0m [37m"v_version"[0m [94mFROM[0m [37m"vendors"[0m [37m"v"[0m [94mWHERE[0m [37m"v"[0m[37m.[0m[37m"tenant_id"[0m [37m=[0m [37m$[0m[32m1[0m [94mAND[0m [37m"v"[0m[37m.[0m[37m"status"[0m [37m=[0m [37m$[0m[32m2[0m [94mORDER BY[0m [37m"v"[0m[37m.[0m[37m"average_rating"[0m [94mDESC[0m [94mLIMIT[0m [32m20[0m [37mOFFSET[0m [32m0[0m [90m-- PARAMETERS: ["a0000000-0000-0000-0000-000000000001","ACTIVE"][0m
[19:18:56.849] [34mDEBUG[39m (20344): [36mGET /api/vendors 200 65ms [user=b0000000-0000-0000-0000-000000000001 tenant=a0000000-0000-0000-0000-000000000001][39m
    [35mcontext[39m: "HTTP"
[19:18:56.882] [34mDEBUG[39m (20344): [36mGET /api/vendors 200 26ms [user=b0000000-0000-0000-0000-000000000001 tenant=a0000000-0000-0000-0000-000000000001][39m
    [35mcontext[39m: "HTTP"
[90m[4mquery:[24m[39m [94mSELECT[0m [95mCOUNT[0m[37m([0m[32m1[0m[37m)[0m [94mAS[0m [37m"cnt"[0m [94mFROM[0m [37m"vendors"[0m [37m"VendorOrmEntity"[0m [94mWHERE[0m [37m([0m[37m([0m[37m"VendorOrmEntity"[0m[37m.[0m[37m"tenant_id"[0m [37m=[0m [37m$[0m[32m1[0m[37m)[0m[37m)[0m [90m-- PARAMETERS: ["a0000000-0000-0000-0000-000000000001"][0m
[90m[4mquery:[24m[39m [94mSELECT[0m [95mCOUNT[0m[37m([0m[32m1[0m[37m)[0m [94mAS[0m [37m"cnt"[0m [94mFROM[0m [37m"vendors"[0m [37m"VendorOrmEntity"[0m [94mWHERE[0m [37m([0m[37m([0m[37m"VendorOrmEntity"[0m[37m.[0m[37m"tenant_id"[0m [37m=[0m [37m$[0m[32m1[0m[37m)[0m [94mAND[0m [37m([0m[37m"VendorOrmEntity"[0m[37m.[0m[37m"status"[0m [37m=[0m [37m$[0m[32m2[0m[37m)[0m[37m)[0m [90m-- PARAMETERS: ["a0000000-0000-0000-0000-000000000001","PENDING"][0m
[90m[4mquery:[24m[39m [94mSELECT[0m [95mCOUNT[0m[37m([0m[32m1[0m[37m)[0m [94mAS[0m [37m"cnt"[0m [94mFROM[0m [37m"orders"[0m [37m"o"[0m [94mWHERE[0m [37m"o"[0m[37m.[0m[37m"tenant_id"[0m [37m=[0m [37m$[0m[32m1[0m [94mAND[0m [37m"o"[0m[37m.[0m[37m"status"[0m [94mNOT[0m [94mIN[0m [37m([0m[37m$[0m[32m2[0m[37m,[0m [37m$[0m[32m3[0m[37m,[0m [37m$[0m[32m4[0m[37m)[0m [90m-- PARAMETERS: ["a0000000-0000-0000-0000-000000000001","DELIVERED","CANCELLED","REFUNDED"][0m
[90m[4mquery:[24m[39m [94mSELECT[0m [95mCOUNT[0m[37m([0m[32m1[0m[37m)[0m [94mAS[0m [37m"cnt"[0m [94mFROM[0m [37m"disputes"[0m [37m"DisputeOrmEntity"[0m [94mWHERE[0m [37m([0m[37m([0m[37m"DisputeOrmEntity"[0m[37m.[0m[37m"tenant_id"[0m [37m=[0m [37m$[0m[32m1[0m[37m)[0m [94mAND[0m [37m([0m[37m"DisputeOrmEntity"[0m[37m.[0m[37m"status"[0m [37m=[0m [37m$[0m[32m2[0m[37m)[0m[37m)[0m [90m-- PARAMETERS: ["a0000000-0000-0000-0000-000000000001","OPEN"][0m
[90m[4mquery:[24m[39m [94mSELECT[0m [95mCOUNT[0m[37m([0m[32m1[0m[37m)[0m [94mAS[0m [37m"cnt"[0m [94mFROM[0m [37m"users"[0m [37m"UserOrmEntity"[0m [94mWHERE[0m [37m([0m[37m([0m[37m"UserOrmEntity"[0m[37m.[0m[37m"tenant_id"[0m [37m=[0m [37m$[0m[32m1[0m[37m)[0m[37m)[0m [90m-- PARAMETERS: ["a0000000-0000-0000-0000-000000000001"][0m
[90m[4mquery:[24m[39m [94mSELECT[0m [95mSUM[0m[37m([0m[37m"p"[0m[37m.[0m[37m"amount"[0m[37m)[0m [94mAS[0m [37m"total"[0m[37m,[0m [95mCOUNT[0m[37m([0m[37m"p"[0m[37m.[0m[37m"id"[0m[37m)[0m [94mAS[0m [37m"count"[0m [94mFROM[0m [37m"payments"[0m [37m"p"[0m [94mWHERE[0m [37m"p"[0m[37m.[0m[37m"tenant_id"[0m [37m=[0m [37m$[0m[32m1[0m [94mAND[0m [37m"p"[0m[37m.[0m[37m"status"[0m [37m=[0m [37m$[0m[32m2[0m [90m-- PARAMETERS: ["a0000000-0000-0000-0000-000000000001","RELEASED"][0m
[90m[4mquery:[24m[39m [94mSELECT[0m [37m"OrderOrmEntity"[0m[37m.[0m[37m"id"[0m [94mAS[0m [37m"OrderOrmEntity_id"[0m[37m,[0m [37m"OrderOrmEntity"[0m[37m.[0m[37m"tenant_id"[0m [94mAS[0m [37m"OrderOrmEntity_tenant_id"[0m[37m,[0m [37m"OrderOrmEntity"[0m[37m.[0m[37m"created_at"[0m [94mAS[0m [37m"OrderOrmEntity_created_at"[0m[37m,[0m [37m"OrderOrmEntity"[0m[37m.[0m[37m"updated_at"[0m [94mAS[0m [37m"OrderOrmEntity_updated_at"[0m[37m,[0m [37m"OrderOrmEntity"[0m[37m.[0m[37m"customer_id"[0m [94mAS[0m [37m"OrderOrmEntity_customer_id"[0m[37m,[0m [37m"OrderOrmEntity"[0m[37m.[0m[37m"vendor_id"[0m [94mAS[0m [37m"OrderOrmEntity_vendor_id"[0m[37m,[0m [37m"OrderOrmEntity"[0m[37m.[0m[37m"driver_id"[0m [94mAS[0m [37m"OrderOrmEntity_driver_id"[0m[37m,[0m [37m"OrderOrmEntity"[0m[37m.[0m[37m"type"[0m [94mAS[0m [37m"OrderOrmEntity_type"[0m[37m,[0m [37m"OrderOrmEntity"[0m[37m.[0m[37m"status"[0m [94mAS[0m [37m"OrderOrmEntity_status"[0m[37m,[0m [37m"OrderOrmEntity"[0m[37m.[0m[37m"subtotal"[0m [94mAS[0m [37m"OrderOrmEntity_subtotal"[0m[37m,[0m [37m"OrderOrmEntity"[0m[37m.[0m[37m"delivery_fee"[0m [94mAS[0m [37m"OrderOrmEntity_delivery_fee"[0m[37m,[0m [37m"OrderOrmEntity"[0m[37m.[0m[37m"system_commission"[0m [94mAS[0m [37m"OrderOrmEntity_system_commission"[0m[37m,[0m [37m"OrderOrmEntity"[0m[37m.[0m[37m"total_amount"[0m [94mAS[0m [37m"OrderOrmEntity_total_amount"[0m[37m,[0m [37m"OrderOrmEntity"[0m[37m.[0m[37m"currency"[0m [94mAS[0m [37m"OrderOrmEntity_currency"[0m[37m,[0m [37m"OrderOrmEntity"[0m[37m.[0m[37m"delivery_address"[0m [94mAS[0m [37m"OrderOrmEntity_delivery_address"[0m[37m,[0m [37m"OrderOrmEntity"[0m[37m.[0m[37m"delivery_latitude"[0m [94mAS[0m [37m"OrderOrmEntity_delivery_latitude"[0m[37m,[0m [37m"OrderOrmEntity"[0m[37m.[0m[37m"delivery_longitude"[0m [94mAS[0m [37m"OrderOrmEntity_delivery_longitude"[0m[37m,[0m [37m"OrderOrmEntity"[0m[37m.[0m[37m"special_instructions"[0m [94mAS[0m [37m"OrderOrmEntity_special_instructions"[0m[37m,[0m [37m"OrderOrmEntity"[0m[37m.[0m[37m"otp_code"[0m [94mAS[0m [37m"OrderOrmEntity_otp_code"[0m[37m,[0m [37m"OrderOrmEntity"[0m[37m.[0m[37m"otp_verified"[0m [94mAS[0m [37m"OrderOrmEntity_otp_verified"[0m[37m,[0m [37m"OrderOrmEntity"[0m[37m.[0m[37m"version"[0m [94mAS[0m [37m"OrderOrmEntity_version"[0m [94mFROM[0m [37m"orders"[0m [37m"OrderOrmEntity"[0m [94mWHERE[0m [37m([0m[37m([0m[37m"OrderOrmEntity"[0m[37m.[0m[37m"tenant_id"[0m [37m=[0m [37m$[0m[32m1[0m[37m)[0m[37m)[0m [94mORDER BY[0m [37m"OrderOrmEntity"[0m[37m.[0m[37m"created_at"[0m [94mDESC[0m [94mLIMIT[0m [32m20[0m [90m-- PARAMETERS: ["a0000000-0000-0000-0000-000000000001"][0m
[90m[4mquery:[24m[39m [94mSELECT[0m [37m"v"[0m[37m.[0m[37m"id"[0m [94mAS[0m [37m"v_id"[0m[37m,[0m [37m"v"[0m[37m.[0m[37m"tenant_id"[0m [94mAS[0m [37m"v_tenant_id"[0m[37m,[0m [37m"v"[0m[37m.[0m[37m"created_at"[0m [94mAS[0m [37m"v_created_at"[0m[37m,[0m [37m"v"[0m[37m.[0m[37m"updated_at"[0m [94mAS[0m [37m"v_updated_at"[0m[37m,[0m [37m"v"[0m[37m.[0m[37m"user_id"[0m [94mAS[0m [37m"v_user_id"[0m[37m,[0m [37m"v"[0m[37m.[0m[37m"shop_name"[0m [94mAS[0m [37m"v_shop_name"[0m[37m,[0m [37m"v"[0m[37m.[0m[37m"description"[0m [94mAS[0m [37m"v_description"[0m[37m,[0m [37m"v"[0m[37m.[0m[37m"category"[0m [94mAS[0m [37m"v_category"[0m[37m,[0m [37m"v"[0m[37m.[0m[37m"commission_rate"[0m [94mAS[0m [37m"v_commission_rate"[0m[37m,[0m [37m"v"[0m[37m.[0m[37m"status"[0m [94mAS[0m [37m"v_status"[0m[37m,[0m [37m"v"[0m[37m.[0m[37m"average_rating"[0m [94mAS[0m [37m"v_average_rating"[0m[37m,[0m [37m"v"[0m[37m.[0m[37m"total_orders"[0m [94mAS[0m [37m"v_total_orders"[0m[37m,[0m [37m"v"[0m[37m.[0m[37m"version"[0m [94mAS[0m [37m"v_version"[0m [94mFROM[0m [37m"vendors"[0m [37m"v"[0m [94mWHERE[0m [37m"v"[0m[37m.[0m[37m"tenant_id"[0m [37m=[0m [37m$[0m[32m1[0m [94mAND[0m [37m"v"[0m[37m.[0m[37m"status"[0m [37m=[0m [37m$[0m[32m2[0m [94mORDER BY[0m [37m"v"[0m[37m.[0m[37m"created_at"[0m [94mASC[0m [94mLIMIT[0m [32m50[0m [37mOFFSET[0m [32m0[0m [90m-- PARAMETERS: ["a0000000-0000-0000-0000-000000000001","PENDING"][0m
[19:19:00.285] [34mDEBUG[39m (20344): [36mGET /api/admin/dashboard 200 20ms [user=b0000000-0000-0000-0000-000000000001 tenant=a0000000-0000-0000-0000-000000000001][39m
    [35mcontext[39m: "HTTP"
[19:19:00.286] [34mDEBUG[39m (20344): [36mGET /api/admin/orders/recent 200 11ms [user=b0000000-0000-0000-0000-000000000001 tenant=a0000000-0000-0000-0000-000000000001][39m
    [35mcontext[39m: "HTTP"
[19:19:00.289] [34mDEBUG[39m (20344): [36mGET /api/admin/vendors/pending 200 10ms [user=b0000000-0000-0000-0000-000000000001 tenant=a0000000-0000-0000-0000-000000000001][39m
    [35mcontext[39m: "HTTP"
[90m[4mquery:[24m[39m [94mSELECT[0m [95mCOUNT[0m[37m([0m[32m1[0m[37m)[0m [94mAS[0m [37m"cnt"[0m [94mFROM[0m [37m"vendors"[0m [37m"VendorOrmEntity"[0m [94mWHERE[0m [37m([0m[37m([0m[37m"VendorOrmEntity"[0m[37m.[0m[37m"tenant_id"[0m [37m=[0m [37m$[0m[32m1[0m[37m)[0m[37m)[0m [90m-- PARAMETERS: ["a0000000-0000-0000-0000-000000000001"][0m
[90m[4mquery:[24m[39m [94mSELECT[0m [95mCOUNT[0m[37m([0m[32m1[0m[37m)[0m [94mAS[0m [37m"cnt"[0m [94mFROM[0m [37m"vendors"[0m [37m"VendorOrmEntity"[0m [94mWHERE[0m [37m([0m[37m([0m[37m"VendorOrmEntity"[0m[37m.[0m[37m"tenant_id"[0m [37m=[0m [37m$[0m[32m1[0m[37m)[0m [94mAND[0m [37m([0m[37m"VendorOrmEntity"[0m[37m.[0m[37m"status"[0m [37m=[0m [37m$[0m[32m2[0m[37m)[0m[37m)[0m [90m-- PARAMETERS: ["a0000000-0000-0000-0000-000000000001","PENDING"][0m
[90m[4mquery:[24m[39m [94mSELECT[0m [95mCOUNT[0m[37m([0m[32m1[0m[37m)[0m [94mAS[0m [37m"cnt"[0m [94mFROM[0m [37m"orders"[0m [37m"o"[0m [94mWHERE[0m [37m"o"[0m[37m.[0m[37m"tenant_id"[0m [37m=[0m [37m$[0m[32m1[0m [94mAND[0m [37m"o"[0m[37m.[0m[37m"status"[0m [94mNOT[0m [94mIN[0m [37m([0m[37m$[0m[32m2[0m[37m,[0m [37m$[0m[32m3[0m[37m,[0m [37m$[0m[32m4[0m[37m)[0m [90m-- PARAMETERS: ["a0000000-0000-0000-0000-000000000001","DELIVERED","CANCELLED","REFUNDED"][0m
[90m[4mquery:[24m[39m [94mSELECT[0m [95mCOUNT[0m[37m([0m[32m1[0m[37m)[0m [94mAS[0m [37m"cnt"[0m [94mFROM[0m [37m"disputes"[0m [37m"DisputeOrmEntity"[0m [94mWHERE[0m [37m([0m[37m([0m[37m"DisputeOrmEntity"[0m[37m.[0m[37m"tenant_id"[0m [37m=[0m [37m$[0m[32m1[0m[37m)[0m [94mAND[0m [37m([0m[37m"DisputeOrmEntity"[0m[37m.[0m[37m"status"[0m [37m=[0m [37m$[0m[32m2[0m[37m)[0m[37m)[0m [90m-- PARAMETERS: ["a0000000-0000-0000-0000-000000000001","OPEN"][0m
[90m[4mquery:[24m[39m [94mSELECT[0m [95mCOUNT[0m[37m([0m[32m1[0m[37m)[0m [94mAS[0m [37m"cnt"[0m [94mFROM[0m [37m"users"[0m [37m"UserOrmEntity"[0m [94mWHERE[0m [37m([0m[37m([0m[37m"UserOrmEntity"[0m[37m.[0m[37m"tenant_id"[0m [37m=[0m [37m$[0m[32m1[0m[37m)[0m[37m)[0m [90m-- PARAMETERS: ["a0000000-0000-0000-0000-000000000001"][0m
[90m[4mquery:[24m[39m [94mSELECT[0m [95mSUM[0m[37m([0m[37m"p"[0m[37m.[0m[37m"amount"[0m[37m)[0m [94mAS[0m [37m"total"[0m[37m,[0m [95mCOUNT[0m[37m([0m[37m"p"[0m[37m.[0m[37m"id"[0m[37m)[0m [94mAS[0m [37m"count"[0m [94mFROM[0m [37m"payments"[0m [37m"p"[0m [94mWHERE[0m [37m"p"[0m[37m.[0m[37m"tenant_id"[0m [37m=[0m [37m$[0m[32m1[0m [94mAND[0m [37m"p"[0m[37m.[0m[37m"status"[0m [37m=[0m [37m$[0m[32m2[0m [90m-- PARAMETERS: ["a0000000-0000-0000-0000-000000000001","RELEASED"][0m
[90m[4mquery:[24m[39m [94mSELECT[0m [37m"OrderOrmEntity"[0m[37m.[0m[37m"id"[0m [94mAS[0m [37m"OrderOrmEntity_id"[0m[37m,[0m [37m"OrderOrmEntity"[0m[37m.[0m[37m"tenant_id"[0m [94mAS[0m [37m"OrderOrmEntity_tenant_id"[0m[37m,[0m [37m"OrderOrmEntity"[0m[37m.[0m[37m"created_at"[0m [94mAS[0m [37m"OrderOrmEntity_created_at"[0m[37m,[0m [37m"OrderOrmEntity"[0m[37m.[0m[37m"updated_at"[0m [94mAS[0m [37m"OrderOrmEntity_updated_at"[0m[37m,[0m [37m"OrderOrmEntity"[0m[37m.[0m[37m"customer_id"[0m [94mAS[0m [37m"OrderOrmEntity_customer_id"[0m[37m,[0m [37m"OrderOrmEntity"[0m[37m.[0m[37m"vendor_id"[0m [94mAS[0m [37m"OrderOrmEntity_vendor_id"[0m[37m,[0m [37m"OrderOrmEntity"[0m[37m.[0m[37m"driver_id"[0m [94mAS[0m [37m"OrderOrmEntity_driver_id"[0m[37m,[0m [37m"OrderOrmEntity"[0m[37m.[0m[37m"type"[0m [94mAS[0m [37m"OrderOrmEntity_type"[0m[37m,[0m [37m"OrderOrmEntity"[0m[37m.[0m[37m"status"[0m [94mAS[0m [37m"OrderOrmEntity_status"[0m[37m,[0m [37m"OrderOrmEntity"[0m[37m.[0m[37m"subtotal"[0m [94mAS[0m [37m"OrderOrmEntity_subtotal"[0m[37m,[0m [37m"OrderOrmEntity"[0m[37m.[0m[37m"delivery_fee"[0m [94mAS[0m [37m"OrderOrmEntity_delivery_fee"[0m[37m,[0m [37m"OrderOrmEntity"[0m[37m.[0m[37m"system_commission"[0m [94mAS[0m [37m"OrderOrmEntity_system_commission"[0m[37m,[0m [37m"OrderOrmEntity"[0m[37m.[0m[37m"total_amount"[0m [94mAS[0m [37m"OrderOrmEntity_total_amount"[0m[37m,[0m [37m"OrderOrmEntity"[0m[37m.[0m[37m"currency"[0m [94mAS[0m [37m"OrderOrmEntity_currency"[0m[37m,[0m [37m"OrderOrmEntity"[0m[37m.[0m[37m"delivery_address"[0m [94mAS[0m [37m"OrderOrmEntity_delivery_address"[0m[37m,[0m [37m"OrderOrmEntity"[0m[37m.[0m[37m"delivery_latitude"[0m [94mAS[0m [37m"OrderOrmEntity_delivery_latitude"[0m[37m,[0m [37m"OrderOrmEntity"[0m[37m.[0m[37m"delivery_longitude"[0m [94mAS[0m [37m"OrderOrmEntity_delivery_longitude"[0m[37m,[0m [37m"OrderOrmEntity"[0m[37m.[0m[37m"special_instructions"[0m [94mAS[0m [37m"OrderOrmEntity_special_instructions"[0m[37m,[0m [37m"OrderOrmEntity"[0m[37m.[0m[37m"otp_code"[0m [94mAS[0m [37m"OrderOrmEntity_otp_code"[0m[37m,[0m [37m"OrderOrmEntity"[0m[37m.[0m[37m"otp_verified"[0m [94mAS[0m [37m"OrderOrmEntity_otp_verified"[0m[37m,[0m [37m"OrderOrmEntity"[0m[37m.[0m[37m"version"[0m [94mAS[0m [37m"OrderOrmEntity_version"[0m [94mFROM[0m [37m"orders"[0m [37m"OrderOrmEntity"[0m [94mWHERE[0m [37m([0m[37m([0m[37m"OrderOrmEntity"[0m[37m.[0m[37m"tenant_id"[0m [37m=[0m [37m$[0m[32m1[0m[37m)[0m[37m)[0m [94mORDER BY[0m [37m"OrderOrmEntity"[0m[37m.[0m[37m"created_at"[0m [94mDESC[0m [94mLIMIT[0m [32m20[0m [90m-- PARAMETERS: ["a0000000-0000-0000-0000-000000000001"][0m
[90m[4mquery:[24m[39m [94mSELECT[0m [37m"v"[0m[37m.[0m[37m"id"[0m [94mAS[0m [37m"v_id"[0m[37m,[0m [37m"v"[0m[37m.[0m[37m"tenant_id"[0m [94mAS[0m [37m"v_tenant_id"[0m[37m,[0m [37m"v"[0m[37m.[0m[37m"created_at"[0m [94mAS[0m [37m"v_created_at"[0m[37m,[0m [37m"v"[0m[37m.[0m[37m"updated_at"[0m [94mAS[0m [37m"v_updated_at"[0m[37m,[0m [37m"v"[0m[37m.[0m[37m"user_id"[0m [94mAS[0m [37m"v_user_id"[0m[37m,[0m [37m"v"[0m[37m.[0m[37m"shop_name"[0m [94mAS[0m [37m"v_shop_name"[0m[37m,[0m [37m"v"[0m[37m.[0m[37m"description"[0m [94mAS[0m [37m"v_description"[0m[37m,[0m [37m"v"[0m[37m.[0m[37m"category"[0m [94mAS[0m [37m"v_category"[0m[37m,[0m [37m"v"[0m[37m.[0m[37m"commission_rate"[0m [94mAS[0m [37m"v_commission_rate"[0m[37m,[0m [37m"v"[0m[37m.[0m[37m"status"[0m [94mAS[0m [37m"v_status"[0m[37m,[0m [37m"v"[0m[37m.[0m[37m"average_rating"[0m [94mAS[0m [37m"v_average_rating"[0m[37m,[0m [37m"v"[0m[37m.[0m[37m"total_orders"[0m [94mAS[0m [37m"v_total_orders"[0m[37m,[0m [37m"v"[0m[37m.[0m[37m"version"[0m [94mAS[0m [37m"v_version"[0m [94mFROM[0m [37m"vendors"[0m [37m"v"[0m [94mWHERE[0m [37m"v"[0m[37m.[0m[37m"tenant_id"[0m [37m=[0m [37m$[0m[32m1[0m [94mAND[0m [37m"v"[0m[37m.[0m[37m"status"[0m [37m=[0m [37m$[0m[32m2[0m [94mORDER BY[0m [37m"v"[0m[37m.[0m[37m"created_at"[0m [94mASC[0m [94mLIMIT[0m [32m50[0m [37mOFFSET[0m [32m0[0m [90m-- PARAMETERS: ["a0000000-0000-0000-0000-000000000001","PENDING"][0m
[19:19:00.307] [34mDEBUG[39m (20344): [36mGET /api/admin/dashboard 200 13ms [user=b0000000-0000-0000-0000-000000000001 tenant=a0000000-0000-0000-0000-000000000001][39m
    [35mcontext[39m: "HTTP"
[19:19:00.308] [34mDEBUG[39m (20344): [36mGET /api/admin/orders/recent 200 8ms [user=b0000000-0000-0000-0000-000000000001 tenant=a0000000-0000-0000-0000-000000000001][39m
    [35mcontext[39m: "HTTP"
[19:19:00.309] [34mDEBUG[39m (20344): [36mGET /api/admin/vendors/pending 200 6ms [user=b0000000-0000-0000-0000-000000000001 tenant=a0000000-0000-0000-0000-000000000001][39m
    [35mcontext[39m: "HTTP"
[90m[4mquery:[24m[39m [94mSELECT[0m [37m"UserOrmEntity"[0m[37m.[0m[37m"id"[0m [94mAS[0m [37m"UserOrmEntity_id"[0m[37m,[0m [37m"UserOrmEntity"[0m[37m.[0m[37m"created_at"[0m [94mAS[0m [37m"UserOrmEntity_created_at"[0m[37m,[0m [37m"UserOrmEntity"[0m[37m.[0m[37m"updated_at"[0m [94mAS[0m [37m"UserOrmEntity_updated_at"[0m[37m,[0m [37m"UserOrmEntity"[0m[37m.[0m[37m"tenant_id"[0m [94mAS[0m [37m"UserOrmEntity_tenant_id"[0m[37m,[0m [37m"UserOrmEntity"[0m[37m.[0m[37m"phone_number"[0m [94mAS[0m [37m"UserOrmEntity_phone_number"[0m[37m,[0m [37m"UserOrmEntity"[0m[37m.[0m[37m"full_name"[0m [94mAS[0m [37m"UserOrmEntity_full_name"[0m[37m,[0m [37m"UserOrmEntity"[0m[37m.[0m[37m"role"[0m [94mAS[0m [37m"UserOrmEntity_role"[0m[37m,[0m [37m"UserOrmEntity"[0m[37m.[0m[37m"password_hash"[0m [94mAS[0m [37m"UserOrmEntity_password_hash"[0m[37m,[0m [37m"UserOrmEntity"[0m[37m.[0m[37m"email"[0m [94mAS[0m [37m"UserOrmEntity_email"[0m[37m,[0m [37m"UserOrmEntity"[0m[37m.[0m[37m"status"[0m [94mAS[0m [37m"UserOrmEntity_status"[0m[37m,[0m [37m"UserOrmEntity"[0m[37m.[0m[37m"version"[0m [94mAS[0m [37m"UserOrmEntity_version"[0m [94mFROM[0m [37m"users"[0m [37m"UserOrmEntity"[0m [94mWHERE[0m [37m([0m[37m([0m[37m"UserOrmEntity"[0m[37m.[0m[37m"phone_number"[0m [37m=[0m [37m$[0m[32m1[0m[37m)[0m[37m)[0m [94mLIMIT[0m [32m1[0m [90m-- PARAMETERS: ["+250788100002"][0m
[19:19:16.862] [34mDEBUG[39m (20344): [36mPOST /api/auth/login 201 107ms [user=anonymous tenant=-][39m
    [35mcontext[39m: "HTTP"
[90m[4mquery:[24m[39m [94mSELECT[0m [37m"VendorOrmEntity"[0m[37m.[0m[37m"id"[0m [94mAS[0m [37m"VendorOrmEntity_id"[0m[37m,[0m [37m"VendorOrmEntity"[0m[37m.[0m[37m"tenant_id"[0m [94mAS[0m [37m"VendorOrmEntity_tenant_id"[0m[37m,[0m [37m"VendorOrmEntity"[0m[37m.[0m[37m"created_at"[0m [94mAS[0m [37m"VendorOrmEntity_created_at"[0m[37m,[0m [37m"VendorOrmEntity"[0m[37m.[0m[37m"updated_at"[0m [94mAS[0m [37m"VendorOrmEntity_updated_at"[0m[37m,[0m [37m"VendorOrmEntity"[0m[37m.[0m[37m"user_id"[0m [94mAS[0m [37m"VendorOrmEntity_user_id"[0m[37m,[0m [37m"VendorOrmEntity"[0m[37m.[0m[37m"shop_name"[0m [94mAS[0m [37m"VendorOrmEntity_shop_name"[0m[37m,[0m [37m"VendorOrmEntity"[0m[37m.[0m[37m"description"[0m [94mAS[0m [37m"VendorOrmEntity_description"[0m[37m,[0m [37m"VendorOrmEntity"[0m[37m.[0m[37m"category"[0m [94mAS[0m [37m"VendorOrmEntity_category"[0m[37m,[0m [37m"VendorOrmEntity"[0m[37m.[0m[37m"commission_rate"[0m [94mAS[0m [37m"VendorOrmEntity_commission_rate"[0m[37m,[0m [37m"VendorOrmEntity"[0m[37m.[0m[37m"status"[0m [94mAS[0m [37m"VendorOrmEntity_status"[0m[37m,[0m [37m"VendorOrmEntity"[0m[37m.[0m[37m"average_rating"[0m [94mAS[0m [37m"VendorOrmEntity_average_rating"[0m[37m,[0m [37m"VendorOrmEntity"[0m[37m.[0m[37m"total_orders"[0m [94mAS[0m [37m"VendorOrmEntity_total_orders"[0m[37m,[0m [37m"VendorOrmEntity"[0m[37m.[0m[37m"version"[0m [94mAS[0m [37m"VendorOrmEntity_version"[0m [94mFROM[0m [37m"vendors"[0m [37m"VendorOrmEntity"[0m [94mWHERE[0m [37m([0m[37m([0m[37m"VendorOrmEntity"[0m[37m.[0m[37m"user_id"[0m [37m=[0m [37m$[0m[32m1[0m[37m)[0m[37m)[0m [94mLIMIT[0m [32m1[0m [90m-- PARAMETERS: ["b0000000-0000-0000-0000-000000000002"][0m
[90m[4mquery:[24m[39m [94mSELECT[0m [37m"o"[0m[37m.[0m[37m"id"[0m [94mAS[0m [37m"o_id"[0m[37m,[0m [37m"o"[0m[37m.[0m[37m"tenant_id"[0m [94mAS[0m [37m"o_tenant_id"[0m[37m,[0m [37m"o"[0m[37m.[0m[37m"created_at"[0m [94mAS[0m [37m"o_created_at"[0m[37m,[0m [37m"o"[0m[37m.[0m[37m"updated_at"[0m [94mAS[0m [37m"o_updated_at"[0m[37m,[0m [37m"o"[0m[37m.[0m[37m"customer_id"[0m [94mAS[0m [37m"o_customer_id"[0m[37m,[0m [37m"o"[0m[37m.[0m[37m"vendor_id"[0m [94mAS[0m [37m"o_vendor_id"[0m[37m,[0m [37m"o"[0m[37m.[0m[37m"driver_id"[0m [94mAS[0m [37m"o_driver_id"[0m[37m,[0m [37m"o"[0m[37m.[0m[37m"type"[0m [94mAS[0m [37m"o_type"[0m[37m,[0m [37m"o"[0m[37m.[0m[37m"status"[0m [94mAS[0m [37m"o_status"[0m[37m,[0m [37m"o"[0m[37m.[0m[37m"subtotal"[0m [94mAS[0m [37m"o_subtotal"[0m[37m,[0m [37m"o"[0m[37m.[0m[37m"delivery_fee"[0m [94mAS[0m [37m"o_delivery_fee"[0m[37m,[0m [37m"o"[0m[37m.[0m[37m"system_commission"[0m [94mAS[0m [37m"o_system_commission"[0m[37m,[0m [37m"o"[0m[37m.[0m[37m"total_amount"[0m [94mAS[0m [37m"o_total_amount"[0m[37m,[0m [37m"o"[0m[37m.[0m[37m"currency"[0m [94mAS[0m [37m"o_currency"[0m[37m,[0m [37m"o"[0m[37m.[0m[37m"delivery_address"[0m [94mAS[0m [37m"o_delivery_address"[0m[37m,[0m [37m"o"[0m[37m.[0m[37m"delivery_latitude"[0m [94mAS[0m [37m"o_delivery_latitude"[0m[37m,[0m [37m"o"[0m[37m.[0m[37m"delivery_longitude"[0m [94mAS[0m [37m"o_delivery_longitude"[0m[37m,[0m [37m"o"[0m[37m.[0m[37m"special_instructions"[0m [94mAS[0m [37m"o_special_instructions"[0m[37m,[0m [37m"o"[0m[37m.[0m[37m"otp_code"[0m [94mAS[0m [37m"o_otp_code"[0m[37m,[0m [37m"o"[0m[37m.[0m[37m"otp_verified"[0m [94mAS[0m [37m"o_otp_verified"[0m[37m,[0m [37m"o"[0m[37m.[0m[37m"version"[0m [94mAS[0m [37m"o_version"[0m [94mFROM[0m [37m"orders"[0m [37m"o"[0m [94mWHERE[0m [37m"o"[0m[37m.[0m[37m"tenant_id"[0m [37m=[0m [37m$[0m[32m1[0m [94mAND[0m [37m"o"[0m[37m.[0m[37m"vendor_id"[0m [37m=[0m [37m$[0m[32m2[0m [94mORDER BY[0m [37m"o"[0m[37m.[0m[37m"created_at"[0m [94mDESC[0m [94mLIMIT[0m [32m10000[0m [37mOFFSET[0m [32m0[0m [90m-- PARAMETERS: ["a0000000-0000-0000-0000-000000000001","c0000000-0000-0000-0000-000000000001"][0m
[90m[4mquery:[24m[39m [94mSELECT[0m [37m"WalletOrmEntity"[0m[37m.[0m[37m"id"[0m [94mAS[0m [37m"WalletOrmEntity_id"[0m[37m,[0m [37m"WalletOrmEntity"[0m[37m.[0m[37m"tenant_id"[0m [94mAS[0m [37m"WalletOrmEntity_tenant_id"[0m[37m,[0m [37m"WalletOrmEntity"[0m[37m.[0m[37m"created_at"[0m [94mAS[0m [37m"WalletOrmEntity_created_at"[0m[37m,[0m [37m"WalletOrmEntity"[0m[37m.[0m[37m"updated_at"[0m [94mAS[0m [37m"WalletOrmEntity_updated_at"[0m[37m,[0m [37m"WalletOrmEntity"[0m[37m.[0m[37m"owner_id"[0m [94mAS[0m [37m"WalletOrmEntity_owner_id"[0m[37m,[0m [37m"WalletOrmEntity"[0m[37m.[0m[37m"owner_type"[0m [94mAS[0m [37m"WalletOrmEntity_owner_type"[0m[37m,[0m [37m"WalletOrmEntity"[0m[37m.[0m[37m"balance"[0m [94mAS[0m [37m"WalletOrmEntity_balance"[0m[37m,[0m [37m"WalletOrmEntity"[0m[37m.[0m[37m"pending_balance"[0m [94mAS[0m [37m"WalletOrmEntity_pending_balance"[0m[37m,[0m [37m"WalletOrmEntity"[0m[37m.[0m[37m"currency"[0m [94mAS[0m [37m"WalletOrmEntity_currency"[0m[37m,[0m [37m"WalletOrmEntity"[0m[37m.[0m[37m"version"[0m [94mAS[0m [37m"WalletOrmEntity_version"[0m [94mFROM[0m [37m"wallets"[0m [37m"WalletOrmEntity"[0m [94mWHERE[0m [37m([0m[37m([0m[37m"WalletOrmEntity"[0m[37m.[0m[37m"owner_id"[0m [37m=[0m [37m$[0m[32m1[0m[37m)[0m[37m)[0m [94mLIMIT[0m [32m1[0m [90m-- PARAMETERS: ["b0000000-0000-0000-0000-000000000002"][0m
[19:19:16.907] [34mDEBUG[39m (20344): [36mGET /api/vendors/me/stats 200 24ms [user=b0000000-0000-0000-0000-000000000002 tenant=a0000000-0000-0000-0000-000000000001][39m
    [35mcontext[39m: "HTTP"
[90m[4mquery:[24m[39m [94mSELECT[0m [37m"VendorOrmEntity"[0m[37m.[0m[37m"id"[0m [94mAS[0m [37m"VendorOrmEntity_id"[0m[37m,[0m [37m"VendorOrmEntity"[0m[37m.[0m[37m"tenant_id"[0m [94mAS[0m [37m"VendorOrmEntity_tenant_id"[0m[37m,[0m [37m"VendorOrmEntity"[0m[37m.[0m[37m"created_at"[0m [94mAS[0m [37m"VendorOrmEntity_created_at"[0m[37m,[0m [37m"VendorOrmEntity"[0m[37m.[0m[37m"updated_at"[0m [94mAS[0m [37m"VendorOrmEntity_updated_at"[0m[37m,[0m [37m"VendorOrmEntity"[0m[37m.[0m[37m"user_id"[0m [94mAS[0m [37m"VendorOrmEntity_user_id"[0m[37m,[0m [37m"VendorOrmEntity"[0m[37m.[0m[37m"shop_name"[0m [94mAS[0m [37m"VendorOrmEntity_shop_name"[0m[37m,[0m [37m"VendorOrmEntity"[0m[37m.[0m[37m"description"[0m [94mAS[0m [37m"VendorOrmEntity_description"[0m[37m,[0m [37m"VendorOrmEntity"[0m[37m.[0m[37m"category"[0m [94mAS[0m [37m"VendorOrmEntity_category"[0m[37m,[0m [37m"VendorOrmEntity"[0m[37m.[0m[37m"commission_rate"[0m [94mAS[0m [37m"VendorOrmEntity_commission_rate"[0m[37m,[0m [37m"VendorOrmEntity"[0m[37m.[0m[37m"status"[0m [94mAS[0m [37m"VendorOrmEntity_status"[0m[37m,[0m [37m"VendorOrmEntity"[0m[37m.[0m[37m"average_rating"[0m [94mAS[0m [37m"VendorOrmEntity_average_rating"[0m[37m,[0m [37m"VendorOrmEntity"[0m[37m.[0m[37m"total_orders"[0m [94mAS[0m [37m"VendorOrmEntity_total_orders"[0m[37m,[0m [37m"VendorOrmEntity"[0m[37m.[0m[37m"version"[0m [94mAS[0m [37m"VendorOrmEntity_version"[0m [94mFROM[0m [37m"vendors"[0m [37m"VendorOrmEntity"[0m [94mWHERE[0m [37m([0m[37m([0m[37m"VendorOrmEntity"[0m[37m.[0m[37m"user_id"[0m [37m=[0m [37m$[0m[32m1[0m[37m)[0m[37m)[0m [94mLIMIT[0m [32m1[0m [90m-- PARAMETERS: ["b0000000-0000-0000-0000-000000000002"][0m
[90m[4mquery:[24m[39m [94mSELECT[0m [37m"o"[0m[37m.[0m[37m"id"[0m [94mAS[0m [37m"o_id"[0m[37m,[0m [37m"o"[0m[37m.[0m[37m"tenant_id"[0m [94mAS[0m [37m"o_tenant_id"[0m[37m,[0m [37m"o"[0m[37m.[0m[37m"created_at"[0m [94mAS[0m [37m"o_created_at"[0m[37m,[0m [37m"o"[0m[37m.[0m[37m"updated_at"[0m [94mAS[0m [37m"o_updated_at"[0m[37m,[0m [37m"o"[0m[37m.[0m[37m"customer_id"[0m [94mAS[0m [37m"o_customer_id"[0m[37m,[0m [37m"o"[0m[37m.[0m[37m"vendor_id"[0m [94mAS[0m [37m"o_vendor_id"[0m[37m,[0m [37m"o"[0m[37m.[0m[37m"driver_id"[0m [94mAS[0m [37m"o_driver_id"[0m[37m,[0m [37m"o"[0m[37m.[0m[37m"type"[0m [94mAS[0m [37m"o_type"[0m[37m,[0m [37m"o"[0m[37m.[0m[37m"status"[0m [94mAS[0m [37m"o_status"[0m[37m,[0m [37m"o"[0m[37m.[0m[37m"subtotal"[0m [94mAS[0m [37m"o_subtotal"[0m[37m,[0m [37m"o"[0m[37m.[0m[37m"delivery_fee"[0m [94mAS[0m [37m"o_delivery_fee"[0m[37m,[0m [37m"o"[0m[37m.[0m[37m"system_commission"[0m [94mAS[0m [37m"o_system_commission"[0m[37m,[0m [37m"o"[0m[37m.[0m[37m"total_amount"[0m [94mAS[0m [37m"o_total_amount"[0m[37m,[0m [37m"o"[0m[37m.[0m[37m"currency"[0m [94mAS[0m [37m"o_currency"[0m[37m,[0m [37m"o"[0m[37m.[0m[37m"delivery_address"[0m [94mAS[0m [37m"o_delivery_address"[0m[37m,[0m [37m"o"[0m[37m.[0m[37m"delivery_latitude"[0m [94mAS[0m [37m"o_delivery_latitude"[0m[37m,[0m [37m"o"[0m[37m.[0m[37m"delivery_longitude"[0m [94mAS[0m [37m"o_delivery_longitude"[0m[37m,[0m [37m"o"[0m[37m.[0m[37m"special_instructions"[0m [94mAS[0m [37m"o_special_instructions"[0m[37m,[0m [37m"o"[0m[37m.[0m[37m"otp_code"[0m [94mAS[0m [37m"o_otp_code"[0m[37m,[0m [37m"o"[0m[37m.[0m[37m"otp_verified"[0m [94mAS[0m [37m"o_otp_verified"[0m[37m,[0m [37m"o"[0m[37m.[0m[37m"version"[0m [94mAS[0m [37m"o_version"[0m [94mFROM[0m [37m"orders"[0m [37m"o"[0m [94mWHERE[0m [37m"o"[0m[37m.[0m[37m"tenant_id"[0m [37m=[0m [37m$[0m[32m1[0m [94mAND[0m [37m"o"[0m[37m.[0m[37m"vendor_id"[0m [37m=[0m [37m$[0m[32m2[0m [94mORDER BY[0m [37m"o"[0m[37m.[0m[37m"created_at"[0m [94mDESC[0m [94mLIMIT[0m [32m20[0m [37mOFFSET[0m [32m0[0m [90m-- PARAMETERS: ["a0000000-0000-0000-0000-000000000001","c0000000-0000-0000-0000-000000000001"][0m
[19:19:16.913] [34mDEBUG[39m (20344): [36mGET /api/wallets/me 200 24ms [user=b0000000-0000-0000-0000-000000000002 tenant=a0000000-0000-0000-0000-000000000001][39m
    [35mcontext[39m: "HTTP"
[90m[4mquery:[24m[39m [94mSELECT[0m [37m"VendorOrmEntity"[0m[37m.[0m[37m"id"[0m [94mAS[0m [37m"VendorOrmEntity_id"[0m[37m,[0m [37m"VendorOrmEntity"[0m[37m.[0m[37m"tenant_id"[0m [94mAS[0m [37m"VendorOrmEntity_tenant_id"[0m[37m,[0m [37m"VendorOrmEntity"[0m[37m.[0m[37m"created_at"[0m [94mAS[0m [37m"VendorOrmEntity_created_at"[0m[37m,[0m [37m"VendorOrmEntity"[0m[37m.[0m[37m"updated_at"[0m [94mAS[0m [37m"VendorOrmEntity_updated_at"[0m[37m,[0m [37m"VendorOrmEntity"[0m[37m.[0m[37m"user_id"[0m [94mAS[0m [37m"VendorOrmEntity_user_id"[0m[37m,[0m [37m"VendorOrmEntity"[0m[37m.[0m[37m"shop_name"[0m [94mAS[0m [37m"VendorOrmEntity_shop_name"[0m[37m,[0m [37m"VendorOrmEntity"[0m[37m.[0m[37m"description"[0m [94mAS[0m [37m"VendorOrmEntity_description"[0m[37m,[0m [37m"VendorOrmEntity"[0m[37m.[0m[37m"category"[0m [94mAS[0m [37m"VendorOrmEntity_category"[0m[37m,[0m [37m"VendorOrmEntity"[0m[37m.[0m[37m"commission_rate"[0m [94mAS[0m [37m"VendorOrmEntity_commission_rate"[0m[37m,[0m [37m"VendorOrmEntity"[0m[37m.[0m[37m"status"[0m [94mAS[0m [37m"VendorOrmEntity_status"[0m[37m,[0m [37m"VendorOrmEntity"[0m[37m.[0m[37m"average_rating"[0m [94mAS[0m [37m"VendorOrmEntity_average_rating"[0m[37m,[0m [37m"VendorOrmEntity"[0m[37m.[0m[37m"total_orders"[0m [94mAS[0m [37m"VendorOrmEntity_total_orders"[0m[37m,[0m [37m"VendorOrmEntity"[0m[37m.[0m[37m"version"[0m [94mAS[0m [37m"VendorOrmEntity_version"[0m [94mFROM[0m [37m"vendors"[0m [37m"VendorOrmEntity"[0m [94mWHERE[0m [37m([0m[37m([0m[37m"VendorOrmEntity"[0m[37m.[0m[37m"user_id"[0m [37m=[0m [37m$[0m[32m1[0m[37m)[0m[37m)[0m [94mLIMIT[0m [32m1[0m [90m-- PARAMETERS: ["b0000000-0000-0000-0000-000000000002"][0m
[90m[4mquery:[24m[39m [94mSELECT[0m [37m"WalletOrmEntity"[0m[37m.[0m[37m"id"[0m [94mAS[0m [37m"WalletOrmEntity_id"[0m[37m,[0m [37m"WalletOrmEntity"[0m[37m.[0m[37m"tenant_id"[0m [94mAS[0m [37m"WalletOrmEntity_tenant_id"[0m[37m,[0m [37m"WalletOrmEntity"[0m[37m.[0m[37m"created_at"[0m [94mAS[0m [37m"WalletOrmEntity_created_at"[0m[37m,[0m [37m"WalletOrmEntity"[0m[37m.[0m[37m"updated_at"[0m [94mAS[0m [37m"WalletOrmEntity_updated_at"[0m[37m,[0m [37m"WalletOrmEntity"[0m[37m.[0m[37m"owner_id"[0m [94mAS[0m [37m"WalletOrmEntity_owner_id"[0m[37m,[0m [37m"WalletOrmEntity"[0m[37m.[0m[37m"owner_type"[0m [94mAS[0m [37m"WalletOrmEntity_owner_type"[0m[37m,[0m [37m"WalletOrmEntity"[0m[37m.[0m[37m"balance"[0m [94mAS[0m [37m"WalletOrmEntity_balance"[0m[37m,[0m [37m"WalletOrmEntity"[0m[37m.[0m[37m"pending_balance"[0m [94mAS[0m [37m"WalletOrmEntity_pending_balance"[0m[37m,[0m [37m"WalletOrmEntity"[0m[37m.[0m[37m"currency"[0m [94mAS[0m [37m"WalletOrmEntity_currency"[0m[37m,[0m [37m"WalletOrmEntity"[0m[37m.[0m[37m"version"[0m [94mAS[0m [37m"WalletOrmEntity_version"[0m [94mFROM[0m [37m"wallets"[0m [37m"WalletOrmEntity"[0m [94mWHERE[0m [37m([0m[37m([0m[37m"WalletOrmEntity"[0m[37m.[0m[37m"owner_id"[0m [37m=[0m [37m$[0m[32m1[0m[37m)[0m[37m)[0m [94mLIMIT[0m [32m1[0m [90m-- PARAMETERS: ["b0000000-0000-0000-0000-000000000002"][0m
[19:19:16.923] [34mDEBUG[39m (20344): [36mGET /api/vendors/me/orders 200 30ms [user=b0000000-0000-0000-0000-000000000002 tenant=a0000000-0000-0000-0000-000000000001][39m
    [35mcontext[39m: "HTTP"
[90m[4mquery:[24m[39m [94mSELECT[0m [37m"o"[0m[37m.[0m[37m"id"[0m [94mAS[0m [37m"o_id"[0m[37m,[0m [37m"o"[0m[37m.[0m[37m"tenant_id"[0m [94mAS[0m [37m"o_tenant_id"[0m[37m,[0m [37m"o"[0m[37m.[0m[37m"created_at"[0m [94mAS[0m [37m"o_created_at"[0m[37m,[0m [37m"o"[0m[37m.[0m[37m"updated_at"[0m [94mAS[0m [37m"o_updated_at"[0m[37m,[0m [37m"o"[0m[37m.[0m[37m"customer_id"[0m [94mAS[0m [37m"o_customer_id"[0m[37m,[0m [37m"o"[0m[37m.[0m[37m"vendor_id"[0m [94mAS[0m [37m"o_vendor_id"[0m[37m,[0m [37m"o"[0m[37m.[0m[37m"driver_id"[0m [94mAS[0m [37m"o_driver_id"[0m[37m,[0m [37m"o"[0m[37m.[0m[37m"type"[0m [94mAS[0m [37m"o_type"[0m[37m,[0m [37m"o"[0m[37m.[0m[37m"status"[0m [94mAS[0m [37m"o_status"[0m[37m,[0m [37m"o"[0m[37m.[0m[37m"subtotal"[0m [94mAS[0m [37m"o_subtotal"[0m[37m,[0m [37m"o"[0m[37m.[0m[37m"delivery_fee"[0m [94mAS[0m [37m"o_delivery_fee"[0m[37m,[0m [37m"o"[0m[37m.[0m[37m"system_commission"[0m [94mAS[0m [37m"o_system_commission"[0m[37m,[0m [37m"o"[0m[37m.[0m[37m"total_amount"[0m [94mAS[0m [37m"o_total_amount"[0m[37m,[0m [37m"o"[0m[37m.[0m[37m"currency"[0m [94mAS[0m [37m"o_currency"[0m[37m,[0m [37m"o"[0m[37m.[0m[37m"delivery_address"[0m [94mAS[0m [37m"o_delivery_address"[0m[37m,[0m [37m"o"[0m[37m.[0m[37m"delivery_latitude"[0m [94mAS[0m [37m"o_delivery_latitude"[0m[37m,[0m [37m"o"[0m[37m.[0m[37m"delivery_longitude"[0m [94mAS[0m [37m"o_delivery_longitude"[0m[37m,[0m [37m"o"[0m[37m.[0m[37m"special_instructions"[0m [94mAS[0m [37m"o_special_instructions"[0m[37m,[0m [37m"o"[0m[37m.[0m[37m"otp_code"[0m [94mAS[0m [37m"o_otp_code"[0m[37m,[0m [37m"o"[0m[37m.[0m[37m"otp_verified"[0m [94mAS[0m [37m"o_otp_verified"[0m[37m,[0m [37m"o"[0m[37m.[0m[37m"version"[0m [94mAS[0m [37m"o_version"[0m [94mFROM[0m [37m"orders"[0m [37m"o"[0m [94mWHERE[0m [37m"o"[0m[37m.[0m[37m"tenant_id"[0m [37m=[0m [37m$[0m[32m1[0m [94mAND[0m [37m"o"[0m[37m.[0m[37m"vendor_id"[0m [37m=[0m [37m$[0m[32m2[0m [94mORDER BY[0m [37m"o"[0m[37m.[0m[37m"created_at"[0m [94mDESC[0m [94mLIMIT[0m [32m10000[0m [37mOFFSET[0m [32m0[0m [90m-- PARAMETERS: ["a0000000-0000-0000-0000-000000000001","c0000000-0000-0000-0000-000000000001"][0m
[19:19:16.926] [34mDEBUG[39m (20344): [36mGET /api/wallets/me 200 5ms [user=b0000000-0000-0000-0000-000000000002 tenant=a0000000-0000-0000-0000-000000000001][39m
    [35mcontext[39m: "HTTP"
[90m[4mquery:[24m[39m [94mSELECT[0m [37m"VendorOrmEntity"[0m[37m.[0m[37m"id"[0m [94mAS[0m [37m"VendorOrmEntity_id"[0m[37m,[0m [37m"VendorOrmEntity"[0m[37m.[0m[37m"tenant_id"[0m [94mAS[0m [37m"VendorOrmEntity_tenant_id"[0m[37m,[0m [37m"VendorOrmEntity"[0m[37m.[0m[37m"created_at"[0m [94mAS[0m [37m"VendorOrmEntity_created_at"[0m[37m,[0m [37m"VendorOrmEntity"[0m[37m.[0m[37m"updated_at"[0m [94mAS[0m [37m"VendorOrmEntity_updated_at"[0m[37m,[0m [37m"VendorOrmEntity"[0m[37m.[0m[37m"user_id"[0m [94mAS[0m [37m"VendorOrmEntity_user_id"[0m[37m,[0m [37m"VendorOrmEntity"[0m[37m.[0m[37m"shop_name"[0m [94mAS[0m [37m"VendorOrmEntity_shop_name"[0m[37m,[0m [37m"VendorOrmEntity"[0m[37m.[0m[37m"description"[0m [94mAS[0m [37m"VendorOrmEntity_description"[0m[37m,[0m [37m"VendorOrmEntity"[0m[37m.[0m[37m"category"[0m [94mAS[0m [37m"VendorOrmEntity_category"[0m[37m,[0m [37m"VendorOrmEntity"[0m[37m.[0m[37m"commission_rate"[0m [94mAS[0m [37m"VendorOrmEntity_commission_rate"[0m[37m,[0m [37m"VendorOrmEntity"[0m[37m.[0m[37m"status"[0m [94mAS[0m [37m"VendorOrmEntity_status"[0m[37m,[0m [37m"VendorOrmEntity"[0m[37m.[0m[37m"average_rating"[0m [94mAS[0m [37m"VendorOrmEntity_average_rating"[0m[37m,[0m [37m"VendorOrmEntity"[0m[37m.[0m[37m"total_orders"[0m [94mAS[0m [37m"VendorOrmEntity_total_orders"[0m[37m,[0m [37m"VendorOrmEntity"[0m[37m.[0m[37m"version"[0m [94mAS[0m [37m"VendorOrmEntity_version"[0m [94mFROM[0m [37m"vendors"[0m [37m"VendorOrmEntity"[0m [94mWHERE[0m [37m([0m[37m([0m[37m"VendorOrmEntity"[0m[37m.[0m[37m"user_id"[0m [37m=[0m [37m$[0m[32m1[0m[37m)[0m[37m)[0m [94mLIMIT[0m [32m1[0m [90m-- PARAMETERS: ["b0000000-0000-0000-0000-000000000002"][0m
[19:19:16.930] [34mDEBUG[39m (20344): [36mGET /api/vendors/me/stats 200 11ms [user=b0000000-0000-0000-0000-000000000002 tenant=a0000000-0000-0000-0000-000000000001][39m
    [35mcontext[39m: "HTTP"
[90m[4mquery:[24m[39m [94mSELECT[0m [37m"o"[0m[37m.[0m[37m"id"[0m [94mAS[0m [37m"o_id"[0m[37m,[0m [37m"o"[0m[37m.[0m[37m"tenant_id"[0m [94mAS[0m [37m"o_tenant_id"[0m[37m,[0m [37m"o"[0m[37m.[0m[37m"created_at"[0m [94mAS[0m [37m"o_created_at"[0m[37m,[0m [37m"o"[0m[37m.[0m[37m"updated_at"[0m [94mAS[0m [37m"o_updated_at"[0m[37m,[0m [37m"o"[0m[37m.[0m[37m"customer_id"[0m [94mAS[0m [37m"o_customer_id"[0m[37m,[0m [37m"o"[0m[37m.[0m[37m"vendor_id"[0m [94mAS[0m [37m"o_vendor_id"[0m[37m,[0m [37m"o"[0m[37m.[0m[37m"driver_id"[0m [94mAS[0m [37m"o_driver_id"[0m[37m,[0m [37m"o"[0m[37m.[0m[37m"type"[0m [94mAS[0m [37m"o_type"[0m[37m,[0m [37m"o"[0m[37m.[0m[37m"status"[0m [94mAS[0m [37m"o_status"[0m[37m,[0m [37m"o"[0m[37m.[0m[37m"subtotal"[0m [94mAS[0m [37m"o_subtotal"[0m[37m,[0m [37m"o"[0m[37m.[0m[37m"delivery_fee"[0m [94mAS[0m [37m"o_delivery_fee"[0m[37m,[0m [37m"o"[0m[37m.[0m[37m"system_commission"[0m [94mAS[0m [37m"o_system_commission"[0m[37m,[0m [37m"o"[0m[37m.[0m[37m"total_amount"[0m [94mAS[0m [37m"o_total_amount"[0m[37m,[0m [37m"o"[0m[37m.[0m[37m"currency"[0m [94mAS[0m [37m"o_currency"[0m[37m,[0m [37m"o"[0m[37m.[0m[37m"delivery_address"[0m [94mAS[0m [37m"o_delivery_address"[0m[37m,[0m [37m"o"[0m[37m.[0m[37m"delivery_latitude"[0m [94mAS[0m [37m"o_delivery_latitude"[0m[37m,[0m [37m"o"[0m[37m.[0m[37m"delivery_longitude"[0m [94mAS[0m [37m"o_delivery_longitude"[0m[37m,[0m [37m"o"[0m[37m.[0m[37m"special_instructions"[0m [94mAS[0m [37m"o_special_instructions"[0m[37m,[0m [37m"o"[0m[37m.[0m[37m"otp_code"[0m [94mAS[0m [37m"o_otp_code"[0m[37m,[0m [37m"o"[0m[37m.[0m[37m"otp_verified"[0m [94mAS[0m [37m"o_otp_verified"[0m[37m,[0m [37m"o"[0m[37m.[0m[37m"version"[0m [94mAS[0m [37m"o_version"[0m [94mFROM[0m [37m"orders"[0m [37m"o"[0m [94mWHERE[0m [37m"o"[0m[37m.[0m[37m"tenant_id"[0m [37m=[0m [37m$[0m[32m1[0m [94mAND[0m [37m"o"[0m[37m.[0m[37m"vendor_id"[0m [37m=[0m [37m$[0m[32m2[0m [94mORDER BY[0m [37m"o"[0m[37m.[0m[37m"created_at"[0m [94mDESC[0m [94mLIMIT[0m [32m20[0m [37mOFFSET[0m [32m0[0m [90m-- PARAMETERS: ["a0000000-0000-0000-0000-000000000001","c0000000-0000-0000-0000-000000000001"][0m
[19:19:16.934] [34mDEBUG[39m (20344): [36mGET /api/vendors/me/orders 200 6ms [user=b0000000-0000-0000-0000-000000000002 tenant=a0000000-0000-0000-0000-000000000001][39m
    [35mcontext[39m: "HTTP"
[90m[4mquery:[24m[39m [94mSELECT[0m [37m"VendorOrmEntity"[0m[37m.[0m[37m"id"[0m [94mAS[0m [37m"VendorOrmEntity_id"[0m[37m,[0m [37m"VendorOrmEntity"[0m[37m.[0m[37m"tenant_id"[0m [94mAS[0m [37m"VendorOrmEntity_tenant_id"[0m[37m,[0m [37m"VendorOrmEntity"[0m[37m.[0m[37m"created_at"[0m [94mAS[0m [37m"VendorOrmEntity_created_at"[0m[37m,[0m [37m"VendorOrmEntity"[0m[37m.[0m[37m"updated_at"[0m [94mAS[0m [37m"VendorOrmEntity_updated_at"[0m[37m,[0m [37m"VendorOrmEntity"[0m[37m.[0m[37m"user_id"[0m [94mAS[0m [37m"VendorOrmEntity_user_id"[0m[37m,[0m [37m"VendorOrmEntity"[0m[37m.[0m[37m"shop_name"[0m [94mAS[0m [37m"VendorOrmEntity_shop_name"[0m[37m,[0m [37m"VendorOrmEntity"[0m[37m.[0m[37m"description"[0m [94mAS[0m [37m"VendorOrmEntity_description"[0m[37m,[0m [37m"VendorOrmEntity"[0m[37m.[0m[37m"category"[0m [94mAS[0m [37m"VendorOrmEntity_category"[0m[37m,[0m [37m"VendorOrmEntity"[0m[37m.[0m[37m"commission_rate"[0m [94mAS[0m [37m"VendorOrmEntity_commission_rate"[0m[37m,[0m [37m"VendorOrmEntity"[0m[37m.[0m[37m"status"[0m [94mAS[0m [37m"VendorOrmEntity_status"[0m[37m,[0m [37m"VendorOrmEntity"[0m[37m.[0m[37m"average_rating"[0m [94mAS[0m [37m"VendorOrmEntity_average_rating"[0m[37m,[0m [37m"VendorOrmEntity"[0m[37m.[0m[37m"total_orders"[0m [94mAS[0m [37m"VendorOrmEntity_total_orders"[0m[37m,[0m [37m"VendorOrmEntity"[0m[37m.[0m[37m"version"[0m [94mAS[0m [37m"VendorOrmEntity_version"[0m [94mFROM[0m [37m"vendors"[0m [37m"VendorOrmEntity"[0m [94mWHERE[0m [37m([0m[37m([0m[37m"VendorOrmEntity"[0m[37m.[0m[37m"user_id"[0m [37m=[0m [37m$[0m[32m1[0m[37m)[0m[37m)[0m [94mLIMIT[0m [32m1[0m [90m-- PARAMETERS: ["b0000000-0000-0000-0000-000000000002"][0m
[90m[4mquery:[24m[39m [94mSELECT[0m [37m"ProductOrmEntity"[0m[37m.[0m[37m"id"[0m [94mAS[0m [37m"ProductOrmEntity_id"[0m[37m,[0m [37m"ProductOrmEntity"[0m[37m.[0m[37m"tenant_id"[0m [94mAS[0m [37m"ProductOrmEntity_tenant_id"[0m[37m,[0m [37m"ProductOrmEntity"[0m[37m.[0m[37m"created_at"[0m [94mAS[0m [37m"ProductOrmEntity_created_at"[0m[37m,[0m [37m"ProductOrmEntity"[0m[37m.[0m[37m"updated_at"[0m [94mAS[0m [37m"ProductOrmEntity_updated_at"[0m[37m,[0m [37m"ProductOrmEntity"[0m[37m.[0m[37m"vendor_id"[0m [94mAS[0m [37m"ProductOrmEntity_vendor_id"[0m[37m,[0m [37m"ProductOrmEntity"[0m[37m.[0m[37m"name"[0m [94mAS[0m [37m"ProductOrmEntity_name"[0m[37m,[0m [37m"ProductOrmEntity"[0m[37m.[0m[37m"description"[0m [94mAS[0m [37m"ProductOrmEntity_description"[0m[37m,[0m [37m"ProductOrmEntity"[0m[37m.[0m[37m"price"[0m [94mAS[0m [37m"ProductOrmEntity_price"[0m[37m,[0m [37m"ProductOrmEntity"[0m[37m.[0m[37m"currency"[0m [94mAS[0m [37m"ProductOrmEntity_currency"[0m[37m,[0m [37m"ProductOrmEntity"[0m[37m.[0m[37m"type"[0m [94mAS[0m [37m"ProductOrmEntity_type"[0m[37m,[0m [37m"ProductOrmEntity"[0m[37m.[0m[37m"category_id"[0m [94mAS[0m [37m"ProductOrmEntity_category_id"[0m[37m,[0m [37m"ProductOrmEntity"[0m[37m.[0m[37m"image_url"[0m [94mAS[0m [37m"ProductOrmEntity_image_url"[0m[37m,[0m [37m"ProductOrmEntity"[0m[37m.[0m[37m"stock_quantity"[0m [94mAS[0m [37m"ProductOrmEntity_stock_quantity"[0m[37m,[0m [37m"ProductOrmEntity"[0m[37m.[0m[37m"unit"[0m [94mAS[0m [37m"ProductOrmEntity_unit"[0m[37m,[0m [37m"ProductOrmEntity"[0m[37m.[0m[37m"status"[0m [94mAS[0m [37m"ProductOrmEntity_status"[0m[37m,[0m [37m"ProductOrmEntity"[0m[37m.[0m[37m"version"[0m [94mAS[0m [37m"ProductOrmEntity_version"[0m [94mFROM[0m [37m"products"[0m [37m"ProductOrmEntity"[0m [94mWHERE[0m [37m([0m[37m([0m[37m"ProductOrmEntity"[0m[37m.[0m[37m"vendor_id"[0m [37m=[0m [37m$[0m[32m1[0m[37m)[0m[37m)[0m [90m-- PARAMETERS: ["c0000000-0000-0000-0000-000000000001"][0m
[19:19:21.387] [34mDEBUG[39m (20344): [36mGET /api/vendors/me/products 200 16ms [user=b0000000-0000-0000-0000-000000000002 tenant=a0000000-0000-0000-0000-000000000001][39m
    [35mcontext[39m: "HTTP"
[90m[4mquery:[24m[39m [94mSELECT[0m [37m"VendorOrmEntity"[0m[37m.[0m[37m"id"[0m [94mAS[0m [37m"VendorOrmEntity_id"[0m[37m,[0m [37m"VendorOrmEntity"[0m[37m.[0m[37m"tenant_id"[0m [94mAS[0m [37m"VendorOrmEntity_tenant_id"[0m[37m,[0m [37m"VendorOrmEntity"[0m[37m.[0m[37m"created_at"[0m [94mAS[0m [37m"VendorOrmEntity_created_at"[0m[37m,[0m [37m"VendorOrmEntity"[0m[37m.[0m[37m"updated_at"[0m [94mAS[0m [37m"VendorOrmEntity_updated_at"[0m[37m,[0m [37m"VendorOrmEntity"[0m[37m.[0m[37m"user_id"[0m [94mAS[0m [37m"VendorOrmEntity_user_id"[0m[37m,[0m [37m"VendorOrmEntity"[0m[37m.[0m[37m"shop_name"[0m [94mAS[0m [37m"VendorOrmEntity_shop_name"[0m[37m,[0m [37m"VendorOrmEntity"[0m[37m.[0m[37m"description"[0m [94mAS[0m [37m"VendorOrmEntity_description"[0m[37m,[0m [37m"VendorOrmEntity"[0m[37m.[0m[37m"category"[0m [94mAS[0m [37m"VendorOrmEntity_category"[0m[37m,[0m [37m"VendorOrmEntity"[0m[37m.[0m[37m"commission_rate"[0m [94mAS[0m [37m"VendorOrmEntity_commission_rate"[0m[37m,[0m [37m"VendorOrmEntity"[0m[37m.[0m[37m"status"[0m [94mAS[0m [37m"VendorOrmEntity_status"[0m[37m,[0m [37m"VendorOrmEntity"[0m[37m.[0m[37m"average_rating"[0m [94mAS[0m [37m"VendorOrmEntity_average_rating"[0m[37m,[0m [37m"VendorOrmEntity"[0m[37m.[0m[37m"total_orders"[0m [94mAS[0m [37m"VendorOrmEntity_total_orders"[0m[37m,[0m [37m"VendorOrmEntity"[0m[37m.[0m[37m"version"[0m [94mAS[0m [37m"VendorOrmEntity_version"[0m [94mFROM[0m [37m"vendors"[0m [37m"VendorOrmEntity"[0m [94mWHERE[0m [37m([0m[37m([0m[37m"VendorOrmEntity"[0m[37m.[0m[37m"user_id"[0m [37m=[0m [37m$[0m[32m1[0m[37m)[0m[37m)[0m [94mLIMIT[0m [32m1[0m [90m-- PARAMETERS: ["b0000000-0000-0000-0000-000000000002"][0m
[90m[4mquery:[24m[39m [94mSELECT[0m [37m"ProductOrmEntity"[0m[37m.[0m[37m"id"[0m [94mAS[0m [37m"ProductOrmEntity_id"[0m[37m,[0m [37m"ProductOrmEntity"[0m[37m.[0m[37m"tenant_id"[0m [94mAS[0m [37m"ProductOrmEntity_tenant_id"[0m[37m,[0m [37m"ProductOrmEntity"[0m[37m.[0m[37m"created_at"[0m [94mAS[0m [37m"ProductOrmEntity_created_at"[0m[37m,[0m [37m"ProductOrmEntity"[0m[37m.[0m[37m"updated_at"[0m [94mAS[0m [37m"ProductOrmEntity_updated_at"[0m[37m,[0m [37m"ProductOrmEntity"[0m[37m.[0m[37m"vendor_id"[0m [94mAS[0m [37m"ProductOrmEntity_vendor_id"[0m[37m,[0m [37m"ProductOrmEntity"[0m[37m.[0m[37m"name"[0m [94mAS[0m [37m"ProductOrmEntity_name"[0m[37m,[0m [37m"ProductOrmEntity"[0m[37m.[0m[37m"description"[0m [94mAS[0m [37m"ProductOrmEntity_description"[0m[37m,[0m [37m"ProductOrmEntity"[0m[37m.[0m[37m"price"[0m [94mAS[0m [37m"ProductOrmEntity_price"[0m[37m,[0m [37m"ProductOrmEntity"[0m[37m.[0m[37m"currency"[0m [94mAS[0m [37m"ProductOrmEntity_currency"[0m[37m,[0m [37m"ProductOrmEntity"[0m[37m.[0m[37m"type"[0m [94mAS[0m [37m"ProductOrmEntity_type"[0m[37m,[0m [37m"ProductOrmEntity"[0m[37m.[0m[37m"category_id"[0m [94mAS[0m [37m"ProductOrmEntity_category_id"[0m[37m,[0m [37m"ProductOrmEntity"[0m[37m.[0m[37m"image_url"[0m [94mAS[0m [37m"ProductOrmEntity_image_url"[0m[37m,[0m [37m"ProductOrmEntity"[0m[37m.[0m[37m"stock_quantity"[0m [94mAS[0m [37m"ProductOrmEntity_stock_quantity"[0m[37m,[0m [37m"ProductOrmEntity"[0m[37m.[0m[37m"unit"[0m [94mAS[0m [37m"ProductOrmEntity_unit"[0m[37m,[0m [37m"ProductOrmEntity"[0m[37m.[0m[37m"status"[0m [94mAS[0m [37m"ProductOrmEntity_status"[0m[37m,[0m [37m"ProductOrmEntity"[0m[37m.[0m[37m"version"[0m [94mAS[0m [37m"ProductOrmEntity_version"[0m [94mFROM[0m [37m"products"[0m [37m"ProductOrmEntity"[0m [94mWHERE[0m [37m([0m[37m([0m[37m"ProductOrmEntity"[0m[37m.[0m[37m"vendor_id"[0m [37m=[0m [37m$[0m[32m1[0m[37m)[0m[37m)[0m [90m-- PARAMETERS: ["c0000000-0000-0000-0000-000000000001"][0m
[19:19:21.398] [34mDEBUG[39m (20344): [36mGET /api/vendors/me/products 200 5ms [user=b0000000-0000-0000-0000-000000000002 tenant=a0000000-0000-0000-0000-000000000001][39m
    [35mcontext[39m: "HTTP"
[90m[4mquery:[24m[39m [94mSELECT[0m [37m"SurgeRuleOrmEntity"[0m[37m.[0m[37m"id"[0m [94mAS[0m [37m"SurgeRuleOrmEntity_id"[0m[37m,[0m [37m"SurgeRuleOrmEntity"[0m[37m.[0m[37m"tenant_id"[0m [94mAS[0m [37m"SurgeRuleOrmEntity_tenant_id"[0m[37m,[0m [37m"SurgeRuleOrmEntity"[0m[37m.[0m[37m"created_at"[0m [94mAS[0m [37m"SurgeRuleOrmEntity_created_at"[0m[37m,[0m [37m"SurgeRuleOrmEntity"[0m[37m.[0m[37m"updated_at"[0m [94mAS[0m [37m"SurgeRuleOrmEntity_updated_at"[0m[37m,[0m [37m"SurgeRuleOrmEntity"[0m[37m.[0m[37m"name"[0m [94mAS[0m [37m"SurgeRuleOrmEntity_name"[0m[37m,[0m [37m"SurgeRuleOrmEntity"[0m[37m.[0m[37m"trigger"[0m [94mAS[0m [37m"SurgeRuleOrmEntity_trigger"[0m[37m,[0m [37m"SurgeRuleOrmEntity"[0m[37m.[0m[37m"multiplier"[0m [94mAS[0m [37m"SurgeRuleOrmEntity_multiplier"[0m[37m,[0m [37m"SurgeRuleOrmEntity"[0m[37m.[0m[37m"min_orders"[0m [94mAS[0m [37m"SurgeRuleOrmEntity_min_orders"[0m[37m,[0m [37m"SurgeRuleOrmEntity"[0m[37m.[0m[37m"max_drivers"[0m [94mAS[0m [37m"SurgeRuleOrmEntity_max_drivers"[0m[37m,[0m [37m"SurgeRuleOrmEntity"[0m[37m.[0m[37m"start_hour"[0m [94mAS[0m [37m"SurgeRuleOrmEntity_start_hour"[0m[37m,[0m [37m"SurgeRuleOrmEntity"[0m[37m.[0m[37m"end_hour"[0m [94mAS[0m [37m"SurgeRuleOrmEntity_end_hour"[0m[37m,[0m [37m"SurgeRuleOrmEntity"[0m[37m.[0m[37m"is_active"[0m [94mAS[0m [37m"SurgeRuleOrmEntity_is_active"[0m[37m,[0m [37m"SurgeRuleOrmEntity"[0m[37m.[0m[37m"version"[0m [94mAS[0m [37m"SurgeRuleOrmEntity_version"[0m [94mFROM[0m [37m"surge_rules"[0m [37m"SurgeRuleOrmEntity"[0m [94mWHERE[0m [37m([0m[37m([0m[37m"SurgeRuleOrmEntity"[0m[37m.[0m[37m"is_active"[0m [37m=[0m [37m$[0m[32m1[0m[37m)[0m[37m)[0m [90m-- PARAMETERS: [true][0m
[90m[4mquery:[24m[39m [94mSELECT[0m [37m"VendorOrmEntity"[0m[37m.[0m[37m"id"[0m [94mAS[0m [37m"VendorOrmEntity_id"[0m[37m,[0m [37m"VendorOrmEntity"[0m[37m.[0m[37m"tenant_id"[0m [94mAS[0m [37m"VendorOrmEntity_tenant_id"[0m[37m,[0m [37m"VendorOrmEntity"[0m[37m.[0m[37m"created_at"[0m [94mAS[0m [37m"VendorOrmEntity_created_at"[0m[37m,[0m [37m"VendorOrmEntity"[0m[37m.[0m[37m"updated_at"[0m [94mAS[0m [37m"VendorOrmEntity_updated_at"[0m[37m,[0m [37m"VendorOrmEntity"[0m[37m.[0m[37m"user_id"[0m [94mAS[0m [37m"VendorOrmEntity_user_id"[0m[37m,[0m [37m"VendorOrmEntity"[0m[37m.[0m[37m"shop_name"[0m [94mAS[0m [37m"VendorOrmEntity_shop_name"[0m[37m,[0m [37m"VendorOrmEntity"[0m[37m.[0m[37m"description"[0m [94mAS[0m [37m"VendorOrmEntity_description"[0m[37m,[0m [37m"VendorOrmEntity"[0m[37m.[0m[37m"category"[0m [94mAS[0m [37m"VendorOrmEntity_category"[0m[37m,[0m [37m"VendorOrmEntity"[0m[37m.[0m[37m"commission_rate"[0m [94mAS[0m [37m"VendorOrmEntity_commission_rate"[0m[37m,[0m [37m"VendorOrmEntity"[0m[37m.[0m[37m"status"[0m [94mAS[0m [37m"VendorOrmEntity_status"[0m[37m,[0m [37m"VendorOrmEntity"[0m[37m.[0m[37m"average_rating"[0m [94mAS[0m [37m"VendorOrmEntity_average_rating"[0m[37m,[0m [37m"VendorOrmEntity"[0m[37m.[0m[37m"total_orders"[0m [94mAS[0m [37m"VendorOrmEntity_total_orders"[0m[37m,[0m [37m"VendorOrmEntity"[0m[37m.[0m[37m"version"[0m [94mAS[0m [37m"VendorOrmEntity_version"[0m [94mFROM[0m [37m"vendors"[0m [37m"VendorOrmEntity"[0m [94mWHERE[0m [37m([0m[37m([0m[37m"VendorOrmEntity"[0m[37m.[0m[37m"user_id"[0m [37m=[0m [37m$[0m[32m1[0m[37m)[0m[37m)[0m [94mLIMIT[0m [32m1[0m [90m-- PARAMETERS: ["b0000000-0000-0000-0000-000000000002"][0m
[90m[4mquery:[24m[39m [94mSELECT[0m [37m"ProductOrmEntity"[0m[37m.[0m[37m"id"[0m [94mAS[0m [37m"ProductOrmEntity_id"[0m[37m,[0m [37m"ProductOrmEntity"[0m[37m.[0m[37m"tenant_id"[0m [94mAS[0m [37m"ProductOrmEntity_tenant_id"[0m[37m,[0m [37m"ProductOrmEntity"[0m[37m.[0m[37m"created_at"[0m [94mAS[0m [37m"ProductOrmEntity_created_at"[0m[37m,[0m [37m"ProductOrmEntity"[0m[37m.[0m[37m"updated_at"[0m [94mAS[0m [37m"ProductOrmEntity_updated_at"[0m[37m,[0m [37m"ProductOrmEntity"[0m[37m.[0m[37m"vendor_id"[0m [94mAS[0m [37m"ProductOrmEntity_vendor_id"[0m[37m,[0m [37m"ProductOrmEntity"[0m[37m.[0m[37m"name"[0m [94mAS[0m [37m"ProductOrmEntity_name"[0m[37m,[0m [37m"ProductOrmEntity"[0m[37m.[0m[37m"description"[0m [94mAS[0m [37m"ProductOrmEntity_description"[0m[37m,[0m [37m"ProductOrmEntity"[0m[37m.[0m[37m"price"[0m [94mAS[0m [37m"ProductOrmEntity_price"[0m[37m,[0m [37m"ProductOrmEntity"[0m[37m.[0m[37m"currency"[0m [94mAS[0m [37m"ProductOrmEntity_currency"[0m[37m,[0m [37m"ProductOrmEntity"[0m[37m.[0m[37m"type"[0m [94mAS[0m [37m"ProductOrmEntity_type"[0m[37m,[0m [37m"ProductOrmEntity"[0m[37m.[0m[37m"category_id"[0m [94mAS[0m [37m"ProductOrmEntity_category_id"[0m[37m,[0m [37m"ProductOrmEntity"[0m[37m.[0m[37m"image_url"[0m [94mAS[0m [37m"ProductOrmEntity_image_url"[0m[37m,[0m [37m"ProductOrmEntity"[0m[37m.[0m[37m"stock_quantity"[0m [94mAS[0m [37m"ProductOrmEntity_stock_quantity"[0m[37m,[0m [37m"ProductOrmEntity"[0m[37m.[0m[37m"unit"[0m [94mAS[0m [37m"ProductOrmEntity_unit"[0m[37m,[0m [37m"ProductOrmEntity"[0m[37m.[0m[37m"status"[0m [94mAS[0m [37m"ProductOrmEntity_status"[0m[37m,[0m [37m"ProductOrmEntity"[0m[37m.[0m[37m"version"[0m [94mAS[0m [37m"ProductOrmEntity_version"[0m [94mFROM[0m [37m"products"[0m [37m"ProductOrmEntity"[0m [94mWHERE[0m [37m([0m[37m([0m[37m"ProductOrmEntity"[0m[37m.[0m[37m"id"[0m [37m=[0m [37m$[0m[32m1[0m[37m)[0m[37m)[0m [94mLIMIT[0m [32m1[0m [90m-- PARAMETERS: ["3cbff6de-bfdd-4719-ada1-693abf02ad48"][0m
[90m[4mquery:[24m[39m [94mSELECT[0m [37m"ProductOrmEntity"[0m[37m.[0m[37m"id"[0m [94mAS[0m [37m"ProductOrmEntity_id"[0m[37m,[0m [37m"ProductOrmEntity"[0m[37m.[0m[37m"tenant_id"[0m [94mAS[0m [37m"ProductOrmEntity_tenant_id"[0m[37m,[0m [37m"ProductOrmEntity"[0m[37m.[0m[37m"created_at"[0m [94mAS[0m [37m"ProductOrmEntity_created_at"[0m[37m,[0m [37m"ProductOrmEntity"[0m[37m.[0m[37m"updated_at"[0m [94mAS[0m [37m"ProductOrmEntity_updated_at"[0m[37m,[0m [37m"ProductOrmEntity"[0m[37m.[0m[37m"vendor_id"[0m [94mAS[0m [37m"ProductOrmEntity_vendor_id"[0m[37m,[0m [37m"ProductOrmEntity"[0m[37m.[0m[37m"name"[0m [94mAS[0m [37m"ProductOrmEntity_name"[0m[37m,[0m [37m"ProductOrmEntity"[0m[37m.[0m[37m"description"[0m [94mAS[0m [37m"ProductOrmEntity_description"[0m[37m,[0m [37m"ProductOrmEntity"[0m[37m.[0m[37m"price"[0m [94mAS[0m [37m"ProductOrmEntity_price"[0m[37m,[0m [37m"ProductOrmEntity"[0m[37m.[0m[37m"currency"[0m [94mAS[0m [37m"ProductOrmEntity_currency"[0m[37m,[0m [37m"ProductOrmEntity"[0m[37m.[0m[37m"type"[0m [94mAS[0m [37m"ProductOrmEntity_type"[0m[37m,[0m [37m"ProductOrmEntity"[0m[37m.[0m[37m"category_id"[0m [94mAS[0m [37m"ProductOrmEntity_category_id"[0m[37m,[0m [37m"ProductOrmEntity"[0m[37m.[0m[37m"image_url"[0m [94mAS[0m [37m"ProductOrmEntity_image_url"[0m[37m,[0m [37m"ProductOrmEntity"[0m[37m.[0m[37m"stock_quantity"[0m [94mAS[0m [37m"ProductOrmEntity_stock_quantity"[0m[37m,[0m [37m"ProductOrmEntity"[0m[37m.[0m[37m"unit"[0m [94mAS[0m [37m"ProductOrmEntity_unit"[0m[37m,[0m [37m"ProductOrmEntity"[0m[37m.[0m[37m"status"[0m [94mAS[0m [37m"ProductOrmEntity_status"[0m[37m,[0m [37m"ProductOrmEntity"[0m[37m.[0m[37m"version"[0m [94mAS[0m [37m"ProductOrmEntity_version"[0m [94mFROM[0m [37m"products"[0m [37m"ProductOrmEntity"[0m [94mWHERE[0m [37m"ProductOrmEntity"[0m[37m.[0m[37m"id"[0m [37m=[0m [37m$[0m[32m1[0m [90m-- PARAMETERS: ["3cbff6de-bfdd-4719-ada1-693abf02ad48"][0m
[90m[4mquery:[24m[39m [37mSTART[0m [37mTRANSACTION[0m
[90m[4mquery:[24m[39m [94mINSERT INTO[0m [37m"products"[0m[37m([0m[37m"id"[0m[37m,[0m [37m"tenant_id"[0m[37m,[0m [37m"created_at"[0m[37m,[0m [37m"updated_at"[0m[37m,[0m [37m"vendor_id"[0m[37m,[0m [37m"name"[0m[37m,[0m [37m"description"[0m[37m,[0m [37m"price"[0m[37m,[0m [37m"currency"[0m[37m,[0m [37m"type"[0m[37m,[0m [37m"category_id"[0m[37m,[0m [37m"image_url"[0m[37m,[0m [37m"stock_quantity"[0m[37m,[0m [37m"unit"[0m[37m,[0m [37m"status"[0m[37m,[0m [37m"version"[0m[37m)[0m [94mVALUES[0m [37m([0m[37m$[0m[32m1[0m[37m,[0m [37m$[0m[32m2[0m[37m,[0m [94mDEFAULT[0m[37m,[0m [94mDEFAULT[0m[37m,[0m [37m$[0m[32m3[0m[37m,[0m [37m$[0m[32m4[0m[37m,[0m [37m$[0m[32m5[0m[37m,[0m [37m$[0m[32m6[0m[37m,[0m [37m$[0m[32m7[0m[37m,[0m [37m$[0m[32m8[0m[37m,[0m [37m$[0m[32m9[0m[37m,[0m [37m$[0m[32m10[0m[37m,[0m [37m$[0m[32m11[0m[37m,[0m [37m$[0m[32m12[0m[37m,[0m [37m$[0m[32m13[0m[37m,[0m [37m$[0m[32m14[0m[37m)[0m [94mRETURNING[0m [37m"id"[0m[37m,[0m [37m"created_at"[0m[37m,[0m [37m"updated_at"[0m[37m,[0m [37m"currency"[0m[37m,[0m [37m"stock_quantity"[0m[37m,[0m [37m"unit"[0m[37m,[0m [37m"status"[0m[37m,[0m [37m"version"[0m [90m-- PARAMETERS: ["3cbff6de-bfdd-4719-ada1-693abf02ad48","a0000000-0000-0000-0000-000000000001","c0000000-0000-0000-0000-000000000001","CHIPS VURUGA","MIXED WITH SAUCES",15000,"RWF","food","d0000000-0000-0000-0000-000000000001",null,12,"pcs","ACTIVE",1][0m
[90m[4mquery:[24m[39m [94mCOMMIT[0m
[19:20:27.424] [34mDEBUG[39m (20344): [36mPOST /api/products 201 79ms [user=b0000000-0000-0000-0000-000000000002 tenant=a0000000-0000-0000-0000-000000000001][39m
    [35mcontext[39m: "HTTP"
[90m[4mquery:[24m[39m [94mSELECT[0m [37m"VendorOrmEntity"[0m[37m.[0m[37m"id"[0m [94mAS[0m [37m"VendorOrmEntity_id"[0m[37m,[0m [37m"VendorOrmEntity"[0m[37m.[0m[37m"tenant_id"[0m [94mAS[0m [37m"VendorOrmEntity_tenant_id"[0m[37m,[0m [37m"VendorOrmEntity"[0m[37m.[0m[37m"created_at"[0m [94mAS[0m [37m"VendorOrmEntity_created_at"[0m[37m,[0m [37m"VendorOrmEntity"[0m[37m.[0m[37m"updated_at"[0m [94mAS[0m [37m"VendorOrmEntity_updated_at"[0m[37m,[0m [37m"VendorOrmEntity"[0m[37m.[0m[37m"user_id"[0m [94mAS[0m [37m"VendorOrmEntity_user_id"[0m[37m,[0m [37m"VendorOrmEntity"[0m[37m.[0m[37m"shop_name"[0m [94mAS[0m [37m"VendorOrmEntity_shop_name"[0m[37m,[0m [37m"VendorOrmEntity"[0m[37m.[0m[37m"description"[0m [94mAS[0m [37m"VendorOrmEntity_description"[0m[37m,[0m [37m"VendorOrmEntity"[0m[37m.[0m[37m"category"[0m [94mAS[0m [37m"VendorOrmEntity_category"[0m[37m,[0m [37m"VendorOrmEntity"[0m[37m.[0m[37m"commission_rate"[0m [94mAS[0m [37m"VendorOrmEntity_commission_rate"[0m[37m,[0m [37m"VendorOrmEntity"[0m[37m.[0m[37m"status"[0m [94mAS[0m [37m"VendorOrmEntity_status"[0m[37m,[0m [37m"VendorOrmEntity"[0m[37m.[0m[37m"average_rating"[0m [94mAS[0m [37m"VendorOrmEntity_average_rating"[0m[37m,[0m [37m"VendorOrmEntity"[0m[37m.[0m[37m"total_orders"[0m [94mAS[0m [37m"VendorOrmEntity_total_orders"[0m[37m,[0m [37m"VendorOrmEntity"[0m[37m.[0m[37m"version"[0m [94mAS[0m [37m"VendorOrmEntity_version"[0m [94mFROM[0m [37m"vendors"[0m [37m"VendorOrmEntity"[0m [94mWHERE[0m [37m([0m[37m([0m[37m"VendorOrmEntity"[0m[37m.[0m[37m"user_id"[0m [37m=[0m [37m$[0m[32m1[0m[37m)[0m[37m)[0m [94mLIMIT[0m [32m1[0m [90m-- PARAMETERS: ["b0000000-0000-0000-0000-000000000002"][0m
[90m[4mquery:[24m[39m [94mSELECT[0m [37m"ProductOrmEntity"[0m[37m.[0m[37m"id"[0m [94mAS[0m [37m"ProductOrmEntity_id"[0m[37m,[0m [37m"ProductOrmEntity"[0m[37m.[0m[37m"tenant_id"[0m [94mAS[0m [37m"ProductOrmEntity_tenant_id"[0m[37m,[0m [37m"ProductOrmEntity"[0m[37m.[0m[37m"created_at"[0m [94mAS[0m [37m"ProductOrmEntity_created_at"[0m[37m,[0m [37m"ProductOrmEntity"[0m[37m.[0m[37m"updated_at"[0m [94mAS[0m [37m"ProductOrmEntity_updated_at"[0m[37m,[0m [37m"ProductOrmEntity"[0m[37m.[0m[37m"vendor_id"[0m [94mAS[0m [37m"ProductOrmEntity_vendor_id"[0m[37m,[0m [37m"ProductOrmEntity"[0m[37m.[0m[37m"name"[0m [94mAS[0m [37m"ProductOrmEntity_name"[0m[37m,[0m [37m"ProductOrmEntity"[0m[37m.[0m[37m"description"[0m [94mAS[0m [37m"ProductOrmEntity_description"[0m[37m,[0m [37m"ProductOrmEntity"[0m[37m.[0m[37m"price"[0m [94mAS[0m [37m"ProductOrmEntity_price"[0m[37m,[0m [37m"ProductOrmEntity"[0m[37m.[0m[37m"currency"[0m [94mAS[0m [37m"ProductOrmEntity_currency"[0m[37m,[0m [37m"ProductOrmEntity"[0m[37m.[0m[37m"type"[0m [94mAS[0m [37m"ProductOrmEntity_type"[0m[37m,[0m [37m"ProductOrmEntity"[0m[37m.[0m[37m"category_id"[0m [94mAS[0m [37m"ProductOrmEntity_category_id"[0m[37m,[0m [37m"ProductOrmEntity"[0m[37m.[0m[37m"image_url"[0m [94mAS[0m [37m"ProductOrmEntity_image_url"[0m[37m,[0m [37m"ProductOrmEntity"[0m[37m.[0m[37m"stock_quantity"[0m [94mAS[0m [37m"ProductOrmEntity_stock_quantity"[0m[37m,[0m [37m"ProductOrmEntity"[0m[37m.[0m[37m"unit"[0m [94mAS[0m [37m"ProductOrmEntity_unit"[0m[37m,[0m [37m"ProductOrmEntity"[0m[37m.[0m[37m"status"[0m [94mAS[0m [37m"ProductOrmEntity_status"[0m[37m,[0m [37m"ProductOrmEntity"[0m[37m.[0m[37m"version"[0m [94mAS[0m [37m"ProductOrmEntity_version"[0m [94mFROM[0m [37m"products"[0m [37m"ProductOrmEntity"[0m [94mWHERE[0m [37m([0m[37m([0m[37m"ProductOrmEntity"[0m[37m.[0m[37m"vendor_id"[0m [37m=[0m [37m$[0m[32m1[0m[37m)[0m[37m)[0m [90m-- PARAMETERS: ["c0000000-0000-0000-0000-000000000001"][0m
[19:20:27.438] [34mDEBUG[39m (20344): [36mGET /api/vendors/me/products 200 8ms [user=b0000000-0000-0000-0000-000000000002 tenant=a0000000-0000-0000-0000-000000000001][39m
    [35mcontext[39m: "HTTP"
[90m[4mquery:[24m[39m [94mSELECT[0m [37m"SurgeRuleOrmEntity"[0m[37m.[0m[37m"id"[0m [94mAS[0m [37m"SurgeRuleOrmEntity_id"[0m[37m,[0m [37m"SurgeRuleOrmEntity"[0m[37m.[0m[37m"tenant_id"[0m [94mAS[0m [37m"SurgeRuleOrmEntity_tenant_id"[0m[37m,[0m [37m"SurgeRuleOrmEntity"[0m[37m.[0m[37m"created_at"[0m [94mAS[0m [37m"SurgeRuleOrmEntity_created_at"[0m[37m,[0m [37m"SurgeRuleOrmEntity"[0m[37m.[0m[37m"updated_at"[0m [94mAS[0m [37m"SurgeRuleOrmEntity_updated_at"[0m[37m,[0m [37m"SurgeRuleOrmEntity"[0m[37m.[0m[37m"name"[0m [94mAS[0m [37m"SurgeRuleOrmEntity_name"[0m[37m,[0m [37m"SurgeRuleOrmEntity"[0m[37m.[0m[37m"trigger"[0m [94mAS[0m [37m"SurgeRuleOrmEntity_trigger"[0m[37m,[0m [37m"SurgeRuleOrmEntity"[0m[37m.[0m[37m"multiplier"[0m [94mAS[0m [37m"SurgeRuleOrmEntity_multiplier"[0m[37m,[0m [37m"SurgeRuleOrmEntity"[0m[37m.[0m[37m"min_orders"[0m [94mAS[0m [37m"SurgeRuleOrmEntity_min_orders"[0m[37m,[0m [37m"SurgeRuleOrmEntity"[0m[37m.[0m[37m"max_drivers"[0m [94mAS[0m [37m"SurgeRuleOrmEntity_max_drivers"[0m[37m,[0m [37m"SurgeRuleOrmEntity"[0m[37m.[0m[37m"start_hour"[0m [94mAS[0m [37m"SurgeRuleOrmEntity_start_hour"[0m[37m,[0m [37m"SurgeRuleOrmEntity"[0m[37m.[0m[37m"end_hour"[0m [94mAS[0m [37m"SurgeRuleOrmEntity_end_hour"[0m[37m,[0m [37m"SurgeRuleOrmEntity"[0m[37m.[0m[37m"is_active"[0m [94mAS[0m [37m"SurgeRuleOrmEntity_is_active"[0m[37m,[0m [37m"SurgeRuleOrmEntity"[0m[37m.[0m[37m"version"[0m [94mAS[0m [37m"SurgeRuleOrmEntity_version"[0m [94mFROM[0m [37m"surge_rules"[0m [37m"SurgeRuleOrmEntity"[0m [94mWHERE[0m [37m([0m[37m([0m[37m"SurgeRuleOrmEntity"[0m[37m.[0m[37m"is_active"[0m [37m=[0m [37m$[0m[32m1[0m[37m)[0m[37m)[0m [90m-- PARAMETERS: [true][0m
[90m[4mquery:[24m[39m [94mDELETE[0m [94mFROM[0m [37m"otps"[0m [94mWHERE[0m [37m"created_at"[0m [37m<[0m [37m$[0m[32m1[0m [90m-- PARAMETERS: ["2026-07-26T16:20:00.028Z"][0m
[90m[4mquery:[24m[39m [94mSELECT[0m [37m"SurgeRuleOrmEntity"[0m[37m.[0m[37m"id"[0m [94mAS[0m [37m"SurgeRuleOrmEntity_id"[0m[37m,[0m [37m"SurgeRuleOrmEntity"[0m[37m.[0m[37m"tenant_id"[0m [94mAS[0m [37m"SurgeRuleOrmEntity_tenant_id"[0m[37m,[0m [37m"SurgeRuleOrmEntity"[0m[37m.[0m[37m"created_at"[0m [94mAS[0m [37m"SurgeRuleOrmEntity_created_at"[0m[37m,[0m [37m"SurgeRuleOrmEntity"[0m[37m.[0m[37m"updated_at"[0m [94mAS[0m [37m"SurgeRuleOrmEntity_updated_at"[0m[37m,[0m [37m"SurgeRuleOrmEntity"[0m[37m.[0m[37m"name"[0m [94mAS[0m [37m"SurgeRuleOrmEntity_name"[0m[37m,[0m [37m"SurgeRuleOrmEntity"[0m[37m.[0m[37m"trigger"[0m [94mAS[0m [37m"SurgeRuleOrmEntity_trigger"[0m[37m,[0m [37m"SurgeRuleOrmEntity"[0m[37m.[0m[37m"multiplier"[0m [94mAS[0m [37m"SurgeRuleOrmEntity_multiplier"[0m[37m,[0m [37m"SurgeRuleOrmEntity"[0m[37m.[0m[37m"min_orders"[0m [94mAS[0m [37m"SurgeRuleOrmEntity_min_orders"[0m[37m,[0m [37m"SurgeRuleOrmEntity"[0m[37m.[0m[37m"max_drivers"[0m [94mAS[0m [37m"SurgeRuleOrmEntity_max_drivers"[0m[37m,[0m [37m"SurgeRuleOrmEntity"[0m[37m.[0m[37m"start_hour"[0m [94mAS[0m [37m"SurgeRuleOrmEntity_start_hour"[0m[37m,[0m [37m"SurgeRuleOrmEntity"[0m[37m.[0m[37m"end_hour"[0m [94mAS[0m [37m"SurgeRuleOrmEntity_end_hour"[0m[37m,[0m [37m"SurgeRuleOrmEntity"[0m[37m.[0m[37m"is_active"[0m [94mAS[0m [37m"SurgeRuleOrmEntity_is_active"[0m[37m,[0m [37m"SurgeRuleOrmEntity"[0m[37m.[0m[37m"version"[0m [94mAS[0m [37m"SurgeRuleOrmEntity_version"[0m [94mFROM[0m [37m"surge_rules"[0m [37m"SurgeRuleOrmEntity"[0m [94mWHERE[0m [37m([0m[37m([0m[37m"SurgeRuleOrmEntity"[0m[37m.[0m[37m"is_active"[0m [37m=[0m [37m$[0m[32m1[0m[37m)[0m[37m)[0m [90m-- PARAMETERS: [true][0m
[90m[4mquery:[24m[39m [94mSELECT[0m [37m"VendorOrmEntity"[0m[37m.[0m[37m"id"[0m [94mAS[0m [37m"VendorOrmEntity_id"[0m[37m,[0m [37m"VendorOrmEntity"[0m[37m.[0m[37m"tenant_id"[0m [94mAS[0m [37m"VendorOrmEntity_tenant_id"[0m[37m,[0m [37m"VendorOrmEntity"[0m[37m.[0m[37m"created_at"[0m [94mAS[0m [37m"VendorOrmEntity_created_at"[0m[37m,[0m [37m"VendorOrmEntity"[0m[37m.[0m[37m"updated_at"[0m [94mAS[0m [37m"VendorOrmEntity_updated_at"[0m[37m,[0m [37m"VendorOrmEntity"[0m[37m.[0m[37m"user_id"[0m [94mAS[0m [37m"VendorOrmEntity_user_id"[0m[37m,[0m [37m"VendorOrmEntity"[0m[37m.[0m[37m"shop_name"[0m [94mAS[0m [37m"VendorOrmEntity_shop_name"[0m[37m,[0m [37m"VendorOrmEntity"[0m[37m.[0m[37m"description"[0m [94mAS[0m [37m"VendorOrmEntity_description"[0m[37m,[0m [37m"VendorOrmEntity"[0m[37m.[0m[37m"category"[0m [94mAS[0m [37m"VendorOrmEntity_category"[0m[37m,[0m [37m"VendorOrmEntity"[0m[37m.[0m[37m"commission_rate"[0m [94mAS[0m [37m"VendorOrmEntity_commission_rate"[0m[37m,[0m [37m"VendorOrmEntity"[0m[37m.[0m[37m"status"[0m [94mAS[0m [37m"VendorOrmEntity_status"[0m[37m,[0m [37m"VendorOrmEntity"[0m[37m.[0m[37m"average_rating"[0m [94mAS[0m [37m"VendorOrmEntity_average_rating"[0m[37m,[0m [37m"VendorOrmEntity"[0m[37m.[0m[37m"total_orders"[0m [94mAS[0m [37m"VendorOrmEntity_total_orders"[0m[37m,[0m [37m"VendorOrmEntity"[0m[37m.[0m[37m"version"[0m [94mAS[0m [37m"VendorOrmEntity_version"[0m [94mFROM[0m [37m"vendors"[0m [37m"VendorOrmEntity"[0m [94mWHERE[0m [37m([0m[37m([0m[37m"VendorOrmEntity"[0m[37m.[0m[37m"user_id"[0m [37m=[0m [37m$[0m[32m1[0m[37m)[0m[37m)[0m [94mLIMIT[0m [32m1[0m [90m-- PARAMETERS: ["b0000000-0000-0000-0000-000000000002"][0m
[90m[4mquery:[24m[39m [94mSELECT[0m [37m"ProductOrmEntity"[0m[37m.[0m[37m"id"[0m [94mAS[0m [37m"ProductOrmEntity_id"[0m[37m,[0m [37m"ProductOrmEntity"[0m[37m.[0m[37m"tenant_id"[0m [94mAS[0m [37m"ProductOrmEntity_tenant_id"[0m[37m,[0m [37m"ProductOrmEntity"[0m[37m.[0m[37m"created_at"[0m [94mAS[0m [37m"ProductOrmEntity_created_at"[0m[37m,[0m [37m"ProductOrmEntity"[0m[37m.[0m[37m"updated_at"[0m [94mAS[0m [37m"ProductOrmEntity_updated_at"[0m[37m,[0m [37m"ProductOrmEntity"[0m[37m.[0m[37m"vendor_id"[0m [94mAS[0m [37m"ProductOrmEntity_vendor_id"[0m[37m,[0m [37m"ProductOrmEntity"[0m[37m.[0m[37m"name"[0m [94mAS[0m [37m"ProductOrmEntity_name"[0m[37m,[0m [37m"ProductOrmEntity"[0m[37m.[0m[37m"description"[0m [94mAS[0m [37m"ProductOrmEntity_description"[0m[37m,[0m [37m"ProductOrmEntity"[0m[37m.[0m[37m"price"[0m [94mAS[0m [37m"ProductOrmEntity_price"[0m[37m,[0m [37m"ProductOrmEntity"[0m[37m.[0m[37m"currency"[0m [94mAS[0m [37m"ProductOrmEntity_currency"[0m[37m,[0m [37m"ProductOrmEntity"[0m[37m.[0m[37m"type"[0m [94mAS[0m [37m"ProductOrmEntity_type"[0m[37m,[0m [37m"ProductOrmEntity"[0m[37m.[0m[37m"category_id"[0m [94mAS[0m [37m"ProductOrmEntity_category_id"[0m[37m,[0m [37m"ProductOrmEntity"[0m[37m.[0m[37m"image_url"[0m [94mAS[0m [37m"ProductOrmEntity_image_url"[0m[37m,[0m [37m"ProductOrmEntity"[0m[37m.[0m[37m"stock_quantity"[0m [94mAS[0m [37m"ProductOrmEntity_stock_quantity"[0m[37m,[0m [37m"ProductOrmEntity"[0m[37m.[0m[37m"unit"[0m [94mAS[0m [37m"ProductOrmEntity_unit"[0m[37m,[0m [37m"ProductOrmEntity"[0m[37m.[0m[37m"status"[0m [94mAS[0m [37m"ProductOrmEntity_status"[0m[37m,[0m [37m"ProductOrmEntity"[0m[37m.[0m[37m"version"[0m [94mAS[0m [37m"ProductOrmEntity_version"[0m [94mFROM[0m [37m"products"[0m [37m"ProductOrmEntity"[0m [94mWHERE[0m [37m([0m[37m([0m[37m"ProductOrmEntity"[0m[37m.[0m[37m"vendor_id"[0m [37m=[0m [37m$[0m[32m1[0m[37m)[0m[37m)[0m [90m-- PARAMETERS: ["c0000000-0000-0000-0000-000000000001"][0m
[19:32:11.277] [34mDEBUG[39m (20344): [36mGET /api/vendors/me/products 200 16ms [user=b0000000-0000-0000-0000-000000000002 tenant=a0000000-0000-0000-0000-000000000001][39m
    [35mcontext[39m: "HTTP"
[90m[4mquery:[24m[39m [94mSELECT[0m [37m"VendorOrmEntity"[0m[37m.[0m[37m"id"[0m [94mAS[0m [37m"VendorOrmEntity_id"[0m[37m,[0m [37m"VendorOrmEntity"[0m[37m.[0m[37m"tenant_id"[0m [94mAS[0m [37m"VendorOrmEntity_tenant_id"[0m[37m,[0m [37m"VendorOrmEntity"[0m[37m.[0m[37m"created_at"[0m [94mAS[0m [37m"VendorOrmEntity_created_at"[0m[37m,[0m [37m"VendorOrmEntity"[0m[37m.[0m[37m"updated_at"[0m [94mAS[0m [37m"VendorOrmEntity_updated_at"[0m[37m,[0m [37m"VendorOrmEntity"[0m[37m.[0m[37m"user_id"[0m [94mAS[0m [37m"VendorOrmEntity_user_id"[0m[37m,[0m [37m"VendorOrmEntity"[0m[37m.[0m[37m"shop_name"[0m [94mAS[0m [37m"VendorOrmEntity_shop_name"[0m[37m,[0m [37m"VendorOrmEntity"[0m[37m.[0m[37m"description"[0m [94mAS[0m [37m"VendorOrmEntity_description"[0m[37m,[0m [37m"VendorOrmEntity"[0m[37m.[0m[37m"category"[0m [94mAS[0m [37m"VendorOrmEntity_category"[0m[37m,[0m [37m"VendorOrmEntity"[0m[37m.[0m[37m"commission_rate"[0m [94mAS[0m [37m"VendorOrmEntity_commission_rate"[0m[37m,[0m [37m"VendorOrmEntity"[0m[37m.[0m[37m"status"[0m [94mAS[0m [37m"VendorOrmEntity_status"[0m[37m,[0m [37m"VendorOrmEntity"[0m[37m.[0m[37m"average_rating"[0m [94mAS[0m [37m"VendorOrmEntity_average_rating"[0m[37m,[0m [37m"VendorOrmEntity"[0m[37m.[0m[37m"total_orders"[0m [94mAS[0m [37m"VendorOrmEntity_total_orders"[0m[37m,[0m [37m"VendorOrmEntity"[0m[37m.[0m[37m"version"[0m [94mAS[0m [37m"VendorOrmEntity_version"[0m [94mFROM[0m [37m"vendors"[0m [37m"VendorOrmEntity"[0m [94mWHERE[0m [37m([0m[37m([0m[37m"VendorOrmEntity"[0m[37m.[0m[37m"user_id"[0m [37m=[0m [37m$[0m[32m1[0m[37m)[0m[37m)[0m [94mLIMIT[0m [32m1[0m [90m-- PARAMETERS: ["b0000000-0000-0000-0000-000000000002"][0m
[90m[4mquery:[24m[39m [94mSELECT[0m [37m"ProductOrmEntity"[0m[37m.[0m[37m"id"[0m [94mAS[0m [37m"ProductOrmEntity_id"[0m[37m,[0m [37m"ProductOrmEntity"[0m[37m.[0m[37m"tenant_id"[0m [94mAS[0m [37m"ProductOrmEntity_tenant_id"[0m[37m,[0m [37m"ProductOrmEntity"[0m[37m.[0m[37m"created_at"[0m [94mAS[0m [37m"ProductOrmEntity_created_at"[0m[37m,[0m [37m"ProductOrmEntity"[0m[37m.[0m[37m"updated_at"[0m [94mAS[0m [37m"ProductOrmEntity_updated_at"[0m[37m,[0m [37m"ProductOrmEntity"[0m[37m.[0m[37m"vendor_id"[0m [94mAS[0m [37m"ProductOrmEntity_vendor_id"[0m[37m,[0m [37m"ProductOrmEntity"[0m[37m.[0m[37m"name"[0m [94mAS[0m [37m"ProductOrmEntity_name"[0m[37m,[0m [37m"ProductOrmEntity"[0m[37m.[0m[37m"description"[0m [94mAS[0m [37m"ProductOrmEntity_description"[0m[37m,[0m [37m"ProductOrmEntity"[0m[37m.[0m[37m"price"[0m [94mAS[0m [37m"ProductOrmEntity_price"[0m[37m,[0m [37m"ProductOrmEntity"[0m[37m.[0m[37m"currency"[0m [94mAS[0m [37m"ProductOrmEntity_currency"[0m[37m,[0m [37m"ProductOrmEntity"[0m[37m.[0m[37m"type"[0m [94mAS[0m [37m"ProductOrmEntity_type"[0m[37m,[0m [37m"ProductOrmEntity"[0m[37m.[0m[37m"category_id"[0m [94mAS[0m [37m"ProductOrmEntity_category_id"[0m[37m,[0m [37m"ProductOrmEntity"[0m[37m.[0m[37m"image_url"[0m [94mAS[0m [37m"ProductOrmEntity_image_url"[0m[37m,[0m [37m"ProductOrmEntity"[0m[37m.[0m[37m"stock_quantity"[0m [94mAS[0m [37m"ProductOrmEntity_stock_quantity"[0m[37m,[0m [37m"ProductOrmEntity"[0m[37m.[0m[37m"unit"[0m [94mAS[0m [37m"ProductOrmEntity_unit"[0m[37m,[0m [37m"ProductOrmEntity"[0m[37m.[0m[37m"status"[0m [94mAS[0m [37m"ProductOrmEntity_status"[0m[37m,[0m [37m"ProductOrmEntity"[0m[37m.[0m[37m"version"[0m [94mAS[0m [37m"ProductOrmEntity_version"[0m [94mFROM[0m [37m"products"[0m [37m"ProductOrmEntity"[0m [94mWHERE[0m [37m([0m[37m([0m[37m"ProductOrmEntity"[0m[37m.[0m[37m"vendor_id"[0m [37m=[0m [37m$[0m[32m1[0m[37m)[0m[37m)[0m [90m-- PARAMETERS: ["c0000000-0000-0000-0000-000000000001"][0m
[19:32:11.286] [34mDEBUG[39m (20344): [36mGET /api/vendors/me/products 200 3ms [user=b0000000-0000-0000-0000-000000000002 tenant=a0000000-0000-0000-0000-000000000001][39m
    [35mcontext[39m: "HTTP"
[90m[4mquery:[24m[39m [94mSELECT[0m [37m"WalletTransactionOrmEntity"[0m[37m.[0m[37m"id"[0m [94mAS[0m [37m"WalletTransactionOrmEntity_id"[0m[37m,[0m [37m"WalletTransactionOrmEntity"[0m[37m.[0m[37m"tenant_id"[0m [94mAS[0m [37m"WalletTransactionOrmEntity_tenant_id"[0m[37m,[0m [37m"WalletTransactionOrmEntity"[0m[37m.[0m[37m"created_at"[0m [94mAS[0m [37m"WalletTransactionOrmEntity_created_at"[0m[37m,[0m [37m"WalletTransactionOrmEntity"[0m[37m.[0m[37m"updated_at"[0m [94mAS[0m [37m"WalletTransactionOrmEntity_updated_at"[0m[37m,[0m [37m"WalletTransactionOrmEntity"[0m[37m.[0m[37m"owner_id"[0m [94mAS[0m [37m"WalletTransactionOrmEntity_owner_id"[0m[37m,[0m [37m"WalletTransactionOrmEntity"[0m[37m.[0m[37m"owner_type"[0m [94mAS[0m [37m"WalletTransactionOrmEntity_owner_type"[0m[37m,[0m [37m"WalletTransactionOrmEntity"[0m[37m.[0m[37m"type"[0m [94mAS[0m [37m"WalletTransactionOrmEntity_type"[0m[37m,[0m [37m"WalletTransactionOrmEntity"[0m[37m.[0m[37m"amount"[0m [94mAS[0m [37m"WalletTransactionOrmEntity_amount"[0m[37m,[0m [37m"WalletTransactionOrmEntity"[0m[37m.[0m[37m"currency"[0m [94mAS[0m [37m"WalletTransactionOrmEntity_currency"[0m[37m,[0m [37m"WalletTransactionOrmEntity"[0m[37m.[0m[37m"balance_before"[0m [94mAS[0m [37m"WalletTransactionOrmEntity_balance_before"[0m[37m,[0m [37m"WalletTransactionOrmEntity"[0m[37m.[0m[37m"balance_after"[0m [94mAS[0m [37m"WalletTransactionOrmEntity_balance_after"[0m[37m,[0m [37m"WalletTransactionOrmEntity"[0m[37m.[0m[37m"description"[0m [94mAS[0m [37m"WalletTransactionOrmEntity_description"[0m[37m,[0m [37m"WalletTransactionOrmEntity"[0m[37m.[0m[37m"reference_id"[0m [94mAS[0m [37m"WalletTransactionOrmEntity_reference_id"[0m[37m,[0m [37m"WalletTransactionOrmEntity"[0m[37m.[0m[37m"reference_type"[0m [94mAS[0m [37m"WalletTransactionOrmEntity_reference_type"[0m [94mFROM[0m [37m"wallet_transactions"[0m [37m"WalletTransactionOrmEntity"[0m [94mWHERE[0m [37m([0m[37m([0m[37m"WalletTransactionOrmEntity"[0m[37m.[0m[37m"tenant_id"[0m [37m=[0m [37m$[0m[32m1[0m[37m)[0m [94mAND[0m [37m([0m[37m"WalletTransactionOrmEntity"[0m[37m.[0m[37m"owner_id"[0m [37m=[0m [37m$[0m[32m2[0m[37m)[0m[37m)[0m [94mORDER BY[0m [37m"WalletTransactionOrmEntity"[0m[37m.[0m[37m"created_at"[0m [94mDESC[0m [94mLIMIT[0m [32m20[0m [37mOFFSET[0m [32m0[0m [90m-- PARAMETERS: ["a0000000-0000-0000-0000-000000000001","b0000000-0000-0000-0000-000000000002"][0m
[90m[4mquery:[24m[39m [94mSELECT[0m [37m"WalletOrmEntity"[0m[37m.[0m[37m"id"[0m [94mAS[0m [37m"WalletOrmEntity_id"[0m[37m,[0m [37m"WalletOrmEntity"[0m[37m.[0m[37m"tenant_id"[0m [94mAS[0m [37m"WalletOrmEntity_tenant_id"[0m[37m,[0m [37m"WalletOrmEntity"[0m[37m.[0m[37m"created_at"[0m [94mAS[0m [37m"WalletOrmEntity_created_at"[0m[37m,[0m [37m"WalletOrmEntity"[0m[37m.[0m[37m"updated_at"[0m [94mAS[0m [37m"WalletOrmEntity_updated_at"[0m[37m,[0m [37m"WalletOrmEntity"[0m[37m.[0m[37m"owner_id"[0m [94mAS[0m [37m"WalletOrmEntity_owner_id"[0m[37m,[0m [37m"WalletOrmEntity"[0m[37m.[0m[37m"owner_type"[0m [94mAS[0m [37m"WalletOrmEntity_owner_type"[0m[37m,[0m [37m"WalletOrmEntity"[0m[37m.[0m[37m"balance"[0m [94mAS[0m [37m"WalletOrmEntity_balance"[0m[37m,[0m [37m"WalletOrmEntity"[0m[37m.[0m[37m"pending_balance"[0m [94mAS[0m [37m"WalletOrmEntity_pending_balance"[0m[37m,[0m [37m"WalletOrmEntity"[0m[37m.[0m[37m"currency"[0m [94mAS[0m [37m"WalletOrmEntity_currency"[0m[37m,[0m [37m"WalletOrmEntity"[0m[37m.[0m[37m"version"[0m [94mAS[0m [37m"WalletOrmEntity_version"[0m [94mFROM[0m [37m"wallets"[0m [37m"WalletOrmEntity"[0m [94mWHERE[0m [37m([0m[37m([0m[37m"WalletOrmEntity"[0m[37m.[0m[37m"owner_id"[0m [37m=[0m [37m$[0m[32m1[0m[37m)[0m[37m)[0m [94mLIMIT[0m [32m1[0m [90m-- PARAMETERS: ["b0000000-0000-0000-0000-000000000002"][0m
[19:32:21.887] [34mDEBUG[39m (20344): [36mGET /api/wallets/me 200 23ms [user=b0000000-0000-0000-0000-000000000002 tenant=a0000000-0000-0000-0000-000000000001][39m
    [35mcontext[39m: "HTTP"
[19:32:21.893] [34mDEBUG[39m (20344): [36mGET /api/wallets/transactions 200 48ms [user=b0000000-0000-0000-0000-000000000002 tenant=a0000000-0000-0000-0000-000000000001][39m
    [35mcontext[39m: "HTTP"
[90m[4mquery:[24m[39m [94mSELECT[0m [37m"WalletOrmEntity"[0m[37m.[0m[37m"id"[0m [94mAS[0m [37m"WalletOrmEntity_id"[0m[37m,[0m [37m"WalletOrmEntity"[0m[37m.[0m[37m"tenant_id"[0m [94mAS[0m [37m"WalletOrmEntity_tenant_id"[0m[37m,[0m [37m"WalletOrmEntity"[0m[37m.[0m[37m"created_at"[0m [94mAS[0m [37m"WalletOrmEntity_created_at"[0m[37m,[0m [37m"WalletOrmEntity"[0m[37m.[0m[37m"updated_at"[0m [94mAS[0m [37m"WalletOrmEntity_updated_at"[0m[37m,[0m [37m"WalletOrmEntity"[0m[37m.[0m[37m"owner_id"[0m [94mAS[0m [37m"WalletOrmEntity_owner_id"[0m[37m,[0m [37m"WalletOrmEntity"[0m[37m.[0m[37m"owner_type"[0m [94mAS[0m [37m"WalletOrmEntity_owner_type"[0m[37m,[0m [37m"WalletOrmEntity"[0m[37m.[0m[37m"balance"[0m [94mAS[0m [37m"WalletOrmEntity_balance"[0m[37m,[0m [37m"WalletOrmEntity"[0m[37m.[0m[37m"pending_balance"[0m [94mAS[0m [37m"WalletOrmEntity_pending_balance"[0m[37m,[0m [37m"WalletOrmEntity"[0m[37m.[0m[37m"currency"[0m [94mAS[0m [37m"WalletOrmEntity_currency"[0m[37m,[0m [37m"WalletOrmEntity"[0m[37m.[0m[37m"version"[0m [94mAS[0m [37m"WalletOrmEntity_version"[0m [94mFROM[0m [37m"wallets"[0m [37m"WalletOrmEntity"[0m [94mWHERE[0m [37m([0m[37m([0m[37m"WalletOrmEntity"[0m[37m.[0m[37m"owner_id"[0m [37m=[0m [37m$[0m[32m1[0m[37m)[0m[37m)[0m [94mLIMIT[0m [32m1[0m [90m-- PARAMETERS: ["b0000000-0000-0000-0000-000000000002"][0m
[90m[4mquery:[24m[39m [94mSELECT[0m [37m"WalletTransactionOrmEntity"[0m[37m.[0m[37m"id"[0m [94mAS[0m [37m"WalletTransactionOrmEntity_id"[0m[37m,[0m [37m"WalletTransactionOrmEntity"[0m[37m.[0m[37m"tenant_id"[0m [94mAS[0m [37m"WalletTransactionOrmEntity_tenant_id"[0m[37m,[0m [37m"WalletTransactionOrmEntity"[0m[37m.[0m[37m"created_at"[0m [94mAS[0m [37m"WalletTransactionOrmEntity_created_at"[0m[37m,[0m [37m"WalletTransactionOrmEntity"[0m[37m.[0m[37m"updated_at"[0m [94mAS[0m [37m"WalletTransactionOrmEntity_updated_at"[0m[37m,[0m [37m"WalletTransactionOrmEntity"[0m[37m.[0m[37m"owner_id"[0m [94mAS[0m [37m"WalletTransactionOrmEntity_owner_id"[0m[37m,[0m [37m"WalletTransactionOrmEntity"[0m[37m.[0m[37m"owner_type"[0m [94mAS[0m [37m"WalletTransactionOrmEntity_owner_type"[0m[37m,[0m [37m"WalletTransactionOrmEntity"[0m[37m.[0m[37m"type"[0m [94mAS[0m [37m"WalletTransactionOrmEntity_type"[0m[37m,[0m [37m"WalletTransactionOrmEntity"[0m[37m.[0m[37m"amount"[0m [94mAS[0m [37m"WalletTransactionOrmEntity_amount"[0m[37m,[0m [37m"WalletTransactionOrmEntity"[0m[37m.[0m[37m"currency"[0m [94mAS[0m [37m"WalletTransactionOrmEntity_currency"[0m[37m,[0m [37m"WalletTransactionOrmEntity"[0m[37m.[0m[37m"balance_before"[0m [94mAS[0m [37m"WalletTransactionOrmEntity_balance_before"[0m[37m,[0m [37m"WalletTransactionOrmEntity"[0m[37m.[0m[37m"balance_after"[0m [94mAS[0m [37m"WalletTransactionOrmEntity_balance_after"[0m[37m,[0m [37m"WalletTransactionOrmEntity"[0m[37m.[0m[37m"description"[0m [94mAS[0m [37m"WalletTransactionOrmEntity_description"[0m[37m,[0m [37m"WalletTransactionOrmEntity"[0m[37m.[0m[37m"reference_id"[0m [94mAS[0m [37m"WalletTransactionOrmEntity_reference_id"[0m[37m,[0m [37m"WalletTransactionOrmEntity"[0m[37m.[0m[37m"reference_type"[0m [94mAS[0m [37m"WalletTransactionOrmEntity_reference_type"[0m [94mFROM[0m [37m"wallet_transactions"[0m [37m"WalletTransactionOrmEntity"[0m [94mWHERE[0m [37m([0m[37m([0m[37m"WalletTransactionOrmEntity"[0m[37m.[0m[37m"tenant_id"[0m [37m=[0m [37m$[0m[32m1[0m[37m)[0m [94mAND[0m [37m([0m[37m"WalletTransactionOrmEntity"[0m[37m.[0m[37m"owner_id"[0m [37m=[0m [37m$[0m[32m2[0m[37m)[0m[37m)[0m [94mORDER BY[0m [37m"WalletTransactionOrmEntity"[0m[37m.[0m[37m"created_at"[0m [94mDESC[0m [94mLIMIT[0m [32m20[0m [37mOFFSET[0m [32m0[0m [90m-- PARAMETERS: ["a0000000-0000-0000-0000-000000000001","b0000000-0000-0000-0000-000000000002"][0m
[19:32:21.900] [34mDEBUG[39m (20344): [36mGET /api/wallets/me 200 5ms [user=b0000000-0000-0000-0000-000000000002 tenant=a0000000-0000-0000-0000-000000000001][39m
    [35mcontext[39m: "HTTP"
[19:32:21.904] [34mDEBUG[39m (20344): [36mGET /api/wallets/transactions 200 6ms [user=b0000000-0000-0000-0000-000000000002 tenant=a0000000-0000-0000-0000-000000000001][39m
    [35mcontext[39m: "HTTP"
