
  [32m[1mVITE[22m v8.1.5[39m  [2mready in [0m[1m578[22m[2m[0m ms[22m

  [32m➜[39m  [1mLocal[22m:   [36mhttp://localhost:[1m4200[22m/[39m
[2m  [32m➜[39m  [1mNetwork[22m[2m: use [22m[1m--host[22m[2m to expose[22m
[2m[32m  ➜[39m[22m[2m  press [22m[1mh + enter[22m[2m to show help[22m
[2m9:52:08 PM[22m [31m[1m[vite][22m[39m [31m[2m(client)[22m[39m [31m[Unhandled error] [1mSyntaxError[22m: "undefined" is not valid JSON
[39m > src/context/AuthContext.tsx:26:19
    24 |      const token = localStorage.getItem('accessToken');
    25 |      if (storedUser && token) {
    26 |        setUser(JSON.parse(storedUser));
       |                     ^
    27 |      }
    28 |      setLoading(false);
 > Object.react_stack_bottom_frame ../../node_modules/react-dom/cjs/react-dom-client.development.js:25989:19
 > runWithFiberInDEV ../../node_modules/react-dom/cjs/react-dom-client.development.js:871:29
 > commitHookEffectListMount ../../node_modules/react-dom/cjs/react-dom-client.development.js:13249:28
 > commitHookPassiveMountEffects ../../node_modules/react-dom/cjs/react-dom-client.development.js:13336:10
 > commitPassiveMountOnFiber ../../node_modules/react-dom/cjs/react-dom-client.development.js:15484:12
 > recursivelyTraversePassiveMountEffects ../../node_modules/react-dom/cjs/react-dom-client.development.js:15439:10
 > commitPassiveMountOnFiber ../../node_modules/react-dom/cjs/react-dom-client.development.js:15476:10
 > recursivelyTraversePassiveMountEffects ../../node_modules/react-dom/cjs/react-dom-client.development.js:15439:10

[2m9:52:08 PM[22m [33m[1m[vite][22m[39m [33m[2m(client)[22m[39m [2m[console.warn] [22mAn error occurred in the <AuthProvider> component.

Consider adding an error boundary to your tree to customize error handling behavior.
Visit https://react.dev/link/error-boundaries to learn more about error boundaries.

[2m9:52:08 PM[22m [31m[1m[vite][22m[39m [31m[2m(client)[22m[39m [31m[Unhandled error] [1mSyntaxError[22m: "undefined" is not valid JSON
[39m > src/context/AuthContext.tsx:26:19
    24 |      const token = localStorage.getItem('accessToken');
    25 |      if (storedUser && token) {
    26 |        setUser(JSON.parse(storedUser));
       |                     ^
    27 |      }
    28 |      setLoading(false);
 > Object.react_stack_bottom_frame ../../node_modules/react-dom/cjs/react-dom-client.development.js:25989:19
 > runWithFiberInDEV ../../node_modules/react-dom/cjs/react-dom-client.development.js:871:29
 > commitHookEffectListMount ../../node_modules/react-dom/cjs/react-dom-client.development.js:13249:28
 > commitHookPassiveMountEffects ../../node_modules/react-dom/cjs/react-dom-client.development.js:13336:10
 > reconnectPassiveEffects ../../node_modules/react-dom/cjs/react-dom-client.development.js:15832:10
 > recursivelyTraverseReconnectPassiveEffects ../../node_modules/react-dom/cjs/react-dom-client.development.js:15784:8
 > reconnectPassiveEffects ../../node_modules/react-dom/cjs/react-dom-client.development.js:15824:10
 > recursivelyTraverseReconnectPassiveEffects ../../node_modules/react-dom/cjs/react-dom-client.development.js:15784:8

[2m9:52:08 PM[22m [33m[1m[vite][22m[39m [33m[2m(client)[22m[39m [2m[console.warn] [22mAn error occurred in the <AuthProvider> component.

Consider adding an error boundary to your tree to customize error handling behavior.
Visit https://react.dev/link/error-boundaries to learn more about error boundaries.

[2m9:52:10 PM[22m [31m[1m[vite][22m[39m [31m[2m(client)[22m[39m [31m[Unhandled error] [1mSyntaxError[22m: "undefined" is not valid JSON
[39m > src/context/AuthContext.tsx:26:19
    24 |      const token = localStorage.getItem('accessToken');
    25 |      if (storedUser && token) {
    26 |        setUser(JSON.parse(storedUser));
       |                     ^
    27 |      }
    28 |      setLoading(false);
 > Object.react_stack_bottom_frame ../../node_modules/react-dom/cjs/react-dom-client.development.js:25989:19
 > runWithFiberInDEV ../../node_modules/react-dom/cjs/react-dom-client.development.js:871:29
 > commitHookEffectListMount ../../node_modules/react-dom/cjs/react-dom-client.development.js:13249:28
 > commitHookPassiveMountEffects ../../node_modules/react-dom/cjs/react-dom-client.development.js:13336:10
 > commitPassiveMountOnFiber ../../node_modules/react-dom/cjs/react-dom-client.development.js:15484:12
 > recursivelyTraversePassiveMountEffects ../../node_modules/react-dom/cjs/react-dom-client.development.js:15439:10
 > commitPassiveMountOnFiber ../../node_modules/react-dom/cjs/react-dom-client.development.js:15476:10
 > recursivelyTraversePassiveMountEffects ../../node_modules/react-dom/cjs/react-dom-client.development.js:15439:10

[2m9:52:10 PM[22m [33m[1m[vite][22m[39m [33m[2m(client)[22m[39m [2m[console.warn] [22mAn error occurred in the <AuthProvider> component.

Consider adding an error boundary to your tree to customize error handling behavior.
Visit https://react.dev/link/error-boundaries to learn more about error boundaries.

[2m9:52:10 PM[22m [31m[1m[vite][22m[39m [31m[2m(client)[22m[39m [31m[Unhandled error] [1mSyntaxError[22m: "undefined" is not valid JSON
[39m > src/context/AuthContext.tsx:26:19
    24 |      const token = localStorage.getItem('accessToken');
    25 |      if (storedUser && token) {
    26 |        setUser(JSON.parse(storedUser));
       |                     ^
    27 |      }
    28 |      setLoading(false);
 > Object.react_stack_bottom_frame ../../node_modules/react-dom/cjs/react-dom-client.development.js:25989:19
 > runWithFiberInDEV ../../node_modules/react-dom/cjs/react-dom-client.development.js:871:29
 > commitHookEffectListMount ../../node_modules/react-dom/cjs/react-dom-client.development.js:13249:28
 > commitHookPassiveMountEffects ../../node_modules/react-dom/cjs/react-dom-client.development.js:13336:10
 > reconnectPassiveEffects ../../node_modules/react-dom/cjs/react-dom-client.development.js:15832:10
 > recursivelyTraverseReconnectPassiveEffects ../../node_modules/react-dom/cjs/react-dom-client.development.js:15784:8
 > reconnectPassiveEffects ../../node_modules/react-dom/cjs/react-dom-client.development.js:15824:10
 > recursivelyTraverseReconnectPassiveEffects ../../node_modules/react-dom/cjs/react-dom-client.development.js:15784:8

[2m9:52:10 PM[22m [33m[1m[vite][22m[39m [33m[2m(client)[22m[39m [2m[console.warn] [22mAn error occurred in the <AuthProvider> component.

Consider adding an error boundary to your tree to customize error handling behavior.
Visit https://react.dev/link/error-boundaries to learn more about error boundaries.

[2m9:52:11 PM[22m [31m[1m[vite][22m[39m [31m[2m(client)[22m[39m [31m[Unhandled error] [1mSyntaxError[22m: "undefined" is not valid JSON
[39m > src/context/AuthContext.tsx:26:19
    24 |      const token = localStorage.getItem('accessToken');
    25 |      if (storedUser && token) {
    26 |        setUser(JSON.parse(storedUser));
       |                     ^
    27 |      }
    28 |      setLoading(false);
 > Object.react_stack_bottom_frame ../../node_modules/react-dom/cjs/react-dom-client.development.js:25989:19
 > runWithFiberInDEV ../../node_modules/react-dom/cjs/react-dom-client.development.js:871:29
 > commitHookEffectListMount ../../node_modules/react-dom/cjs/react-dom-client.development.js:13249:28
 > commitHookPassiveMountEffects ../../node_modules/react-dom/cjs/react-dom-client.development.js:13336:10
 > commitPassiveMountOnFiber ../../node_modules/react-dom/cjs/react-dom-client.development.js:15484:12
 > recursivelyTraversePassiveMountEffects ../../node_modules/react-dom/cjs/react-dom-client.development.js:15439:10
 > commitPassiveMountOnFiber ../../node_modules/react-dom/cjs/react-dom-client.development.js:15476:10
 > recursivelyTraversePassiveMountEffects ../../node_modules/react-dom/cjs/react-dom-client.development.js:15439:10

[2m9:52:11 PM[22m [33m[1m[vite][22m[39m [33m[2m(client)[22m[39m [2m[console.warn] [22mAn error occurred in the <AuthProvider> component.

Consider adding an error boundary to your tree to customize error handling behavior.
Visit https://react.dev/link/error-boundaries to learn more about error boundaries.

[2m9:52:11 PM[22m [31m[1m[vite][22m[39m [31m[2m(client)[22m[39m [31m[Unhandled error] [1mSyntaxError[22m: "undefined" is not valid JSON
[39m > src/context/AuthContext.tsx:26:19
    24 |      const token = localStorage.getItem('accessToken');
    25 |      if (storedUser && token) {
    26 |        setUser(JSON.parse(storedUser));
       |                     ^
    27 |      }
    28 |      setLoading(false);
 > Object.react_stack_bottom_frame ../../node_modules/react-dom/cjs/react-dom-client.development.js:25989:19
 > runWithFiberInDEV ../../node_modules/react-dom/cjs/react-dom-client.development.js:871:29
 > commitHookEffectListMount ../../node_modules/react-dom/cjs/react-dom-client.development.js:13249:28
 > commitHookPassiveMountEffects ../../node_modules/react-dom/cjs/react-dom-client.development.js:13336:10
 > reconnectPassiveEffects ../../node_modules/react-dom/cjs/react-dom-client.development.js:15832:10
 > recursivelyTraverseReconnectPassiveEffects ../../node_modules/react-dom/cjs/react-dom-client.development.js:15784:8
 > reconnectPassiveEffects ../../node_modules/react-dom/cjs/react-dom-client.development.js:15824:10
 > recursivelyTraverseReconnectPassiveEffects ../../node_modules/react-dom/cjs/react-dom-client.development.js:15784:8

[2m9:52:11 PM[22m [33m[1m[vite][22m[39m [33m[2m(client)[22m[39m [2m[console.warn] [22mAn error occurred in the <AuthProvider> component.

Consider adding an error boundary to your tree to customize error handling behavior.
Visit https://react.dev/link/error-boundaries to learn more about error boundaries.

[2m9:52:12 PM[22m [31m[1m[vite][22m[39m [31m[2m(client)[22m[39m [31m[Unhandled error] [1mSyntaxError[22m: "undefined" is not valid JSON
[39m > src/context/AuthContext.tsx:26:19
    24 |      const token = localStorage.getItem('accessToken');
    25 |      if (storedUser && token) {
    26 |        setUser(JSON.parse(storedUser));
       |                     ^
    27 |      }
    28 |      setLoading(false);
 > Object.react_stack_bottom_frame ../../node_modules/react-dom/cjs/react-dom-client.development.js:25989:19
 > runWithFiberInDEV ../../node_modules/react-dom/cjs/react-dom-client.development.js:871:29
 > commitHookEffectListMount ../../node_modules/react-dom/cjs/react-dom-client.development.js:13249:28
 > commitHookPassiveMountEffects ../../node_modules/react-dom/cjs/react-dom-client.development.js:13336:10
 > commitPassiveMountOnFiber ../../node_modules/react-dom/cjs/react-dom-client.development.js:15484:12
 > recursivelyTraversePassiveMountEffects ../../node_modules/react-dom/cjs/react-dom-client.development.js:15439:10
 > commitPassiveMountOnFiber ../../node_modules/react-dom/cjs/react-dom-client.development.js:15476:10
 > recursivelyTraversePassiveMountEffects ../../node_modules/react-dom/cjs/react-dom-client.development.js:15439:10

[2m9:52:12 PM[22m [33m[1m[vite][22m[39m [33m[2m(client)[22m[39m [2m[console.warn] [22mAn error occurred in the <AuthProvider> component.

Consider adding an error boundary to your tree to customize error handling behavior.
Visit https://react.dev/link/error-boundaries to learn more about error boundaries.

[2m9:52:12 PM[22m [31m[1m[vite][22m[39m [31m[2m(client)[22m[39m [31m[Unhandled error] [1mSyntaxError[22m: "undefined" is not valid JSON
[39m > src/context/AuthContext.tsx:26:19
    24 |      const token = localStorage.getItem('accessToken');
    25 |      if (storedUser && token) {
    26 |        setUser(JSON.parse(storedUser));
       |                     ^
    27 |      }
    28 |      setLoading(false);
 > Object.react_stack_bottom_frame ../../node_modules/react-dom/cjs/react-dom-client.development.js:25989:19
 > runWithFiberInDEV ../../node_modules/react-dom/cjs/react-dom-client.development.js:871:29
 > commitHookEffectListMount ../../node_modules/react-dom/cjs/react-dom-client.development.js:13249:28
 > commitHookPassiveMountEffects ../../node_modules/react-dom/cjs/react-dom-client.development.js:13336:10
 > reconnectPassiveEffects ../../node_modules/react-dom/cjs/react-dom-client.development.js:15832:10
 > recursivelyTraverseReconnectPassiveEffects ../../node_modules/react-dom/cjs/react-dom-client.development.js:15784:8
 > reconnectPassiveEffects ../../node_modules/react-dom/cjs/react-dom-client.development.js:15824:10
 > recursivelyTraverseReconnectPassiveEffects ../../node_modules/react-dom/cjs/react-dom-client.development.js:15784:8

[2m9:52:12 PM[22m [33m[1m[vite][22m[39m [33m[2m(client)[22m[39m [2m[console.warn] [22mAn error occurred in the <AuthProvider> component.

Consider adding an error boundary to your tree to customize error handling behavior.
Visit https://react.dev/link/error-boundaries to learn more about error boundaries.

[2m9:52:13 PM[22m [31m[1m[vite][22m[39m [31m[2m(client)[22m[39m [31m[Unhandled error] [1mSyntaxError[22m: "undefined" is not valid JSON
[39m > src/context/AuthContext.tsx:26:19
    24 |      const token = localStorage.getItem('accessToken');
    25 |      if (storedUser && token) {
    26 |        setUser(JSON.parse(storedUser));
       |                     ^
    27 |      }
    28 |      setLoading(false);
 > Object.react_stack_bottom_frame ../../node_modules/react-dom/cjs/react-dom-client.development.js:25989:19
 > runWithFiberInDEV ../../node_modules/react-dom/cjs/react-dom-client.development.js:871:29
 > commitHookEffectListMount ../../node_modules/react-dom/cjs/react-dom-client.development.js:13249:28
 > commitHookPassiveMountEffects ../../node_modules/react-dom/cjs/react-dom-client.development.js:13336:10
 > commitPassiveMountOnFiber ../../node_modules/react-dom/cjs/react-dom-client.development.js:15484:12
 > recursivelyTraversePassiveMountEffects ../../node_modules/react-dom/cjs/react-dom-client.development.js:15439:10
 > commitPassiveMountOnFiber ../../node_modules/react-dom/cjs/react-dom-client.development.js:15476:10
 > recursivelyTraversePassiveMountEffects ../../node_modules/react-dom/cjs/react-dom-client.development.js:15439:10

[2m9:52:13 PM[22m [33m[1m[vite][22m[39m [33m[2m(client)[22m[39m [2m[console.warn] [22mAn error occurred in the <AuthProvider> component.

Consider adding an error boundary to your tree to customize error handling behavior.
Visit https://react.dev/link/error-boundaries to learn more about error boundaries.

[2m9:52:13 PM[22m [31m[1m[vite][22m[39m [31m[2m(client)[22m[39m [31m[Unhandled error] [1mSyntaxError[22m: "undefined" is not valid JSON
[39m > src/context/AuthContext.tsx:26:19
    24 |      const token = localStorage.getItem('accessToken');
    25 |      if (storedUser && token) {
    26 |        setUser(JSON.parse(storedUser));
       |                     ^
    27 |      }
    28 |      setLoading(false);
 > Object.react_stack_bottom_frame ../../node_modules/react-dom/cjs/react-dom-client.development.js:25989:19
 > runWithFiberInDEV ../../node_modules/react-dom/cjs/react-dom-client.development.js:871:29
 > commitHookEffectListMount ../../node_modules/react-dom/cjs/react-dom-client.development.js:13249:28
 > commitHookPassiveMountEffects ../../node_modules/react-dom/cjs/react-dom-client.development.js:13336:10
 > reconnectPassiveEffects ../../node_modules/react-dom/cjs/react-dom-client.development.js:15832:10
 > recursivelyTraverseReconnectPassiveEffects ../../node_modules/react-dom/cjs/react-dom-client.development.js:15784:8
 > reconnectPassiveEffects ../../node_modules/react-dom/cjs/react-dom-client.development.js:15824:10
 > recursivelyTraverseReconnectPassiveEffects ../../node_modules/react-dom/cjs/react-dom-client.development.js:15784:8

[2m9:52:13 PM[22m [33m[1m[vite][22m[39m [33m[2m(client)[22m[39m [2m[console.warn] [22mAn error occurred in the <AuthProvider> component.

Consider adding an error boundary to your tree to customize error handling behavior.
Visit https://react.dev/link/error-boundaries to learn more about error boundaries.

[2m9:52:14 PM[22m [31m[1m[vite][22m[39m [31m[2m(client)[22m[39m [31m[Unhandled error] [1mSyntaxError[22m: "undefined" is not valid JSON
[39m > src/context/AuthContext.tsx:26:19
    24 |      const token = localStorage.getItem('accessToken');
    25 |      if (storedUser && token) {
    26 |        setUser(JSON.parse(storedUser));
       |                     ^
    27 |      }
    28 |      setLoading(false);
 > Object.react_stack_bottom_frame ../../node_modules/react-dom/cjs/react-dom-client.development.js:25989:19
 > runWithFiberInDEV ../../node_modules/react-dom/cjs/react-dom-client.development.js:871:29
 > commitHookEffectListMount ../../node_modules/react-dom/cjs/react-dom-client.development.js:13249:28
 > commitHookPassiveMountEffects ../../node_modules/react-dom/cjs/react-dom-client.development.js:13336:10
 > commitPassiveMountOnFiber ../../node_modules/react-dom/cjs/react-dom-client.development.js:15484:12
 > recursivelyTraversePassiveMountEffects ../../node_modules/react-dom/cjs/react-dom-client.development.js:15439:10
 > commitPassiveMountOnFiber ../../node_modules/react-dom/cjs/react-dom-client.development.js:15476:10
 > recursivelyTraversePassiveMountEffects ../../node_modules/react-dom/cjs/react-dom-client.development.js:15439:10

[2m9:52:14 PM[22m [33m[1m[vite][22m[39m [33m[2m(client)[22m[39m [2m[console.warn] [22mAn error occurred in the <AuthProvider> component.

Consider adding an error boundary to your tree to customize error handling behavior.
Visit https://react.dev/link/error-boundaries to learn more about error boundaries.

[2m9:52:14 PM[22m [31m[1m[vite][22m[39m [31m[2m(client)[22m[39m [31m[Unhandled error] [1mSyntaxError[22m: "undefined" is not valid JSON
[39m > src/context/AuthContext.tsx:26:19
    24 |      const token = localStorage.getItem('accessToken');
    25 |      if (storedUser && token) {
    26 |        setUser(JSON.parse(storedUser));
       |                     ^
    27 |      }
    28 |      setLoading(false);
 > Object.react_stack_bottom_frame ../../node_modules/react-dom/cjs/react-dom-client.development.js:25989:19
 > runWithFiberInDEV ../../node_modules/react-dom/cjs/react-dom-client.development.js:871:29
 > commitHookEffectListMount ../../node_modules/react-dom/cjs/react-dom-client.development.js:13249:28
 > commitHookPassiveMountEffects ../../node_modules/react-dom/cjs/react-dom-client.development.js:13336:10
 > reconnectPassiveEffects ../../node_modules/react-dom/cjs/react-dom-client.development.js:15832:10
 > recursivelyTraverseReconnectPassiveEffects ../../node_modules/react-dom/cjs/react-dom-client.development.js:15784:8
 > reconnectPassiveEffects ../../node_modules/react-dom/cjs/react-dom-client.development.js:15824:10
 > recursivelyTraverseReconnectPassiveEffects ../../node_modules/react-dom/cjs/react-dom-client.development.js:15784:8

[2m9:52:14 PM[22m [33m[1m[vite][22m[39m [33m[2m(client)[22m[39m [2m[console.warn] [22mAn error occurred in the <AuthProvider> component.

Consider adding an error boundary to your tree to customize error handling behavior.
Visit https://react.dev/link/error-boundaries to learn more about error boundaries.

[2m9:52:15 PM[22m [31m[1m[vite][22m[39m [31m[2m(client)[22m[39m [31m[Unhandled error] [1mSyntaxError[22m: "undefined" is not valid JSON
[39m > src/context/AuthContext.tsx:26:19
    24 |      const token = localStorage.getItem('accessToken');
    25 |      if (storedUser && token) {
    26 |        setUser(JSON.parse(storedUser));
       |                     ^
    27 |      }
    28 |      setLoading(false);
 > Object.react_stack_bottom_frame ../../node_modules/react-dom/cjs/react-dom-client.development.js:25989:19
 > runWithFiberInDEV ../../node_modules/react-dom/cjs/react-dom-client.development.js:871:29
 > commitHookEffectListMount ../../node_modules/react-dom/cjs/react-dom-client.development.js:13249:28
 > commitHookPassiveMountEffects ../../node_modules/react-dom/cjs/react-dom-client.development.js:13336:10
 > commitPassiveMountOnFiber ../../node_modules/react-dom/cjs/react-dom-client.development.js:15484:12
 > recursivelyTraversePassiveMountEffects ../../node_modules/react-dom/cjs/react-dom-client.development.js:15439:10
 > commitPassiveMountOnFiber ../../node_modules/react-dom/cjs/react-dom-client.development.js:15476:10
 > recursivelyTraversePassiveMountEffects ../../node_modules/react-dom/cjs/react-dom-client.development.js:15439:10

[2m9:52:15 PM[22m [33m[1m[vite][22m[39m [33m[2m(client)[22m[39m [2m[console.warn] [22mAn error occurred in the <AuthProvider> component.

Consider adding an error boundary to your tree to customize error handling behavior.
Visit https://react.dev/link/error-boundaries to learn more about error boundaries.

[2m9:52:15 PM[22m [31m[1m[vite][22m[39m [31m[2m(client)[22m[39m [31m[Unhandled error] [1mSyntaxError[22m: "undefined" is not valid JSON
[39m > src/context/AuthContext.tsx:26:19
    24 |      const token = localStorage.getItem('accessToken');
    25 |      if (storedUser && token) {
    26 |        setUser(JSON.parse(storedUser));
       |                     ^
    27 |      }
    28 |      setLoading(false);
 > Object.react_stack_bottom_frame ../../node_modules/react-dom/cjs/react-dom-client.development.js:25989:19
 > runWithFiberInDEV ../../node_modules/react-dom/cjs/react-dom-client.development.js:871:29
 > commitHookEffectListMount ../../node_modules/react-dom/cjs/react-dom-client.development.js:13249:28
 > commitHookPassiveMountEffects ../../node_modules/react-dom/cjs/react-dom-client.development.js:13336:10
 > reconnectPassiveEffects ../../node_modules/react-dom/cjs/react-dom-client.development.js:15832:10
 > recursivelyTraverseReconnectPassiveEffects ../../node_modules/react-dom/cjs/react-dom-client.development.js:15784:8
 > reconnectPassiveEffects ../../node_modules/react-dom/cjs/react-dom-client.development.js:15824:10
 > recursivelyTraverseReconnectPassiveEffects ../../node_modules/react-dom/cjs/react-dom-client.development.js:15784:8

[2m9:52:15 PM[22m [33m[1m[vite][22m[39m [33m[2m(client)[22m[39m [2m[console.warn] [22mAn error occurred in the <AuthProvider> component.

Consider adding an error boundary to your tree to customize error handling behavior.
Visit https://react.dev/link/error-boundaries to learn more about error boundaries.

[2m9:52:15 PM[22m [31m[1m[vite][22m[39m [31m[2m(client)[22m[39m [31m[Unhandled error] [1mSyntaxError[22m: "undefined" is not valid JSON
[39m > src/context/AuthContext.tsx:26:19
    24 |      const token = localStorage.getItem('accessToken');
    25 |      if (storedUser && token) {
    26 |        setUser(JSON.parse(storedUser));
       |                     ^
    27 |      }
    28 |      setLoading(false);
 > Object.react_stack_bottom_frame ../../node_modules/react-dom/cjs/react-dom-client.development.js:25989:19
 > runWithFiberInDEV ../../node_modules/react-dom/cjs/react-dom-client.development.js:871:29
 > commitHookEffectListMount ../../node_modules/react-dom/cjs/react-dom-client.development.js:13249:28
 > commitHookPassiveMountEffects ../../node_modules/react-dom/cjs/react-dom-client.development.js:13336:10
 > commitPassiveMountOnFiber ../../node_modules/react-dom/cjs/react-dom-client.development.js:15484:12
 > recursivelyTraversePassiveMountEffects ../../node_modules/react-dom/cjs/react-dom-client.development.js:15439:10
 > commitPassiveMountOnFiber ../../node_modules/react-dom/cjs/react-dom-client.development.js:15476:10
 > recursivelyTraversePassiveMountEffects ../../node_modules/react-dom/cjs/react-dom-client.development.js:15439:10

[2m9:52:15 PM[22m [33m[1m[vite][22m[39m [33m[2m(client)[22m[39m [2m[console.warn] [22mAn error occurred in the <AuthProvider> component.

Consider adding an error boundary to your tree to customize error handling behavior.
Visit https://react.dev/link/error-boundaries to learn more about error boundaries.

[2m9:52:15 PM[22m [31m[1m[vite][22m[39m [31m[2m(client)[22m[39m [31m[Unhandled error] [1mSyntaxError[22m: "undefined" is not valid JSON
[39m > src/context/AuthContext.tsx:26:19
    24 |      const token = localStorage.getItem('accessToken');
    25 |      if (storedUser && token) {
    26 |        setUser(JSON.parse(storedUser));
       |                     ^
    27 |      }
    28 |      setLoading(false);
 > Object.react_stack_bottom_frame ../../node_modules/react-dom/cjs/react-dom-client.development.js:25989:19
 > runWithFiberInDEV ../../node_modules/react-dom/cjs/react-dom-client.development.js:871:29
 > commitHookEffectListMount ../../node_modules/react-dom/cjs/react-dom-client.development.js:13249:28
 > commitHookPassiveMountEffects ../../node_modules/react-dom/cjs/react-dom-client.development.js:13336:10
 > reconnectPassiveEffects ../../node_modules/react-dom/cjs/react-dom-client.development.js:15832:10
 > recursivelyTraverseReconnectPassiveEffects ../../node_modules/react-dom/cjs/react-dom-client.development.js:15784:8
 > reconnectPassiveEffects ../../node_modules/react-dom/cjs/react-dom-client.development.js:15824:10
 > recursivelyTraverseReconnectPassiveEffects ../../node_modules/react-dom/cjs/react-dom-client.development.js:15784:8

[2m9:52:15 PM[22m [33m[1m[vite][22m[39m [33m[2m(client)[22m[39m [2m[console.warn] [22mAn error occurred in the <AuthProvider> component.

Consider adding an error boundary to your tree to customize error handling behavior.
Visit https://react.dev/link/error-boundaries to learn more about error boundaries.

[2m9:52:16 PM[22m [31m[1m[vite][22m[39m [31m[2m(client)[22m[39m [31m[Unhandled error] [1mSyntaxError[22m: "undefined" is not valid JSON
[39m > src/context/AuthContext.tsx:26:19
    24 |      const token = localStorage.getItem('accessToken');
    25 |      if (storedUser && token) {
    26 |        setUser(JSON.parse(storedUser));
       |                     ^
    27 |      }
    28 |      setLoading(false);
 > Object.react_stack_bottom_frame ../../node_modules/react-dom/cjs/react-dom-client.development.js:25989:19
 > runWithFiberInDEV ../../node_modules/react-dom/cjs/react-dom-client.development.js:871:29
 > commitHookEffectListMount ../../node_modules/react-dom/cjs/react-dom-client.development.js:13249:28
 > commitHookPassiveMountEffects ../../node_modules/react-dom/cjs/react-dom-client.development.js:13336:10
 > commitPassiveMountOnFiber ../../node_modules/react-dom/cjs/react-dom-client.development.js:15484:12
 > recursivelyTraversePassiveMountEffects ../../node_modules/react-dom/cjs/react-dom-client.development.js:15439:10
 > commitPassiveMountOnFiber ../../node_modules/react-dom/cjs/react-dom-client.development.js:15476:10
 > recursivelyTraversePassiveMountEffects ../../node_modules/react-dom/cjs/react-dom-client.development.js:15439:10

[2m9:52:16 PM[22m [33m[1m[vite][22m[39m [33m[2m(client)[22m[39m [2m[console.warn] [22mAn error occurred in the <AuthProvider> component.

Consider adding an error boundary to your tree to customize error handling behavior.
Visit https://react.dev/link/error-boundaries to learn more about error boundaries.

[2m9:52:16 PM[22m [31m[1m[vite][22m[39m [31m[2m(client)[22m[39m [31m[Unhandled error] [1mSyntaxError[22m: "undefined" is not valid JSON
[39m > src/context/AuthContext.tsx:26:19
    24 |      const token = localStorage.getItem('accessToken');
    25 |      if (storedUser && token) {
    26 |        setUser(JSON.parse(storedUser));
       |                     ^
    27 |      }
    28 |      setLoading(false);
 > Object.react_stack_bottom_frame ../../node_modules/react-dom/cjs/react-dom-client.development.js:25989:19
 > runWithFiberInDEV ../../node_modules/react-dom/cjs/react-dom-client.development.js:871:29
 > commitHookEffectListMount ../../node_modules/react-dom/cjs/react-dom-client.development.js:13249:28
 > commitHookPassiveMountEffects ../../node_modules/react-dom/cjs/react-dom-client.development.js:13336:10
 > reconnectPassiveEffects ../../node_modules/react-dom/cjs/react-dom-client.development.js:15832:10
 > recursivelyTraverseReconnectPassiveEffects ../../node_modules/react-dom/cjs/react-dom-client.development.js:15784:8
 > reconnectPassiveEffects ../../node_modules/react-dom/cjs/react-dom-client.development.js:15824:10
 > recursivelyTraverseReconnectPassiveEffects ../../node_modules/react-dom/cjs/react-dom-client.development.js:15784:8

[2m9:52:16 PM[22m [33m[1m[vite][22m[39m [33m[2m(client)[22m[39m [2m[console.warn] [22mAn error occurred in the <AuthProvider> component.

Consider adding an error boundary to your tree to customize error handling behavior.
Visit https://react.dev/link/error-boundaries to learn more about error boundaries.

[2m9:52:17 PM[22m [31m[1m[vite][22m[39m [31m[2m(client)[22m[39m [31m[Unhandled error] [1mSyntaxError[22m: "undefined" is not valid JSON
[39m > src/context/AuthContext.tsx:26:19
    24 |      const token = localStorage.getItem('accessToken');
    25 |      if (storedUser && token) {
    26 |        setUser(JSON.parse(storedUser));
       |                     ^
    27 |      }
    28 |      setLoading(false);
 > Object.react_stack_bottom_frame ../../node_modules/react-dom/cjs/react-dom-client.development.js:25989:19
 > runWithFiberInDEV ../../node_modules/react-dom/cjs/react-dom-client.development.js:871:29
 > commitHookEffectListMount ../../node_modules/react-dom/cjs/react-dom-client.development.js:13249:28
 > commitHookPassiveMountEffects ../../node_modules/react-dom/cjs/react-dom-client.development.js:13336:10
 > commitPassiveMountOnFiber ../../node_modules/react-dom/cjs/react-dom-client.development.js:15484:12
 > recursivelyTraversePassiveMountEffects ../../node_modules/react-dom/cjs/react-dom-client.development.js:15439:10
 > commitPassiveMountOnFiber ../../node_modules/react-dom/cjs/react-dom-client.development.js:15476:10
 > recursivelyTraversePassiveMountEffects ../../node_modules/react-dom/cjs/react-dom-client.development.js:15439:10

[2m9:52:17 PM[22m [33m[1m[vite][22m[39m [33m[2m(client)[22m[39m [2m[console.warn] [22mAn error occurred in the <AuthProvider> component.

Consider adding an error boundary to your tree to customize error handling behavior.
Visit https://react.dev/link/error-boundaries to learn more about error boundaries.

[2m9:52:17 PM[22m [31m[1m[vite][22m[39m [31m[2m(client)[22m[39m [31m[Unhandled error] [1mSyntaxError[22m: "undefined" is not valid JSON
[39m > src/context/AuthContext.tsx:26:19
    24 |      const token = localStorage.getItem('accessToken');
    25 |      if (storedUser && token) {
    26 |        setUser(JSON.parse(storedUser));
       |                     ^
    27 |      }
    28 |      setLoading(false);
 > Object.react_stack_bottom_frame ../../node_modules/react-dom/cjs/react-dom-client.development.js:25989:19
 > runWithFiberInDEV ../../node_modules/react-dom/cjs/react-dom-client.development.js:871:29
 > commitHookEffectListMount ../../node_modules/react-dom/cjs/react-dom-client.development.js:13249:28
 > commitHookPassiveMountEffects ../../node_modules/react-dom/cjs/react-dom-client.development.js:13336:10
 > reconnectPassiveEffects ../../node_modules/react-dom/cjs/react-dom-client.development.js:15832:10
 > recursivelyTraverseReconnectPassiveEffects ../../node_modules/react-dom/cjs/react-dom-client.development.js:15784:8
 > reconnectPassiveEffects ../../node_modules/react-dom/cjs/react-dom-client.development.js:15824:10
 > recursivelyTraverseReconnectPassiveEffects ../../node_modules/react-dom/cjs/react-dom-client.development.js:15784:8

[2m9:52:17 PM[22m [33m[1m[vite][22m[39m [33m[2m(client)[22m[39m [2m[console.warn] [22mAn error occurred in the <AuthProvider> component.

Consider adding an error boundary to your tree to customize error handling behavior.
Visit https://react.dev/link/error-boundaries to learn more about error boundaries.

[2m9:52:17 PM[22m [31m[1m[vite][22m[39m [31m[2m(client)[22m[39m [31m[Unhandled error] [1mSyntaxError[22m: "undefined" is not valid JSON
[39m > src/context/AuthContext.tsx:26:19
    24 |      const token = localStorage.getItem('accessToken');
    25 |      if (storedUser && token) {
    26 |        setUser(JSON.parse(storedUser));
       |                     ^
    27 |      }
    28 |      setLoading(false);
 > Object.react_stack_bottom_frame ../../node_modules/react-dom/cjs/react-dom-client.development.js:25989:19
 > runWithFiberInDEV ../../node_modules/react-dom/cjs/react-dom-client.development.js:871:29
 > commitHookEffectListMount ../../node_modules/react-dom/cjs/react-dom-client.development.js:13249:28
 > commitHookPassiveMountEffects ../../node_modules/react-dom/cjs/react-dom-client.development.js:13336:10
 > commitPassiveMountOnFiber ../../node_modules/react-dom/cjs/react-dom-client.development.js:15484:12
 > recursivelyTraversePassiveMountEffects ../../node_modules/react-dom/cjs/react-dom-client.development.js:15439:10
 > commitPassiveMountOnFiber ../../node_modules/react-dom/cjs/react-dom-client.development.js:15476:10
 > recursivelyTraversePassiveMountEffects ../../node_modules/react-dom/cjs/react-dom-client.development.js:15439:10

[2m9:52:17 PM[22m [33m[1m[vite][22m[39m [33m[2m(client)[22m[39m [2m[console.warn] [22mAn error occurred in the <AuthProvider> component.

Consider adding an error boundary to your tree to customize error handling behavior.
Visit https://react.dev/link/error-boundaries to learn more about error boundaries.

[2m9:52:17 PM[22m [31m[1m[vite][22m[39m [31m[2m(client)[22m[39m [31m[Unhandled error] [1mSyntaxError[22m: "undefined" is not valid JSON
[39m > src/context/AuthContext.tsx:26:19
    24 |      const token = localStorage.getItem('accessToken');
    25 |      if (storedUser && token) {
    26 |        setUser(JSON.parse(storedUser));
       |                     ^
    27 |      }
    28 |      setLoading(false);
 > Object.react_stack_bottom_frame ../../node_modules/react-dom/cjs/react-dom-client.development.js:25989:19
 > runWithFiberInDEV ../../node_modules/react-dom/cjs/react-dom-client.development.js:871:29
 > commitHookEffectListMount ../../node_modules/react-dom/cjs/react-dom-client.development.js:13249:28
 > commitHookPassiveMountEffects ../../node_modules/react-dom/cjs/react-dom-client.development.js:13336:10
 > reconnectPassiveEffects ../../node_modules/react-dom/cjs/react-dom-client.development.js:15832:10
 > recursivelyTraverseReconnectPassiveEffects ../../node_modules/react-dom/cjs/react-dom-client.development.js:15784:8
 > reconnectPassiveEffects ../../node_modules/react-dom/cjs/react-dom-client.development.js:15824:10
 > recursivelyTraverseReconnectPassiveEffects ../../node_modules/react-dom/cjs/react-dom-client.development.js:15784:8

[2m9:52:17 PM[22m [33m[1m[vite][22m[39m [33m[2m(client)[22m[39m [2m[console.warn] [22mAn error occurred in the <AuthProvider> component.

Consider adding an error boundary to your tree to customize error handling behavior.
Visit https://react.dev/link/error-boundaries to learn more about error boundaries.

[2m9:52:18 PM[22m [31m[1m[vite][22m[39m [31m[2m(client)[22m[39m [31m[Unhandled error] [1mSyntaxError[22m: "undefined" is not valid JSON
[39m > src/context/AuthContext.tsx:26:19
    24 |      const token = localStorage.getItem('accessToken');
    25 |      if (storedUser && token) {
    26 |        setUser(JSON.parse(storedUser));
       |                     ^
    27 |      }
    28 |      setLoading(false);
 > Object.react_stack_bottom_frame ../../node_modules/react-dom/cjs/react-dom-client.development.js:25989:19
 > runWithFiberInDEV ../../node_modules/react-dom/cjs/react-dom-client.development.js:871:29
 > commitHookEffectListMount ../../node_modules/react-dom/cjs/react-dom-client.development.js:13249:28
 > commitHookPassiveMountEffects ../../node_modules/react-dom/cjs/react-dom-client.development.js:13336:10
 > commitPassiveMountOnFiber ../../node_modules/react-dom/cjs/react-dom-client.development.js:15484:12
 > recursivelyTraversePassiveMountEffects ../../node_modules/react-dom/cjs/react-dom-client.development.js:15439:10
 > commitPassiveMountOnFiber ../../node_modules/react-dom/cjs/react-dom-client.development.js:15476:10
 > recursivelyTraversePassiveMountEffects ../../node_modules/react-dom/cjs/react-dom-client.development.js:15439:10

[2m9:52:18 PM[22m [33m[1m[vite][22m[39m [33m[2m(client)[22m[39m [2m[console.warn] [22mAn error occurred in the <AuthProvider> component.

Consider adding an error boundary to your tree to customize error handling behavior.
Visit https://react.dev/link/error-boundaries to learn more about error boundaries.

[2m9:52:18 PM[22m [31m[1m[vite][22m[39m [31m[2m(client)[22m[39m [31m[Unhandled error] [1mSyntaxError[22m: "undefined" is not valid JSON
[39m > src/context/AuthContext.tsx:26:19
    24 |      const token = localStorage.getItem('accessToken');
    25 |      if (storedUser && token) {
    26 |        setUser(JSON.parse(storedUser));
       |                     ^
    27 |      }
    28 |      setLoading(false);
 > Object.react_stack_bottom_frame ../../node_modules/react-dom/cjs/react-dom-client.development.js:25989:19
 > runWithFiberInDEV ../../node_modules/react-dom/cjs/react-dom-client.development.js:871:29
 > commitHookEffectListMount ../../node_modules/react-dom/cjs/react-dom-client.development.js:13249:28
 > commitHookPassiveMountEffects ../../node_modules/react-dom/cjs/react-dom-client.development.js:13336:10
 > reconnectPassiveEffects ../../node_modules/react-dom/cjs/react-dom-client.development.js:15832:10
 > recursivelyTraverseReconnectPassiveEffects ../../node_modules/react-dom/cjs/react-dom-client.development.js:15784:8
 > reconnectPassiveEffects ../../node_modules/react-dom/cjs/react-dom-client.development.js:15824:10
 > recursivelyTraverseReconnectPassiveEffects ../../node_modules/react-dom/cjs/react-dom-client.development.js:15784:8

[2m9:52:18 PM[22m [33m[1m[vite][22m[39m [33m[2m(client)[22m[39m [2m[console.warn] [22mAn error occurred in the <AuthProvider> component.

Consider adding an error boundary to your tree to customize error handling behavior.
Visit https://react.dev/link/error-boundaries to learn more about error boundaries.

[2m9:52:18 PM[22m [31m[1m[vite][22m[39m [31m[2m(client)[22m[39m [31m[Unhandled error] [1mSyntaxError[22m: "undefined" is not valid JSON
[39m > src/context/AuthContext.tsx:26:19
    24 |      const token = localStorage.getItem('accessToken');
    25 |      if (storedUser && token) {
    26 |        setUser(JSON.parse(storedUser));
       |                     ^
    27 |      }
    28 |      setLoading(false);
 > Object.react_stack_bottom_frame ../../node_modules/react-dom/cjs/react-dom-client.development.js:25989:19
 > runWithFiberInDEV ../../node_modules/react-dom/cjs/react-dom-client.development.js:871:29
 > commitHookEffectListMount ../../node_modules/react-dom/cjs/react-dom-client.development.js:13249:28
 > commitHookPassiveMountEffects ../../node_modules/react-dom/cjs/react-dom-client.development.js:13336:10
 > commitPassiveMountOnFiber ../../node_modules/react-dom/cjs/react-dom-client.development.js:15484:12
 > recursivelyTraversePassiveMountEffects ../../node_modules/react-dom/cjs/react-dom-client.development.js:15439:10
 > commitPassiveMountOnFiber ../../node_modules/react-dom/cjs/react-dom-client.development.js:15476:10
 > recursivelyTraversePassiveMountEffects ../../node_modules/react-dom/cjs/react-dom-client.development.js:15439:10

[2m9:52:18 PM[22m [33m[1m[vite][22m[39m [33m[2m(client)[22m[39m [2m[console.warn] [22mAn error occurred in the <AuthProvider> component.

Consider adding an error boundary to your tree to customize error handling behavior.
Visit https://react.dev/link/error-boundaries to learn more about error boundaries.

[2m9:52:18 PM[22m [31m[1m[vite][22m[39m [31m[2m(client)[22m[39m [31m[Unhandled error] [1mSyntaxError[22m: "undefined" is not valid JSON
[39m > src/context/AuthContext.tsx:26:19
    24 |      const token = localStorage.getItem('accessToken');
    25 |      if (storedUser && token) {
    26 |        setUser(JSON.parse(storedUser));
       |                     ^
    27 |      }
    28 |      setLoading(false);
 > Object.react_stack_bottom_frame ../../node_modules/react-dom/cjs/react-dom-client.development.js:25989:19
 > runWithFiberInDEV ../../node_modules/react-dom/cjs/react-dom-client.development.js:871:29
 > commitHookEffectListMount ../../node_modules/react-dom/cjs/react-dom-client.development.js:13249:28
 > commitHookPassiveMountEffects ../../node_modules/react-dom/cjs/react-dom-client.development.js:13336:10
 > reconnectPassiveEffects ../../node_modules/react-dom/cjs/react-dom-client.development.js:15832:10
 > recursivelyTraverseReconnectPassiveEffects ../../node_modules/react-dom/cjs/react-dom-client.development.js:15784:8
 > reconnectPassiveEffects ../../node_modules/react-dom/cjs/react-dom-client.development.js:15824:10
 > recursivelyTraverseReconnectPassiveEffects ../../node_modules/react-dom/cjs/react-dom-client.development.js:15784:8

[2m9:52:18 PM[22m [33m[1m[vite][22m[39m [33m[2m(client)[22m[39m [2m[console.warn] [22mAn error occurred in the <AuthProvider> component.

Consider adding an error boundary to your tree to customize error handling behavior.
Visit https://react.dev/link/error-boundaries to learn more about error boundaries.

[2m9:52:19 PM[22m [31m[1m[vite][22m[39m [31m[2m(client)[22m[39m [31m[Unhandled error] [1mSyntaxError[22m: "undefined" is not valid JSON
[39m > src/context/AuthContext.tsx:26:19
    24 |      const token = localStorage.getItem('accessToken');
    25 |      if (storedUser && token) {
    26 |        setUser(JSON.parse(storedUser));
       |                     ^
    27 |      }
    28 |      setLoading(false);
 > Object.react_stack_bottom_frame ../../node_modules/react-dom/cjs/react-dom-client.development.js:25989:19
 > runWithFiberInDEV ../../node_modules/react-dom/cjs/react-dom-client.development.js:871:29
 > commitHookEffectListMount ../../node_modules/react-dom/cjs/react-dom-client.development.js:13249:28
 > commitHookPassiveMountEffects ../../node_modules/react-dom/cjs/react-dom-client.development.js:13336:10
 > commitPassiveMountOnFiber ../../node_modules/react-dom/cjs/react-dom-client.development.js:15484:12
 > recursivelyTraversePassiveMountEffects ../../node_modules/react-dom/cjs/react-dom-client.development.js:15439:10
 > commitPassiveMountOnFiber ../../node_modules/react-dom/cjs/react-dom-client.development.js:15476:10
 > recursivelyTraversePassiveMountEffects ../../node_modules/react-dom/cjs/react-dom-client.development.js:15439:10

[2m9:52:19 PM[22m [33m[1m[vite][22m[39m [33m[2m(client)[22m[39m [2m[console.warn] [22mAn error occurred in the <AuthProvider> component.

Consider adding an error boundary to your tree to customize error handling behavior.
Visit https://react.dev/link/error-boundaries to learn more about error boundaries.

[2m9:52:19 PM[22m [31m[1m[vite][22m[39m [31m[2m(client)[22m[39m [31m[Unhandled error] [1mSyntaxError[22m: "undefined" is not valid JSON
[39m > src/context/AuthContext.tsx:26:19
    24 |      const token = localStorage.getItem('accessToken');
    25 |      if (storedUser && token) {
    26 |        setUser(JSON.parse(storedUser));
       |                     ^
    27 |      }
    28 |      setLoading(false);
 > Object.react_stack_bottom_frame ../../node_modules/react-dom/cjs/react-dom-client.development.js:25989:19
 > runWithFiberInDEV ../../node_modules/react-dom/cjs/react-dom-client.development.js:871:29
 > commitHookEffectListMount ../../node_modules/react-dom/cjs/react-dom-client.development.js:13249:28
 > commitHookPassiveMountEffects ../../node_modules/react-dom/cjs/react-dom-client.development.js:13336:10
 > reconnectPassiveEffects ../../node_modules/react-dom/cjs/react-dom-client.development.js:15832:10
 > recursivelyTraverseReconnectPassiveEffects ../../node_modules/react-dom/cjs/react-dom-client.development.js:15784:8
 > reconnectPassiveEffects ../../node_modules/react-dom/cjs/react-dom-client.development.js:15824:10
 > recursivelyTraverseReconnectPassiveEffects ../../node_modules/react-dom/cjs/react-dom-client.development.js:15784:8

[2m9:52:19 PM[22m [33m[1m[vite][22m[39m [33m[2m(client)[22m[39m [2m[console.warn] [22mAn error occurred in the <AuthProvider> component.

Consider adding an error boundary to your tree to customize error handling behavior.
Visit https://react.dev/link/error-boundaries to learn more about error boundaries.

[2m9:52:19 PM[22m [31m[1m[vite][22m[39m [31m[2m(client)[22m[39m [31m[Unhandled error] [1mSyntaxError[22m: "undefined" is not valid JSON
[39m > src/context/AuthContext.tsx:26:19
    24 |      const token = localStorage.getItem('accessToken');
    25 |      if (storedUser && token) {
    26 |        setUser(JSON.parse(storedUser));
       |                     ^
    27 |      }
    28 |      setLoading(false);
 > Object.react_stack_bottom_frame ../../node_modules/react-dom/cjs/react-dom-client.development.js:25989:19
 > runWithFiberInDEV ../../node_modules/react-dom/cjs/react-dom-client.development.js:871:29
 > commitHookEffectListMount ../../node_modules/react-dom/cjs/react-dom-client.development.js:13249:28
 > commitHookPassiveMountEffects ../../node_modules/react-dom/cjs/react-dom-client.development.js:13336:10
 > commitPassiveMountOnFiber ../../node_modules/react-dom/cjs/react-dom-client.development.js:15484:12
 > recursivelyTraversePassiveMountEffects ../../node_modules/react-dom/cjs/react-dom-client.development.js:15439:10
 > commitPassiveMountOnFiber ../../node_modules/react-dom/cjs/react-dom-client.development.js:15476:10
 > recursivelyTraversePassiveMountEffects ../../node_modules/react-dom/cjs/react-dom-client.development.js:15439:10

[2m9:52:19 PM[22m [33m[1m[vite][22m[39m [33m[2m(client)[22m[39m [2m[console.warn] [22mAn error occurred in the <AuthProvider> component.

Consider adding an error boundary to your tree to customize error handling behavior.
Visit https://react.dev/link/error-boundaries to learn more about error boundaries.

[2m9:52:19 PM[22m [31m[1m[vite][22m[39m [31m[2m(client)[22m[39m [31m[Unhandled error] [1mSyntaxError[22m: "undefined" is not valid JSON
[39m > src/context/AuthContext.tsx:26:19
    24 |      const token = localStorage.getItem('accessToken');
    25 |      if (storedUser && token) {
    26 |        setUser(JSON.parse(storedUser));
       |                     ^
    27 |      }
    28 |      setLoading(false);
 > Object.react_stack_bottom_frame ../../node_modules/react-dom/cjs/react-dom-client.development.js:25989:19
 > runWithFiberInDEV ../../node_modules/react-dom/cjs/react-dom-client.development.js:871:29
 > commitHookEffectListMount ../../node_modules/react-dom/cjs/react-dom-client.development.js:13249:28
 > commitHookPassiveMountEffects ../../node_modules/react-dom/cjs/react-dom-client.development.js:13336:10
 > reconnectPassiveEffects ../../node_modules/react-dom/cjs/react-dom-client.development.js:15832:10
 > recursivelyTraverseReconnectPassiveEffects ../../node_modules/react-dom/cjs/react-dom-client.development.js:15784:8
 > reconnectPassiveEffects ../../node_modules/react-dom/cjs/react-dom-client.development.js:15824:10
 > recursivelyTraverseReconnectPassiveEffects ../../node_modules/react-dom/cjs/react-dom-client.development.js:15784:8

[2m9:52:19 PM[22m [33m[1m[vite][22m[39m [33m[2m(client)[22m[39m [2m[console.warn] [22mAn error occurred in the <AuthProvider> component.

Consider adding an error boundary to your tree to customize error handling behavior.
Visit https://react.dev/link/error-boundaries to learn more about error boundaries.

[2m9:52:20 PM[22m [31m[1m[vite][22m[39m [31m[2m(client)[22m[39m [31m[Unhandled error] [1mSyntaxError[22m: "undefined" is not valid JSON
[39m > src/context/AuthContext.tsx:26:19
    24 |      const token = localStorage.getItem('accessToken');
    25 |      if (storedUser && token) {
    26 |        setUser(JSON.parse(storedUser));
       |                     ^
    27 |      }
    28 |      setLoading(false);
 > Object.react_stack_bottom_frame ../../node_modules/react-dom/cjs/react-dom-client.development.js:25989:19
 > runWithFiberInDEV ../../node_modules/react-dom/cjs/react-dom-client.development.js:871:29
 > commitHookEffectListMount ../../node_modules/react-dom/cjs/react-dom-client.development.js:13249:28
 > commitHookPassiveMountEffects ../../node_modules/react-dom/cjs/react-dom-client.development.js:13336:10
 > commitPassiveMountOnFiber ../../node_modules/react-dom/cjs/react-dom-client.development.js:15484:12
 > recursivelyTraversePassiveMountEffects ../../node_modules/react-dom/cjs/react-dom-client.development.js:15439:10
 > commitPassiveMountOnFiber ../../node_modules/react-dom/cjs/react-dom-client.development.js:15476:10
 > recursivelyTraversePassiveMountEffects ../../node_modules/react-dom/cjs/react-dom-client.development.js:15439:10

[2m9:52:20 PM[22m [33m[1m[vite][22m[39m [33m[2m(client)[22m[39m [2m[console.warn] [22mAn error occurred in the <AuthProvider> component.

Consider adding an error boundary to your tree to customize error handling behavior.
Visit https://react.dev/link/error-boundaries to learn more about error boundaries.

[2m9:52:20 PM[22m [31m[1m[vite][22m[39m [31m[2m(client)[22m[39m [31m[Unhandled error] [1mSyntaxError[22m: "undefined" is not valid JSON
[39m > src/context/AuthContext.tsx:26:19
    24 |      const token = localStorage.getItem('accessToken');
    25 |      if (storedUser && token) {
    26 |        setUser(JSON.parse(storedUser));
       |                     ^
    27 |      }
    28 |      setLoading(false);
 > Object.react_stack_bottom_frame ../../node_modules/react-dom/cjs/react-dom-client.development.js:25989:19
 > runWithFiberInDEV ../../node_modules/react-dom/cjs/react-dom-client.development.js:871:29
 > commitHookEffectListMount ../../node_modules/react-dom/cjs/react-dom-client.development.js:13249:28
 > commitHookPassiveMountEffects ../../node_modules/react-dom/cjs/react-dom-client.development.js:13336:10
 > reconnectPassiveEffects ../../node_modules/react-dom/cjs/react-dom-client.development.js:15832:10
 > recursivelyTraverseReconnectPassiveEffects ../../node_modules/react-dom/cjs/react-dom-client.development.js:15784:8
 > reconnectPassiveEffects ../../node_modules/react-dom/cjs/react-dom-client.development.js:15824:10
 > recursivelyTraverseReconnectPassiveEffects ../../node_modules/react-dom/cjs/react-dom-client.development.js:15784:8

[2m9:52:20 PM[22m [33m[1m[vite][22m[39m [33m[2m(client)[22m[39m [2m[console.warn] [22mAn error occurred in the <AuthProvider> component.

Consider adding an error boundary to your tree to customize error handling behavior.
Visit https://react.dev/link/error-boundaries to learn more about error boundaries.

[2m9:52:21 PM[22m [31m[1m[vite][22m[39m [31m[2m(client)[22m[39m [31m[Unhandled error] [1mSyntaxError[22m: "undefined" is not valid JSON
[39m > src/context/AuthContext.tsx:26:19
    24 |      const token = localStorage.getItem('accessToken');
    25 |      if (storedUser && token) {
    26 |        setUser(JSON.parse(storedUser));
       |                     ^
    27 |      }
    28 |      setLoading(false);
 > Object.react_stack_bottom_frame ../../node_modules/react-dom/cjs/react-dom-client.development.js:25989:19
 > runWithFiberInDEV ../../node_modules/react-dom/cjs/react-dom-client.development.js:871:29
 > commitHookEffectListMount ../../node_modules/react-dom/cjs/react-dom-client.development.js:13249:28
 > commitHookPassiveMountEffects ../../node_modules/react-dom/cjs/react-dom-client.development.js:13336:10
 > commitPassiveMountOnFiber ../../node_modules/react-dom/cjs/react-dom-client.development.js:15484:12
 > recursivelyTraversePassiveMountEffects ../../node_modules/react-dom/cjs/react-dom-client.development.js:15439:10
 > commitPassiveMountOnFiber ../../node_modules/react-dom/cjs/react-dom-client.development.js:15476:10
 > recursivelyTraversePassiveMountEffects ../../node_modules/react-dom/cjs/react-dom-client.development.js:15439:10

[2m9:52:21 PM[22m [33m[1m[vite][22m[39m [33m[2m(client)[22m[39m [2m[console.warn] [22mAn error occurred in the <AuthProvider> component.

Consider adding an error boundary to your tree to customize error handling behavior.
Visit https://react.dev/link/error-boundaries to learn more about error boundaries.

[2m9:52:21 PM[22m [31m[1m[vite][22m[39m [31m[2m(client)[22m[39m [31m[Unhandled error] [1mSyntaxError[22m: "undefined" is not valid JSON
[39m > src/context/AuthContext.tsx:26:19
    24 |      const token = localStorage.getItem('accessToken');
    25 |      if (storedUser && token) {
    26 |        setUser(JSON.parse(storedUser));
       |                     ^
    27 |      }
    28 |      setLoading(false);
 > Object.react_stack_bottom_frame ../../node_modules/react-dom/cjs/react-dom-client.development.js:25989:19
 > runWithFiberInDEV ../../node_modules/react-dom/cjs/react-dom-client.development.js:871:29
 > commitHookEffectListMount ../../node_modules/react-dom/cjs/react-dom-client.development.js:13249:28
 > commitHookPassiveMountEffects ../../node_modules/react-dom/cjs/react-dom-client.development.js:13336:10
 > reconnectPassiveEffects ../../node_modules/react-dom/cjs/react-dom-client.development.js:15832:10
 > recursivelyTraverseReconnectPassiveEffects ../../node_modules/react-dom/cjs/react-dom-client.development.js:15784:8
 > reconnectPassiveEffects ../../node_modules/react-dom/cjs/react-dom-client.development.js:15824:10
 > recursivelyTraverseReconnectPassiveEffects ../../node_modules/react-dom/cjs/react-dom-client.development.js:15784:8

[2m9:52:21 PM[22m [33m[1m[vite][22m[39m [33m[2m(client)[22m[39m [2m[console.warn] [22mAn error occurred in the <AuthProvider> component.

Consider adding an error boundary to your tree to customize error handling behavior.
Visit https://react.dev/link/error-boundaries to learn more about error boundaries.

[2m9:52:22 PM[22m [31m[1m[vite][22m[39m [31m[2m(client)[22m[39m [31m[Unhandled error] [1mSyntaxError[22m: "undefined" is not valid JSON
[39m > src/context/AuthContext.tsx:26:19
    24 |      const token = localStorage.getItem('accessToken');
    25 |      if (storedUser && token) {
    26 |        setUser(JSON.parse(storedUser));
       |                     ^
    27 |      }
    28 |      setLoading(false);
 > Object.react_stack_bottom_frame ../../node_modules/react-dom/cjs/react-dom-client.development.js:25989:19
 > runWithFiberInDEV ../../node_modules/react-dom/cjs/react-dom-client.development.js:871:29
 > commitHookEffectListMount ../../node_modules/react-dom/cjs/react-dom-client.development.js:13249:28
 > commitHookPassiveMountEffects ../../node_modules/react-dom/cjs/react-dom-client.development.js:13336:10
 > commitPassiveMountOnFiber ../../node_modules/react-dom/cjs/react-dom-client.development.js:15484:12
 > recursivelyTraversePassiveMountEffects ../../node_modules/react-dom/cjs/react-dom-client.development.js:15439:10
 > commitPassiveMountOnFiber ../../node_modules/react-dom/cjs/react-dom-client.development.js:15476:10
 > recursivelyTraversePassiveMountEffects ../../node_modules/react-dom/cjs/react-dom-client.development.js:15439:10

[2m9:52:22 PM[22m [33m[1m[vite][22m[39m [33m[2m(client)[22m[39m [2m[console.warn] [22mAn error occurred in the <AuthProvider> component.

Consider adding an error boundary to your tree to customize error handling behavior.
Visit https://react.dev/link/error-boundaries to learn more about error boundaries.

[2m9:52:22 PM[22m [31m[1m[vite][22m[39m [31m[2m(client)[22m[39m [31m[Unhandled error] [1mSyntaxError[22m: "undefined" is not valid JSON
[39m > src/context/AuthContext.tsx:26:19
    24 |      const token = localStorage.getItem('accessToken');
    25 |      if (storedUser && token) {
    26 |        setUser(JSON.parse(storedUser));
       |                     ^
    27 |      }
    28 |      setLoading(false);
 > Object.react_stack_bottom_frame ../../node_modules/react-dom/cjs/react-dom-client.development.js:25989:19
 > runWithFiberInDEV ../../node_modules/react-dom/cjs/react-dom-client.development.js:871:29
 > commitHookEffectListMount ../../node_modules/react-dom/cjs/react-dom-client.development.js:13249:28
 > commitHookPassiveMountEffects ../../node_modules/react-dom/cjs/react-dom-client.development.js:13336:10
 > reconnectPassiveEffects ../../node_modules/react-dom/cjs/react-dom-client.development.js:15832:10
 > recursivelyTraverseReconnectPassiveEffects ../../node_modules/react-dom/cjs/react-dom-client.development.js:15784:8
 > reconnectPassiveEffects ../../node_modules/react-dom/cjs/react-dom-client.development.js:15824:10
 > recursivelyTraverseReconnectPassiveEffects ../../node_modules/react-dom/cjs/react-dom-client.development.js:15784:8

[2m9:52:22 PM[22m [33m[1m[vite][22m[39m [33m[2m(client)[22m[39m [2m[console.warn] [22mAn error occurred in the <AuthProvider> component.

Consider adding an error boundary to your tree to customize error handling behavior.
Visit https://react.dev/link/error-boundaries to learn more about error boundaries.

[2m9:52:23 PM[22m [31m[1m[vite][22m[39m [31m[2m(client)[22m[39m [31m[Unhandled error] [1mSyntaxError[22m: "undefined" is not valid JSON
[39m > src/context/AuthContext.tsx:26:19
    24 |      const token = localStorage.getItem('accessToken');
    25 |      if (storedUser && token) {
    26 |        setUser(JSON.parse(storedUser));
       |                     ^
    27 |      }
    28 |      setLoading(false);
 > Object.react_stack_bottom_frame ../../node_modules/react-dom/cjs/react-dom-client.development.js:25989:19
 > runWithFiberInDEV ../../node_modules/react-dom/cjs/react-dom-client.development.js:871:29
 > commitHookEffectListMount ../../node_modules/react-dom/cjs/react-dom-client.development.js:13249:28
 > commitHookPassiveMountEffects ../../node_modules/react-dom/cjs/react-dom-client.development.js:13336:10
 > commitPassiveMountOnFiber ../../node_modules/react-dom/cjs/react-dom-client.development.js:15484:12
 > recursivelyTraversePassiveMountEffects ../../node_modules/react-dom/cjs/react-dom-client.development.js:15439:10
 > commitPassiveMountOnFiber ../../node_modules/react-dom/cjs/react-dom-client.development.js:15476:10
 > recursivelyTraversePassiveMountEffects ../../node_modules/react-dom/cjs/react-dom-client.development.js:15439:10

[2m9:52:23 PM[22m [33m[1m[vite][22m[39m [33m[2m(client)[22m[39m [2m[console.warn] [22mAn error occurred in the <AuthProvider> component.

Consider adding an error boundary to your tree to customize error handling behavior.
Visit https://react.dev/link/error-boundaries to learn more about error boundaries.

[2m9:52:23 PM[22m [31m[1m[vite][22m[39m [31m[2m(client)[22m[39m [31m[Unhandled error] [1mSyntaxError[22m: "undefined" is not valid JSON
[39m > src/context/AuthContext.tsx:26:19
    24 |      const token = localStorage.getItem('accessToken');
    25 |      if (storedUser && token) {
    26 |        setUser(JSON.parse(storedUser));
       |                     ^
    27 |      }
    28 |      setLoading(false);
 > Object.react_stack_bottom_frame ../../node_modules/react-dom/cjs/react-dom-client.development.js:25989:19
 > runWithFiberInDEV ../../node_modules/react-dom/cjs/react-dom-client.development.js:871:29
 > commitHookEffectListMount ../../node_modules/react-dom/cjs/react-dom-client.development.js:13249:28
 > commitHookPassiveMountEffects ../../node_modules/react-dom/cjs/react-dom-client.development.js:13336:10
 > reconnectPassiveEffects ../../node_modules/react-dom/cjs/react-dom-client.development.js:15832:10
 > recursivelyTraverseReconnectPassiveEffects ../../node_modules/react-dom/cjs/react-dom-client.development.js:15784:8
 > reconnectPassiveEffects ../../node_modules/react-dom/cjs/react-dom-client.development.js:15824:10
 > recursivelyTraverseReconnectPassiveEffects ../../node_modules/react-dom/cjs/react-dom-client.development.js:15784:8

[2m9:52:23 PM[22m [33m[1m[vite][22m[39m [33m[2m(client)[22m[39m [2m[console.warn] [22mAn error occurred in the <AuthProvider> component.

Consider adding an error boundary to your tree to customize error handling behavior.
Visit https://react.dev/link/error-boundaries to learn more about error boundaries.

[2m9:52:24 PM[22m [31m[1m[vite][22m[39m [31m[2m(client)[22m[39m [31m[Unhandled error] [1mSyntaxError[22m: "undefined" is not valid JSON
[39m > src/context/AuthContext.tsx:26:19
    24 |      const token = localStorage.getItem('accessToken');
    25 |      if (storedUser && token) {
    26 |        setUser(JSON.parse(storedUser));
       |                     ^
    27 |      }
    28 |      setLoading(false);
 > Object.react_stack_bottom_frame ../../node_modules/react-dom/cjs/react-dom-client.development.js:25989:19
 > runWithFiberInDEV ../../node_modules/react-dom/cjs/react-dom-client.development.js:871:29
 > commitHookEffectListMount ../../node_modules/react-dom/cjs/react-dom-client.development.js:13249:28
 > commitHookPassiveMountEffects ../../node_modules/react-dom/cjs/react-dom-client.development.js:13336:10
 > commitPassiveMountOnFiber ../../node_modules/react-dom/cjs/react-dom-client.development.js:15484:12
 > recursivelyTraversePassiveMountEffects ../../node_modules/react-dom/cjs/react-dom-client.development.js:15439:10
 > commitPassiveMountOnFiber ../../node_modules/react-dom/cjs/react-dom-client.development.js:15476:10
 > recursivelyTraversePassiveMountEffects ../../node_modules/react-dom/cjs/react-dom-client.development.js:15439:10

[2m9:52:24 PM[22m [33m[1m[vite][22m[39m [33m[2m(client)[22m[39m [2m[console.warn] [22mAn error occurred in the <AuthProvider> component.

Consider adding an error boundary to your tree to customize error handling behavior.
Visit https://react.dev/link/error-boundaries to learn more about error boundaries.

[2m9:52:24 PM[22m [31m[1m[vite][22m[39m [31m[2m(client)[22m[39m [31m[Unhandled error] [1mSyntaxError[22m: "undefined" is not valid JSON
[39m > src/context/AuthContext.tsx:26:19
    24 |      const token = localStorage.getItem('accessToken');
    25 |      if (storedUser && token) {
    26 |        setUser(JSON.parse(storedUser));
       |                     ^
    27 |      }
    28 |      setLoading(false);
 > Object.react_stack_bottom_frame ../../node_modules/react-dom/cjs/react-dom-client.development.js:25989:19
 > runWithFiberInDEV ../../node_modules/react-dom/cjs/react-dom-client.development.js:871:29
 > commitHookEffectListMount ../../node_modules/react-dom/cjs/react-dom-client.development.js:13249:28
 > commitHookPassiveMountEffects ../../node_modules/react-dom/cjs/react-dom-client.development.js:13336:10
 > reconnectPassiveEffects ../../node_modules/react-dom/cjs/react-dom-client.development.js:15832:10
 > recursivelyTraverseReconnectPassiveEffects ../../node_modules/react-dom/cjs/react-dom-client.development.js:15784:8
 > reconnectPassiveEffects ../../node_modules/react-dom/cjs/react-dom-client.development.js:15824:10
 > recursivelyTraverseReconnectPassiveEffects ../../node_modules/react-dom/cjs/react-dom-client.development.js:15784:8

[2m9:52:24 PM[22m [33m[1m[vite][22m[39m [33m[2m(client)[22m[39m [2m[console.warn] [22mAn error occurred in the <AuthProvider> component.

Consider adding an error boundary to your tree to customize error handling behavior.
Visit https://react.dev/link/error-boundaries to learn more about error boundaries.

[2m9:52:26 PM[22m [31m[1m[vite][22m[39m [31m[2m(client)[22m[39m [31m[Unhandled error] [1mSyntaxError[22m: "undefined" is not valid JSON
[39m > src/context/AuthContext.tsx:26:19
    24 |      const token = localStorage.getItem('accessToken');
    25 |      if (storedUser && token) {
    26 |        setUser(JSON.parse(storedUser));
       |                     ^
    27 |      }
    28 |      setLoading(false);
 > Object.react_stack_bottom_frame ../../node_modules/react-dom/cjs/react-dom-client.development.js:25989:19
 > runWithFiberInDEV ../../node_modules/react-dom/cjs/react-dom-client.development.js:871:29
 > commitHookEffectListMount ../../node_modules/react-dom/cjs/react-dom-client.development.js:13249:28
 > commitHookPassiveMountEffects ../../node_modules/react-dom/cjs/react-dom-client.development.js:13336:10
 > commitPassiveMountOnFiber ../../node_modules/react-dom/cjs/react-dom-client.development.js:15484:12
 > recursivelyTraversePassiveMountEffects ../../node_modules/react-dom/cjs/react-dom-client.development.js:15439:10
 > commitPassiveMountOnFiber ../../node_modules/react-dom/cjs/react-dom-client.development.js:15476:10
 > recursivelyTraversePassiveMountEffects ../../node_modules/react-dom/cjs/react-dom-client.development.js:15439:10

[2m9:52:26 PM[22m [33m[1m[vite][22m[39m [33m[2m(client)[22m[39m [2m[console.warn] [22mAn error occurred in the <AuthProvider> component.

Consider adding an error boundary to your tree to customize error handling behavior.
Visit https://react.dev/link/error-boundaries to learn more about error boundaries.

[2m9:52:26 PM[22m [31m[1m[vite][22m[39m [31m[2m(client)[22m[39m [31m[Unhandled error] [1mSyntaxError[22m: "undefined" is not valid JSON
[39m > src/context/AuthContext.tsx:26:19
    24 |      const token = localStorage.getItem('accessToken');
    25 |      if (storedUser && token) {
    26 |        setUser(JSON.parse(storedUser));
       |                     ^
    27 |      }
    28 |      setLoading(false);
 > Object.react_stack_bottom_frame ../../node_modules/react-dom/cjs/react-dom-client.development.js:25989:19
 > runWithFiberInDEV ../../node_modules/react-dom/cjs/react-dom-client.development.js:871:29
 > commitHookEffectListMount ../../node_modules/react-dom/cjs/react-dom-client.development.js:13249:28
 > commitHookPassiveMountEffects ../../node_modules/react-dom/cjs/react-dom-client.development.js:13336:10
 > reconnectPassiveEffects ../../node_modules/react-dom/cjs/react-dom-client.development.js:15832:10
 > recursivelyTraverseReconnectPassiveEffects ../../node_modules/react-dom/cjs/react-dom-client.development.js:15784:8
 > reconnectPassiveEffects ../../node_modules/react-dom/cjs/react-dom-client.development.js:15824:10
 > recursivelyTraverseReconnectPassiveEffects ../../node_modules/react-dom/cjs/react-dom-client.development.js:15784:8

[2m9:52:26 PM[22m [33m[1m[vite][22m[39m [33m[2m(client)[22m[39m [2m[console.warn] [22mAn error occurred in the <AuthProvider> component.

Consider adding an error boundary to your tree to customize error handling behavior.
Visit https://react.dev/link/error-boundaries to learn more about error boundaries.

[2m9:52:28 PM[22m [31m[1m[vite][22m[39m [31m[2m(client)[22m[39m [31m[Unhandled error] [1mSyntaxError[22m: "undefined" is not valid JSON
[39m > src/context/AuthContext.tsx:26:19
    24 |      const token = localStorage.getItem('accessToken');
    25 |      if (storedUser && token) {
    26 |        setUser(JSON.parse(storedUser));
       |                     ^
    27 |      }
    28 |      setLoading(false);
 > Object.react_stack_bottom_frame ../../node_modules/react-dom/cjs/react-dom-client.development.js:25989:19
 > runWithFiberInDEV ../../node_modules/react-dom/cjs/react-dom-client.development.js:871:29
 > commitHookEffectListMount ../../node_modules/react-dom/cjs/react-dom-client.development.js:13249:28
 > commitHookPassiveMountEffects ../../node_modules/react-dom/cjs/react-dom-client.development.js:13336:10
 > commitPassiveMountOnFiber ../../node_modules/react-dom/cjs/react-dom-client.development.js:15484:12
 > recursivelyTraversePassiveMountEffects ../../node_modules/react-dom/cjs/react-dom-client.development.js:15439:10
 > commitPassiveMountOnFiber ../../node_modules/react-dom/cjs/react-dom-client.development.js:15476:10
 > recursivelyTraversePassiveMountEffects ../../node_modules/react-dom/cjs/react-dom-client.development.js:15439:10

[2m9:52:28 PM[22m [33m[1m[vite][22m[39m [33m[2m(client)[22m[39m [2m[console.warn] [22mAn error occurred in the <AuthProvider> component.

Consider adding an error boundary to your tree to customize error handling behavior.
Visit https://react.dev/link/error-boundaries to learn more about error boundaries.

[2m9:52:28 PM[22m [31m[1m[vite][22m[39m [31m[2m(client)[22m[39m [31m[Unhandled error] [1mSyntaxError[22m: "undefined" is not valid JSON
[39m > src/context/AuthContext.tsx:26:19
    24 |      const token = localStorage.getItem('accessToken');
    25 |      if (storedUser && token) {
    26 |        setUser(JSON.parse(storedUser));
       |                     ^
    27 |      }
    28 |      setLoading(false);
 > Object.react_stack_bottom_frame ../../node_modules/react-dom/cjs/react-dom-client.development.js:25989:19
 > runWithFiberInDEV ../../node_modules/react-dom/cjs/react-dom-client.development.js:871:29
 > commitHookEffectListMount ../../node_modules/react-dom/cjs/react-dom-client.development.js:13249:28
 > commitHookPassiveMountEffects ../../node_modules/react-dom/cjs/react-dom-client.development.js:13336:10
 > reconnectPassiveEffects ../../node_modules/react-dom/cjs/react-dom-client.development.js:15832:10
 > recursivelyTraverseReconnectPassiveEffects ../../node_modules/react-dom/cjs/react-dom-client.development.js:15784:8
 > reconnectPassiveEffects ../../node_modules/react-dom/cjs/react-dom-client.development.js:15824:10
 > recursivelyTraverseReconnectPassiveEffects ../../node_modules/react-dom/cjs/react-dom-client.development.js:15784:8

[2m9:52:28 PM[22m [33m[1m[vite][22m[39m [33m[2m(client)[22m[39m [2m[console.warn] [22mAn error occurred in the <AuthProvider> component.

Consider adding an error boundary to your tree to customize error handling behavior.
Visit https://react.dev/link/error-boundaries to learn more about error boundaries.

[2m9:52:29 PM[22m [31m[1m[vite][22m[39m [31m[2m(client)[22m[39m [31m[Unhandled error] [1mSyntaxError[22m: "undefined" is not valid JSON
[39m > src/context/AuthContext.tsx:26:19
    24 |      const token = localStorage.getItem('accessToken');
    25 |      if (storedUser && token) {
    26 |        setUser(JSON.parse(storedUser));
       |                     ^
    27 |      }
    28 |      setLoading(false);
 > Object.react_stack_bottom_frame ../../node_modules/react-dom/cjs/react-dom-client.development.js:25989:19
 > runWithFiberInDEV ../../node_modules/react-dom/cjs/react-dom-client.development.js:871:29
 > commitHookEffectListMount ../../node_modules/react-dom/cjs/react-dom-client.development.js:13249:28
 > commitHookPassiveMountEffects ../../node_modules/react-dom/cjs/react-dom-client.development.js:13336:10
 > commitPassiveMountOnFiber ../../node_modules/react-dom/cjs/react-dom-client.development.js:15484:12
 > recursivelyTraversePassiveMountEffects ../../node_modules/react-dom/cjs/react-dom-client.development.js:15439:10
 > commitPassiveMountOnFiber ../../node_modules/react-dom/cjs/react-dom-client.development.js:15476:10
 > recursivelyTraversePassiveMountEffects ../../node_modules/react-dom/cjs/react-dom-client.development.js:15439:10

[2m9:52:29 PM[22m [33m[1m[vite][22m[39m [33m[2m(client)[22m[39m [2m[console.warn] [22mAn error occurred in the <AuthProvider> component.

Consider adding an error boundary to your tree to customize error handling behavior.
Visit https://react.dev/link/error-boundaries to learn more about error boundaries.

[2m9:52:29 PM[22m [31m[1m[vite][22m[39m [31m[2m(client)[22m[39m [31m[Unhandled error] [1mSyntaxError[22m: "undefined" is not valid JSON
[39m > src/context/AuthContext.tsx:26:19
    24 |      const token = localStorage.getItem('accessToken');
    25 |      if (storedUser && token) {
    26 |        setUser(JSON.parse(storedUser));
       |                     ^
    27 |      }
    28 |      setLoading(false);
 > Object.react_stack_bottom_frame ../../node_modules/react-dom/cjs/react-dom-client.development.js:25989:19
 > runWithFiberInDEV ../../node_modules/react-dom/cjs/react-dom-client.development.js:871:29
 > commitHookEffectListMount ../../node_modules/react-dom/cjs/react-dom-client.development.js:13249:28
 > commitHookPassiveMountEffects ../../node_modules/react-dom/cjs/react-dom-client.development.js:13336:10
 > reconnectPassiveEffects ../../node_modules/react-dom/cjs/react-dom-client.development.js:15832:10
 > recursivelyTraverseReconnectPassiveEffects ../../node_modules/react-dom/cjs/react-dom-client.development.js:15784:8
 > reconnectPassiveEffects ../../node_modules/react-dom/cjs/react-dom-client.development.js:15824:10
 > recursivelyTraverseReconnectPassiveEffects ../../node_modules/react-dom/cjs/react-dom-client.development.js:15784:8

[2m9:52:29 PM[22m [33m[1m[vite][22m[39m [33m[2m(client)[22m[39m [2m[console.warn] [22mAn error occurred in the <AuthProvider> component.

Consider adding an error boundary to your tree to customize error handling behavior.
Visit https://react.dev/link/error-boundaries to learn more about error boundaries.

[2m9:52:30 PM[22m [31m[1m[vite][22m[39m [31m[2m(client)[22m[39m [31m[Unhandled error] [1mSyntaxError[22m: "undefined" is not valid JSON
[39m > src/context/AuthContext.tsx:26:19
    24 |      const token = localStorage.getItem('accessToken');
    25 |      if (storedUser && token) {
    26 |        setUser(JSON.parse(storedUser));
       |                     ^
    27 |      }
    28 |      setLoading(false);
 > Object.react_stack_bottom_frame ../../node_modules/react-dom/cjs/react-dom-client.development.js:25989:19
 > runWithFiberInDEV ../../node_modules/react-dom/cjs/react-dom-client.development.js:871:29
 > commitHookEffectListMount ../../node_modules/react-dom/cjs/react-dom-client.development.js:13249:28
 > commitHookPassiveMountEffects ../../node_modules/react-dom/cjs/react-dom-client.development.js:13336:10
 > commitPassiveMountOnFiber ../../node_modules/react-dom/cjs/react-dom-client.development.js:15484:12
 > recursivelyTraversePassiveMountEffects ../../node_modules/react-dom/cjs/react-dom-client.development.js:15439:10
 > commitPassiveMountOnFiber ../../node_modules/react-dom/cjs/react-dom-client.development.js:15476:10
 > recursivelyTraversePassiveMountEffects ../../node_modules/react-dom/cjs/react-dom-client.development.js:15439:10

[2m9:52:30 PM[22m [33m[1m[vite][22m[39m [33m[2m(client)[22m[39m [2m[console.warn] [22mAn error occurred in the <AuthProvider> component.

Consider adding an error boundary to your tree to customize error handling behavior.
Visit https://react.dev/link/error-boundaries to learn more about error boundaries.

[2m9:52:30 PM[22m [31m[1m[vite][22m[39m [31m[2m(client)[22m[39m [31m[Unhandled error] [1mSyntaxError[22m: "undefined" is not valid JSON
[39m > src/context/AuthContext.tsx:26:19
    24 |      const token = localStorage.getItem('accessToken');
    25 |      if (storedUser && token) {
    26 |        setUser(JSON.parse(storedUser));
       |                     ^
    27 |      }
    28 |      setLoading(false);
 > Object.react_stack_bottom_frame ../../node_modules/react-dom/cjs/react-dom-client.development.js:25989:19
 > runWithFiberInDEV ../../node_modules/react-dom/cjs/react-dom-client.development.js:871:29
 > commitHookEffectListMount ../../node_modules/react-dom/cjs/react-dom-client.development.js:13249:28
 > commitHookPassiveMountEffects ../../node_modules/react-dom/cjs/react-dom-client.development.js:13336:10
 > reconnectPassiveEffects ../../node_modules/react-dom/cjs/react-dom-client.development.js:15832:10
 > recursivelyTraverseReconnectPassiveEffects ../../node_modules/react-dom/cjs/react-dom-client.development.js:15784:8
 > reconnectPassiveEffects ../../node_modules/react-dom/cjs/react-dom-client.development.js:15824:10
 > recursivelyTraverseReconnectPassiveEffects ../../node_modules/react-dom/cjs/react-dom-client.development.js:15784:8

[2m9:52:30 PM[22m [33m[1m[vite][22m[39m [33m[2m(client)[22m[39m [2m[console.warn] [22mAn error occurred in the <AuthProvider> component.

Consider adding an error boundary to your tree to customize error handling behavior.
Visit https://react.dev/link/error-boundaries to learn more about error boundaries.

[2m9:52:31 PM[22m [31m[1m[vite][22m[39m [31m[2m(client)[22m[39m [31m[Unhandled error] [1mSyntaxError[22m: "undefined" is not valid JSON
[39m > src/context/AuthContext.tsx:26:19
    24 |      const token = localStorage.getItem('accessToken');
    25 |      if (storedUser && token) {
    26 |        setUser(JSON.parse(storedUser));
       |                     ^
    27 |      }
    28 |      setLoading(false);
 > Object.react_stack_bottom_frame ../../node_modules/react-dom/cjs/react-dom-client.development.js:25989:19
 > runWithFiberInDEV ../../node_modules/react-dom/cjs/react-dom-client.development.js:871:29
 > commitHookEffectListMount ../../node_modules/react-dom/cjs/react-dom-client.development.js:13249:28
 > commitHookPassiveMountEffects ../../node_modules/react-dom/cjs/react-dom-client.development.js:13336:10
 > commitPassiveMountOnFiber ../../node_modules/react-dom/cjs/react-dom-client.development.js:15484:12
 > recursivelyTraversePassiveMountEffects ../../node_modules/react-dom/cjs/react-dom-client.development.js:15439:10
 > commitPassiveMountOnFiber ../../node_modules/react-dom/cjs/react-dom-client.development.js:15476:10
 > recursivelyTraversePassiveMountEffects ../../node_modules/react-dom/cjs/react-dom-client.development.js:15439:10

[2m9:52:31 PM[22m [33m[1m[vite][22m[39m [33m[2m(client)[22m[39m [2m[console.warn] [22mAn error occurred in the <AuthProvider> component.

Consider adding an error boundary to your tree to customize error handling behavior.
Visit https://react.dev/link/error-boundaries to learn more about error boundaries.

[2m9:52:31 PM[22m [31m[1m[vite][22m[39m [31m[2m(client)[22m[39m [31m[Unhandled error] [1mSyntaxError[22m: "undefined" is not valid JSON
[39m > src/context/AuthContext.tsx:26:19
    24 |      const token = localStorage.getItem('accessToken');
    25 |      if (storedUser && token) {
    26 |        setUser(JSON.parse(storedUser));
       |                     ^
    27 |      }
    28 |      setLoading(false);
 > Object.react_stack_bottom_frame ../../node_modules/react-dom/cjs/react-dom-client.development.js:25989:19
 > runWithFiberInDEV ../../node_modules/react-dom/cjs/react-dom-client.development.js:871:29
 > commitHookEffectListMount ../../node_modules/react-dom/cjs/react-dom-client.development.js:13249:28
 > commitHookPassiveMountEffects ../../node_modules/react-dom/cjs/react-dom-client.development.js:13336:10
 > reconnectPassiveEffects ../../node_modules/react-dom/cjs/react-dom-client.development.js:15832:10
 > recursivelyTraverseReconnectPassiveEffects ../../node_modules/react-dom/cjs/react-dom-client.development.js:15784:8
 > reconnectPassiveEffects ../../node_modules/react-dom/cjs/react-dom-client.development.js:15824:10
 > recursivelyTraverseReconnectPassiveEffects ../../node_modules/react-dom/cjs/react-dom-client.development.js:15784:8

[2m9:52:31 PM[22m [33m[1m[vite][22m[39m [33m[2m(client)[22m[39m [2m[console.warn] [22mAn error occurred in the <AuthProvider> component.

Consider adding an error boundary to your tree to customize error handling behavior.
Visit https://react.dev/link/error-boundaries to learn more about error boundaries.

[2m9:52:32 PM[22m [31m[1m[vite][22m[39m [31m[2m(client)[22m[39m [31m[Unhandled error] [1mSyntaxError[22m: "undefined" is not valid JSON
[39m > src/context/AuthContext.tsx:26:19
    24 |      const token = localStorage.getItem('accessToken');
    25 |      if (storedUser && token) {
    26 |        setUser(JSON.parse(storedUser));
       |                     ^
    27 |      }
    28 |      setLoading(false);
 > Object.react_stack_bottom_frame ../../node_modules/react-dom/cjs/react-dom-client.development.js:25989:19
 > runWithFiberInDEV ../../node_modules/react-dom/cjs/react-dom-client.development.js:871:29
 > commitHookEffectListMount ../../node_modules/react-dom/cjs/react-dom-client.development.js:13249:28
 > commitHookPassiveMountEffects ../../node_modules/react-dom/cjs/react-dom-client.development.js:13336:10
 > commitPassiveMountOnFiber ../../node_modules/react-dom/cjs/react-dom-client.development.js:15484:12
 > recursivelyTraversePassiveMountEffects ../../node_modules/react-dom/cjs/react-dom-client.development.js:15439:10
 > commitPassiveMountOnFiber ../../node_modules/react-dom/cjs/react-dom-client.development.js:15476:10
 > recursivelyTraversePassiveMountEffects ../../node_modules/react-dom/cjs/react-dom-client.development.js:15439:10

[2m9:52:32 PM[22m [33m[1m[vite][22m[39m [33m[2m(client)[22m[39m [2m[console.warn] [22mAn error occurred in the <AuthProvider> component.

Consider adding an error boundary to your tree to customize error handling behavior.
Visit https://react.dev/link/error-boundaries to learn more about error boundaries.

[2m9:52:33 PM[22m [31m[1m[vite][22m[39m [31m[2m(client)[22m[39m [31m[Unhandled error] [1mSyntaxError[22m: "undefined" is not valid JSON
[39m > src/context/AuthContext.tsx:26:19
    24 |      const token = localStorage.getItem('accessToken');
    25 |      if (storedUser && token) {
    26 |        setUser(JSON.parse(storedUser));
       |                     ^
    27 |      }
    28 |      setLoading(false);
 > Object.react_stack_bottom_frame ../../node_modules/react-dom/cjs/react-dom-client.development.js:25989:19
 > runWithFiberInDEV ../../node_modules/react-dom/cjs/react-dom-client.development.js:871:29
 > commitHookEffectListMount ../../node_modules/react-dom/cjs/react-dom-client.development.js:13249:28
 > commitHookPassiveMountEffects ../../node_modules/react-dom/cjs/react-dom-client.development.js:13336:10
 > reconnectPassiveEffects ../../node_modules/react-dom/cjs/react-dom-client.development.js:15832:10
 > recursivelyTraverseReconnectPassiveEffects ../../node_modules/react-dom/cjs/react-dom-client.development.js:15784:8
 > reconnectPassiveEffects ../../node_modules/react-dom/cjs/react-dom-client.development.js:15824:10
 > recursivelyTraverseReconnectPassiveEffects ../../node_modules/react-dom/cjs/react-dom-client.development.js:15784:8

[2m9:52:33 PM[22m [33m[1m[vite][22m[39m [33m[2m(client)[22m[39m [2m[console.warn] [22mAn error occurred in the <AuthProvider> component.

Consider adding an error boundary to your tree to customize error handling behavior.
Visit https://react.dev/link/error-boundaries to learn more about error boundaries.

[2m9:52:33 PM[22m [31m[1m[vite][22m[39m [31m[2m(client)[22m[39m [31m[Unhandled error] [1mSyntaxError[22m: "undefined" is not valid JSON
[39m > src/context/AuthContext.tsx:26:19
    24 |      const token = localStorage.getItem('accessToken');
    25 |      if (storedUser && token) {
    26 |        setUser(JSON.parse(storedUser));
       |                     ^
    27 |      }
    28 |      setLoading(false);
 > Object.react_stack_bottom_frame ../../node_modules/react-dom/cjs/react-dom-client.development.js:25989:19
 > runWithFiberInDEV ../../node_modules/react-dom/cjs/react-dom-client.development.js:871:29
 > commitHookEffectListMount ../../node_modules/react-dom/cjs/react-dom-client.development.js:13249:28
 > commitHookPassiveMountEffects ../../node_modules/react-dom/cjs/react-dom-client.development.js:13336:10
 > commitPassiveMountOnFiber ../../node_modules/react-dom/cjs/react-dom-client.development.js:15484:12
 > recursivelyTraversePassiveMountEffects ../../node_modules/react-dom/cjs/react-dom-client.development.js:15439:10
 > commitPassiveMountOnFiber ../../node_modules/react-dom/cjs/react-dom-client.development.js:15476:10
 > recursivelyTraversePassiveMountEffects ../../node_modules/react-dom/cjs/react-dom-client.development.js:15439:10

[2m9:52:33 PM[22m [33m[1m[vite][22m[39m [33m[2m(client)[22m[39m [2m[console.warn] [22mAn error occurred in the <AuthProvider> component.

Consider adding an error boundary to your tree to customize error handling behavior.
Visit https://react.dev/link/error-boundaries to learn more about error boundaries.

[2m9:52:33 PM[22m [31m[1m[vite][22m[39m [31m[2m(client)[22m[39m [31m[Unhandled error] [1mSyntaxError[22m: "undefined" is not valid JSON
[39m > src/context/AuthContext.tsx:26:19
    24 |      const token = localStorage.getItem('accessToken');
    25 |      if (storedUser && token) {
    26 |        setUser(JSON.parse(storedUser));
       |                     ^
    27 |      }
    28 |      setLoading(false);
 > Object.react_stack_bottom_frame ../../node_modules/react-dom/cjs/react-dom-client.development.js:25989:19
 > runWithFiberInDEV ../../node_modules/react-dom/cjs/react-dom-client.development.js:871:29
 > commitHookEffectListMount ../../node_modules/react-dom/cjs/react-dom-client.development.js:13249:28
 > commitHookPassiveMountEffects ../../node_modules/react-dom/cjs/react-dom-client.development.js:13336:10
 > reconnectPassiveEffects ../../node_modules/react-dom/cjs/react-dom-client.development.js:15832:10
 > recursivelyTraverseReconnectPassiveEffects ../../node_modules/react-dom/cjs/react-dom-client.development.js:15784:8
 > reconnectPassiveEffects ../../node_modules/react-dom/cjs/react-dom-client.development.js:15824:10
 > recursivelyTraverseReconnectPassiveEffects ../../node_modules/react-dom/cjs/react-dom-client.development.js:15784:8

[2m9:52:33 PM[22m [33m[1m[vite][22m[39m [33m[2m(client)[22m[39m [2m[console.warn] [22mAn error occurred in the <AuthProvider> component.

Consider adding an error boundary to your tree to customize error handling behavior.
Visit https://react.dev/link/error-boundaries to learn more about error boundaries.

[2m9:52:34 PM[22m [31m[1m[vite][22m[39m [31m[2m(client)[22m[39m [31m[Unhandled error] [1mSyntaxError[22m: "undefined" is not valid JSON
[39m > src/context/AuthContext.tsx:26:19
    24 |      const token = localStorage.getItem('accessToken');
    25 |      if (storedUser && token) {
    26 |        setUser(JSON.parse(storedUser));
       |                     ^
    27 |      }
    28 |      setLoading(false);
 > Object.react_stack_bottom_frame ../../node_modules/react-dom/cjs/react-dom-client.development.js:25989:19
 > runWithFiberInDEV ../../node_modules/react-dom/cjs/react-dom-client.development.js:871:29
 > commitHookEffectListMount ../../node_modules/react-dom/cjs/react-dom-client.development.js:13249:28
 > commitHookPassiveMountEffects ../../node_modules/react-dom/cjs/react-dom-client.development.js:13336:10
 > commitPassiveMountOnFiber ../../node_modules/react-dom/cjs/react-dom-client.development.js:15484:12
 > recursivelyTraversePassiveMountEffects ../../node_modules/react-dom/cjs/react-dom-client.development.js:15439:10
 > commitPassiveMountOnFiber ../../node_modules/react-dom/cjs/react-dom-client.development.js:15476:10
 > recursivelyTraversePassiveMountEffects ../../node_modules/react-dom/cjs/react-dom-client.development.js:15439:10

[2m9:52:34 PM[22m [33m[1m[vite][22m[39m [33m[2m(client)[22m[39m [2m[console.warn] [22mAn error occurred in the <AuthProvider> component.

Consider adding an error boundary to your tree to customize error handling behavior.
Visit https://react.dev/link/error-boundaries to learn more about error boundaries.

[2m9:52:34 PM[22m [31m[1m[vite][22m[39m [31m[2m(client)[22m[39m [31m[Unhandled error] [1mSyntaxError[22m: "undefined" is not valid JSON
[39m > src/context/AuthContext.tsx:26:19
    24 |      const token = localStorage.getItem('accessToken');
    25 |      if (storedUser && token) {
    26 |        setUser(JSON.parse(storedUser));
       |                     ^
    27 |      }
    28 |      setLoading(false);
 > Object.react_stack_bottom_frame ../../node_modules/react-dom/cjs/react-dom-client.development.js:25989:19
 > runWithFiberInDEV ../../node_modules/react-dom/cjs/react-dom-client.development.js:871:29
 > commitHookEffectListMount ../../node_modules/react-dom/cjs/react-dom-client.development.js:13249:28
 > commitHookPassiveMountEffects ../../node_modules/react-dom/cjs/react-dom-client.development.js:13336:10
 > reconnectPassiveEffects ../../node_modules/react-dom/cjs/react-dom-client.development.js:15832:10
 > recursivelyTraverseReconnectPassiveEffects ../../node_modules/react-dom/cjs/react-dom-client.development.js:15784:8
 > reconnectPassiveEffects ../../node_modules/react-dom/cjs/react-dom-client.development.js:15824:10
 > recursivelyTraverseReconnectPassiveEffects ../../node_modules/react-dom/cjs/react-dom-client.development.js:15784:8

[2m9:52:34 PM[22m [33m[1m[vite][22m[39m [33m[2m(client)[22m[39m [2m[console.warn] [22mAn error occurred in the <AuthProvider> component.

Consider adding an error boundary to your tree to customize error handling behavior.
Visit https://react.dev/link/error-boundaries to learn more about error boundaries.

[2m9:52:35 PM[22m [31m[1m[vite][22m[39m [31m[2m(client)[22m[39m [31m[Unhandled error] [1mSyntaxError[22m: "undefined" is not valid JSON
[39m > src/context/AuthContext.tsx:26:19
    24 |      const token = localStorage.getItem('accessToken');
    25 |      if (storedUser && token) {
    26 |        setUser(JSON.parse(storedUser));
       |                     ^
    27 |      }
    28 |      setLoading(false);
 > Object.react_stack_bottom_frame ../../node_modules/react-dom/cjs/react-dom-client.development.js:25989:19
 > runWithFiberInDEV ../../node_modules/react-dom/cjs/react-dom-client.development.js:871:29
 > commitHookEffectListMount ../../node_modules/react-dom/cjs/react-dom-client.development.js:13249:28
 > commitHookPassiveMountEffects ../../node_modules/react-dom/cjs/react-dom-client.development.js:13336:10
 > commitPassiveMountOnFiber ../../node_modules/react-dom/cjs/react-dom-client.development.js:15484:12
 > recursivelyTraversePassiveMountEffects ../../node_modules/react-dom/cjs/react-dom-client.development.js:15439:10
 > commitPassiveMountOnFiber ../../node_modules/react-dom/cjs/react-dom-client.development.js:15476:10
 > recursivelyTraversePassiveMountEffects ../../node_modules/react-dom/cjs/react-dom-client.development.js:15439:10

[2m9:52:35 PM[22m [33m[1m[vite][22m[39m [33m[2m(client)[22m[39m [2m[console.warn] [22mAn error occurred in the <AuthProvider> component.

Consider adding an error boundary to your tree to customize error handling behavior.
Visit https://react.dev/link/error-boundaries to learn more about error boundaries.

[2m9:52:35 PM[22m [31m[1m[vite][22m[39m [31m[2m(client)[22m[39m [31m[Unhandled error] [1mSyntaxError[22m: "undefined" is not valid JSON
[39m > src/context/AuthContext.tsx:26:19
    24 |      const token = localStorage.getItem('accessToken');
    25 |      if (storedUser && token) {
    26 |        setUser(JSON.parse(storedUser));
       |                     ^
    27 |      }
    28 |      setLoading(false);
 > Object.react_stack_bottom_frame ../../node_modules/react-dom/cjs/react-dom-client.development.js:25989:19
 > runWithFiberInDEV ../../node_modules/react-dom/cjs/react-dom-client.development.js:871:29
 > commitHookEffectListMount ../../node_modules/react-dom/cjs/react-dom-client.development.js:13249:28
 > commitHookPassiveMountEffects ../../node_modules/react-dom/cjs/react-dom-client.development.js:13336:10
 > reconnectPassiveEffects ../../node_modules/react-dom/cjs/react-dom-client.development.js:15832:10
 > recursivelyTraverseReconnectPassiveEffects ../../node_modules/react-dom/cjs/react-dom-client.development.js:15784:8
 > reconnectPassiveEffects ../../node_modules/react-dom/cjs/react-dom-client.development.js:15824:10
 > recursivelyTraverseReconnectPassiveEffects ../../node_modules/react-dom/cjs/react-dom-client.development.js:15784:8

[2m9:52:35 PM[22m [33m[1m[vite][22m[39m [33m[2m(client)[22m[39m [2m[console.warn] [22mAn error occurred in the <AuthProvider> component.

Consider adding an error boundary to your tree to customize error handling behavior.
Visit https://react.dev/link/error-boundaries to learn more about error boundaries.

[2m9:52:37 PM[22m [31m[1m[vite][22m[39m [31m[2m(client)[22m[39m [31m[Unhandled error] [1mSyntaxError[22m: "undefined" is not valid JSON
[39m > src/context/AuthContext.tsx:26:19
    24 |      const token = localStorage.getItem('accessToken');
    25 |      if (storedUser && token) {
    26 |        setUser(JSON.parse(storedUser));
       |                     ^
    27 |      }
    28 |      setLoading(false);
 > Object.react_stack_bottom_frame ../../node_modules/react-dom/cjs/react-dom-client.development.js:25989:19
 > runWithFiberInDEV ../../node_modules/react-dom/cjs/react-dom-client.development.js:871:29
 > commitHookEffectListMount ../../node_modules/react-dom/cjs/react-dom-client.development.js:13249:28
 > commitHookPassiveMountEffects ../../node_modules/react-dom/cjs/react-dom-client.development.js:13336:10
 > commitPassiveMountOnFiber ../../node_modules/react-dom/cjs/react-dom-client.development.js:15484:12
 > recursivelyTraversePassiveMountEffects ../../node_modules/react-dom/cjs/react-dom-client.development.js:15439:10
 > commitPassiveMountOnFiber ../../node_modules/react-dom/cjs/react-dom-client.development.js:15476:10
 > recursivelyTraversePassiveMountEffects ../../node_modules/react-dom/cjs/react-dom-client.development.js:15439:10

[2m9:52:37 PM[22m [33m[1m[vite][22m[39m [33m[2m(client)[22m[39m [2m[console.warn] [22mAn error occurred in the <AuthProvider> component.

Consider adding an error boundary to your tree to customize error handling behavior.
Visit https://react.dev/link/error-boundaries to learn more about error boundaries.

[2m9:52:37 PM[22m [31m[1m[vite][22m[39m [31m[2m(client)[22m[39m [31m[Unhandled error] [1mSyntaxError[22m: "undefined" is not valid JSON
[39m > src/context/AuthContext.tsx:26:19
    24 |      const token = localStorage.getItem('accessToken');
    25 |      if (storedUser && token) {
    26 |        setUser(JSON.parse(storedUser));
       |                     ^
    27 |      }
    28 |      setLoading(false);
 > Object.react_stack_bottom_frame ../../node_modules/react-dom/cjs/react-dom-client.development.js:25989:19
 > runWithFiberInDEV ../../node_modules/react-dom/cjs/react-dom-client.development.js:871:29
 > commitHookEffectListMount ../../node_modules/react-dom/cjs/react-dom-client.development.js:13249:28
 > commitHookPassiveMountEffects ../../node_modules/react-dom/cjs/react-dom-client.development.js:13336:10
 > reconnectPassiveEffects ../../node_modules/react-dom/cjs/react-dom-client.development.js:15832:10
 > recursivelyTraverseReconnectPassiveEffects ../../node_modules/react-dom/cjs/react-dom-client.development.js:15784:8
 > reconnectPassiveEffects ../../node_modules/react-dom/cjs/react-dom-client.development.js:15824:10
 > recursivelyTraverseReconnectPassiveEffects ../../node_modules/react-dom/cjs/react-dom-client.development.js:15784:8

[2m9:52:37 PM[22m [33m[1m[vite][22m[39m [33m[2m(client)[22m[39m [2m[console.warn] [22mAn error occurred in the <AuthProvider> component.

Consider adding an error boundary to your tree to customize error handling behavior.
Visit https://react.dev/link/error-boundaries to learn more about error boundaries.

[2m9:52:38 PM[22m [31m[1m[vite][22m[39m [31m[2m(client)[22m[39m [31m[Unhandled error] [1mSyntaxError[22m: "undefined" is not valid JSON
[39m > src/context/AuthContext.tsx:26:19
    24 |      const token = localStorage.getItem('accessToken');
    25 |      if (storedUser && token) {
    26 |        setUser(JSON.parse(storedUser));
       |                     ^
    27 |      }
    28 |      setLoading(false);
 > Object.react_stack_bottom_frame ../../node_modules/react-dom/cjs/react-dom-client.development.js:25989:19
 > runWithFiberInDEV ../../node_modules/react-dom/cjs/react-dom-client.development.js:871:29
 > commitHookEffectListMount ../../node_modules/react-dom/cjs/react-dom-client.development.js:13249:28
 > commitHookPassiveMountEffects ../../node_modules/react-dom/cjs/react-dom-client.development.js:13336:10
 > commitPassiveMountOnFiber ../../node_modules/react-dom/cjs/react-dom-client.development.js:15484:12
 > recursivelyTraversePassiveMountEffects ../../node_modules/react-dom/cjs/react-dom-client.development.js:15439:10
 > commitPassiveMountOnFiber ../../node_modules/react-dom/cjs/react-dom-client.development.js:15476:10
 > recursivelyTraversePassiveMountEffects ../../node_modules/react-dom/cjs/react-dom-client.development.js:15439:10

[2m9:52:38 PM[22m [33m[1m[vite][22m[39m [33m[2m(client)[22m[39m [2m[console.warn] [22mAn error occurred in the <AuthProvider> component.

Consider adding an error boundary to your tree to customize error handling behavior.
Visit https://react.dev/link/error-boundaries to learn more about error boundaries.

[2m9:52:39 PM[22m [31m[1m[vite][22m[39m [31m[2m(client)[22m[39m [31m[Unhandled error] [1mSyntaxError[22m: "undefined" is not valid JSON
[39m > src/context/AuthContext.tsx:26:19
    24 |      const token = localStorage.getItem('accessToken');
    25 |      if (storedUser && token) {
    26 |        setUser(JSON.parse(storedUser));
       |                     ^
    27 |      }
    28 |      setLoading(false);
 > Object.react_stack_bottom_frame ../../node_modules/react-dom/cjs/react-dom-client.development.js:25989:19
 > runWithFiberInDEV ../../node_modules/react-dom/cjs/react-dom-client.development.js:871:29
 > commitHookEffectListMount ../../node_modules/react-dom/cjs/react-dom-client.development.js:13249:28
 > commitHookPassiveMountEffects ../../node_modules/react-dom/cjs/react-dom-client.development.js:13336:10
 > reconnectPassiveEffects ../../node_modules/react-dom/cjs/react-dom-client.development.js:15832:10
 > recursivelyTraverseReconnectPassiveEffects ../../node_modules/react-dom/cjs/react-dom-client.development.js:15784:8
 > reconnectPassiveEffects ../../node_modules/react-dom/cjs/react-dom-client.development.js:15824:10
 > recursivelyTraverseReconnectPassiveEffects ../../node_modules/react-dom/cjs/react-dom-client.development.js:15784:8

[2m9:52:39 PM[22m [33m[1m[vite][22m[39m [33m[2m(client)[22m[39m [2m[console.warn] [22mAn error occurred in the <AuthProvider> component.

Consider adding an error boundary to your tree to customize error handling behavior.
Visit https://react.dev/link/error-boundaries to learn more about error boundaries.

[2m9:52:41 PM[22m [31m[1m[vite][22m[39m [31m[2m(client)[22m[39m [31m[Unhandled error] [1mSyntaxError[22m: "undefined" is not valid JSON
[39m > src/context/AuthContext.tsx:26:19
    24 |      const token = localStorage.getItem('accessToken');
    25 |      if (storedUser && token) {
    26 |        setUser(JSON.parse(storedUser));
       |                     ^
    27 |      }
    28 |      setLoading(false);
 > Object.react_stack_bottom_frame ../../node_modules/react-dom/cjs/react-dom-client.development.js:25989:19
 > runWithFiberInDEV ../../node_modules/react-dom/cjs/react-dom-client.development.js:871:29
 > commitHookEffectListMount ../../node_modules/react-dom/cjs/react-dom-client.development.js:13249:28
 > commitHookPassiveMountEffects ../../node_modules/react-dom/cjs/react-dom-client.development.js:13336:10
 > commitPassiveMountOnFiber ../../node_modules/react-dom/cjs/react-dom-client.development.js:15484:12
 > recursivelyTraversePassiveMountEffects ../../node_modules/react-dom/cjs/react-dom-client.development.js:15439:10
 > commitPassiveMountOnFiber ../../node_modules/react-dom/cjs/react-dom-client.development.js:15476:10
 > recursivelyTraversePassiveMountEffects ../../node_modules/react-dom/cjs/react-dom-client.development.js:15439:10

[2m9:52:41 PM[22m [33m[1m[vite][22m[39m [33m[2m(client)[22m[39m [2m[console.warn] [22mAn error occurred in the <AuthProvider> component.

Consider adding an error boundary to your tree to customize error handling behavior.
Visit https://react.dev/link/error-boundaries to learn more about error boundaries.

[2m9:52:41 PM[22m [31m[1m[vite][22m[39m [31m[2m(client)[22m[39m [31m[Unhandled error] [1mSyntaxError[22m: "undefined" is not valid JSON
[39m > src/context/AuthContext.tsx:26:19
    24 |      const token = localStorage.getItem('accessToken');
    25 |      if (storedUser && token) {
    26 |        setUser(JSON.parse(storedUser));
       |                     ^
    27 |      }
    28 |      setLoading(false);
 > Object.react_stack_bottom_frame ../../node_modules/react-dom/cjs/react-dom-client.development.js:25989:19
 > runWithFiberInDEV ../../node_modules/react-dom/cjs/react-dom-client.development.js:871:29
 > commitHookEffectListMount ../../node_modules/react-dom/cjs/react-dom-client.development.js:13249:28
 > commitHookPassiveMountEffects ../../node_modules/react-dom/cjs/react-dom-client.development.js:13336:10
 > reconnectPassiveEffects ../../node_modules/react-dom/cjs/react-dom-client.development.js:15832:10
 > recursivelyTraverseReconnectPassiveEffects ../../node_modules/react-dom/cjs/react-dom-client.development.js:15784:8
 > reconnectPassiveEffects ../../node_modules/react-dom/cjs/react-dom-client.development.js:15824:10
 > recursivelyTraverseReconnectPassiveEffects ../../node_modules/react-dom/cjs/react-dom-client.development.js:15784:8

[2m9:52:41 PM[22m [33m[1m[vite][22m[39m [33m[2m(client)[22m[39m [2m[console.warn] [22mAn error occurred in the <AuthProvider> component.

Consider adding an error boundary to your tree to customize error handling behavior.
Visit https://react.dev/link/error-boundaries to learn more about error boundaries.

[2m9:53:28 PM[22m [36m[1m[vite][22m[39m [90m[2m(client)[22m[39m [32mpage reload [39m[2msrc/main.tsx[22m
[2m9:53:30 PM[22m [31m[1m[vite][22m[39m [31m[2m(client)[22m[39m [2m[console.error] [22mTypeError: (orders || []).filter is not a function
    at ConsumerDashboard (http://localhost:4200/src/pages/consumer/ConsumerDashboard.tsx:88:38)
    at Object.react_stack_bottom_frame (http://localhost:4200/node_modules/.vite/deps/react-dom_client.js?v=76b7a7d5:12866:12)
    at renderWithHooks (http://localhost:4200/node_modules/.vite/deps/react-dom_client.js?v=76b7a7d5:4213:19)
    at updateFunctionComponent (http://localhost:4200/node_modules/.vite/deps/react-dom_client.js?v=76b7a7d5:5569:16)
    at beginWork (http://localhost:4200/node_modules/.vite/deps/react-dom_client.js?v=76b7a7d5:6140:20)
    at runWithFiberInDEV (http://localhost:4200/node_modules/.vite/deps/react-dom_client.js?v=76b7a7d5:851:66)
    at performUnitOfWork (http://localhost:4200/node_modules/.vite/deps/react-dom_client.js?v=76b7a7d5:8429:92)
    at workLoopSync (http://localhost:4200/node_modules/.vite/deps/react-dom_client.js?v=76b7a7d5:8325:37)
    at renderRootSync (http://localhost:4200/node_modules/.vite/deps/react-dom_client.js?v=76b7a7d5:8309:6)
    at performWorkOnRoot (http://localhost:4200/node_modules/.vite/deps/react-dom_client.js?v=76b7a7d5:7994:27)

The above error occurred in the <ConsumerDashboard> component.

React will try to recreate this component tree from scratch using the error boundary you provided, ErrorBoundary.

[2m9:53:30 PM[22m [31m[1m[vite][22m[39m [31m[2m(client)[22m[39m [2m[console.error] [22mErrorBoundary caught: TypeError: (orders || []).filter is not a function
    at ConsumerDashboard (http://localhost:4200/src/pages/consumer/ConsumerDashboard.tsx:88:38)
    at Object.react_stack_bottom_frame (http://localhost:4200/node_modules/.vite/deps/react-dom_client.js?v=76b7a7d5:12866:12)
    at renderWithHooks (http://localhost:4200/node_modules/.vite/deps/react-dom_client.js?v=76b7a7d5:4213:19)
    at updateFunctionComponent (http://localhost:4200/node_modules/.vite/deps/react-dom_client.js?v=76b7a7d5:5569:16)
    at beginWork (http://localhost:4200/node_modules/.vite/deps/react-dom_client.js?v=76b7a7d5:6140:20)
    at runWithFiberInDEV (http://localhost:4200/node_modules/.vite/deps/react-dom_client.js?v=76b7a7d5:851:66)
    at performUnitOfWork (http://localhost:4200/node_modules/.vite/deps/react-dom_client.js?v=76b7a7d5:8429:92)
    at workLoopSync (http://localhost:4200/node_modules/.vite/deps/react-dom_client.js?v=76b7a7d5:8325:37)
    at renderRootSync (http://localhost:4200/node_modules/.vite/deps/react-dom_client.js?v=76b7a7d5:8309:6)
    at performWorkOnRoot (http://localhost:4200/node_modules/.vite/deps/react-dom_client.js?v=76b7a7d5:7994:27) {"componentStack":"\n    at ConsumerDashboard (http://localhost:4200/src/pages/consumer/ConsumerDashboard.tsx:85:19)\n    at DashboardRedirect (http://localhost:4200/src/App.tsx:283:19)\n    at RenderedRoute (http://localhost:4200/node_modules/.vite/deps/react-router-dom.js?v=76b7a7d5:4142:26)\n    at Outlet (http://localhost:4200/node_modules/.vite/deps/react-router-dom.js?v=76b7a7d5:4769:25)\n    at main (<anonymous>)\n    at div (<anonymous>)\n    at MainLayout (http://localhost:4200/src/layouts/MainLayout.tsx:8:58)\n    at ProtectedRoute (http://localhost:4200/src/components/ProtectedRoute.tsx:6:34)\n    at RenderedRoute (http://localhost:4200/node_modules/.vite/deps/react-router-dom.js?v=76b7a7d5:4142:26)\n    at Routes (http://localhost:4200/node_modules/.vite/deps/react-router-dom.js?v=76b7a7d5:4822:19)\n    at AppRoutes (http://localhost:4200/src/App.tsx:22:19)\n    at AuthProvider (http://localhost:4200/src/context/AuthContext.tsx:8:32)\n    at App (<anonymous>)\n    at Router (http://localhost:4200/node_modules/.vite/deps/react-router-dom.js?v=76b7a7d5:4774:29)\n    at BrowserRouter (http://localhost:4200/node_modules/.vite/deps/react-router-dom.js?v=76b7a7d5:7216:26)\n    at ErrorBoundary (http://localhost:4200/src/components/ErrorBoundary.tsx:6:3)"}
[2m9:53:30 PM[22m [31m[1m[vite][22m[39m [31m[2m(client)[22m[39m [2m[console.error] [22mSyntaxError: "undefined" is not valid JSON
    at JSON.parse (<anonymous>)
    at http://localhost:4200/src/context/AuthContext.tsx:16:17
    at Object.react_stack_bottom_frame (http://localhost:4200/node_modules/.vite/deps/react-dom_client.js?v=76b7a7d5:12902:13)
    at runWithFiberInDEV (http://localhost:4200/node_modules/.vite/deps/react-dom_client.js?v=76b7a7d5:851:66)
    at commitHookEffectListMount (http://localhost:4200/node_modules/.vite/deps/react-dom_client.js?v=76b7a7d5:6617:153)
    at commitHookPassiveMountEffects (http://localhost:4200/node_modules/.vite/deps/react-dom_client.js?v=76b7a7d5:6652:55)
    at commitPassiveMountOnFiber (http://localhost:4200/node_modules/.vite/deps/react-dom_client.js?v=76b7a7d5:7618:22)
    at recursivelyTraversePassiveMountEffects (http://localhost:4200/node_modules/.vite/deps/react-dom_client.js?v=76b7a7d5:7606:5)
    at commitPassiveMountOnFiber (http://localhost:4200/node_modules/.vite/deps/react-dom_client.js?v=76b7a7d5:7617:6)
    at recursivelyTraversePassiveMountEffects (http://localhost:4200/node_modules/.vite/deps/react-dom_client.js?v=76b7a7d5:7606:5)

The above error occurred in the <AuthProvider> component.

React will try to recreate this component tree from scratch using the error boundary you provided, ErrorBoundary.

[2m9:53:30 PM[22m [31m[1m[vite][22m[39m [31m[2m(client)[22m[39m [2m[console.error] [22mErrorBoundary caught: SyntaxError: "undefined" is not valid JSON
    at JSON.parse (<anonymous>)
    at http://localhost:4200/src/context/AuthContext.tsx:16:17
    at Object.react_stack_bottom_frame (http://localhost:4200/node_modules/.vite/deps/react-dom_client.js?v=76b7a7d5:12902:13)
    at runWithFiberInDEV (http://localhost:4200/node_modules/.vite/deps/react-dom_client.js?v=76b7a7d5:851:66)
    at commitHookEffectListMount (http://localhost:4200/node_modules/.vite/deps/react-dom_client.js?v=76b7a7d5:6617:153)
    at commitHookPassiveMountEffects (http://localhost:4200/node_modules/.vite/deps/react-dom_client.js?v=76b7a7d5:6652:55)
    at commitPassiveMountOnFiber (http://localhost:4200/node_modules/.vite/deps/react-dom_client.js?v=76b7a7d5:7618:22)
    at recursivelyTraversePassiveMountEffects (http://localhost:4200/node_modules/.vite/deps/react-dom_client.js?v=76b7a7d5:7606:5)
    at commitPassiveMountOnFiber (http://localhost:4200/node_modules/.vite/deps/react-dom_client.js?v=76b7a7d5:7617:6)
    at recursivelyTraversePassiveMountEffects (http://localhost:4200/node_modules/.vite/deps/react-dom_client.js?v=76b7a7d5:7606:5) {"componentStack":"\n    at AuthProvider (http://localhost:4200/src/context/AuthContext.tsx:8:32)\n    at App (<anonymous>)\n    at Router (http://localhost:4200/node_modules/.vite/deps/react-router-dom.js?v=76b7a7d5:4774:29)\n    at BrowserRouter (http://localhost:4200/node_modules/.vite/deps/react-router-dom.js?v=76b7a7d5:7216:26)\n    at ErrorBoundary (http://localhost:4200/src/components/ErrorBoundary.tsx:6:3)"}
[2m9:53:30 PM[22m [31m[1m[vite][22m[39m [31m[2m(client)[22m[39m [2m[console.error] [22mSyntaxError: "undefined" is not valid JSON
    at JSON.parse (<anonymous>)
    at http://localhost:4200/src/context/AuthContext.tsx:16:17
    at Object.react_stack_bottom_frame (http://localhost:4200/node_modules/.vite/deps/react-dom_client.js?v=76b7a7d5:12902:13)
    at runWithFiberInDEV (http://localhost:4200/node_modules/.vite/deps/react-dom_client.js?v=76b7a7d5:851:66)
    at commitHookEffectListMount (http://localhost:4200/node_modules/.vite/deps/react-dom_client.js?v=76b7a7d5:6617:153)
    at commitHookPassiveMountEffects (http://localhost:4200/node_modules/.vite/deps/react-dom_client.js?v=76b7a7d5:6652:55)
    at reconnectPassiveEffects (http://localhost:4200/node_modules/.vite/deps/react-dom_client.js?v=76b7a7d5:7701:6)
    at recursivelyTraverseReconnectPassiveEffects (http://localhost:4200/node_modules/.vite/deps/react-dom_client.js?v=76b7a7d5:7688:5)
    at reconnectPassiveEffects (http://localhost:4200/node_modules/.vite/deps/react-dom_client.js?v=76b7a7d5:7700:6)
    at recursivelyTraverseReconnectPassiveEffects (http://localhost:4200/node_modules/.vite/deps/react-dom_client.js?v=76b7a7d5:7688:5)

The above error occurred in the <AuthProvider> component.

React will try to recreate this component tree from scratch using the error boundary you provided, ErrorBoundary.

[2m9:53:30 PM[22m [31m[1m[vite][22m[39m [31m[2m(client)[22m[39m [2m[console.error] [22mErrorBoundary caught: SyntaxError: "undefined" is not valid JSON
    at JSON.parse (<anonymous>)
    at http://localhost:4200/src/context/AuthContext.tsx:16:17
    at Object.react_stack_bottom_frame (http://localhost:4200/node_modules/.vite/deps/react-dom_client.js?v=76b7a7d5:12902:13)
    at runWithFiberInDEV (http://localhost:4200/node_modules/.vite/deps/react-dom_client.js?v=76b7a7d5:851:66)
    at commitHookEffectListMount (http://localhost:4200/node_modules/.vite/deps/react-dom_client.js?v=76b7a7d5:6617:153)
    at commitHookPassiveMountEffects (http://localhost:4200/node_modules/.vite/deps/react-dom_client.js?v=76b7a7d5:6652:55)
    at reconnectPassiveEffects (http://localhost:4200/node_modules/.vite/deps/react-dom_client.js?v=76b7a7d5:7701:6)
    at recursivelyTraverseReconnectPassiveEffects (http://localhost:4200/node_modules/.vite/deps/react-dom_client.js?v=76b7a7d5:7688:5)
    at reconnectPassiveEffects (http://localhost:4200/node_modules/.vite/deps/react-dom_client.js?v=76b7a7d5:7700:6)
    at recursivelyTraverseReconnectPassiveEffects (http://localhost:4200/node_modules/.vite/deps/react-dom_client.js?v=76b7a7d5:7688:5) {"componentStack":"\n    at AuthProvider (http://localhost:4200/src/context/AuthContext.tsx:8:32)\n    at App (<anonymous>)\n    at Router (http://localhost:4200/node_modules/.vite/deps/react-router-dom.js?v=76b7a7d5:4774:29)\n    at BrowserRouter (http://localhost:4200/node_modules/.vite/deps/react-router-dom.js?v=76b7a7d5:7216:26)\n    at ErrorBoundary (http://localhost:4200/src/components/ErrorBoundary.tsx:6:3)"}
[2m9:55:20 PM[22m [31m[1m[vite][22m[39m [31m[2m(client)[22m[39m [2m[console.error] [22mTypeError: (orders || []).filter is not a function
    at ConsumerDashboard (http://localhost:4200/src/pages/consumer/ConsumerDashboard.tsx:88:38)
    at Object.react_stack_bottom_frame (http://localhost:4200/node_modules/.vite/deps/react-dom_client.js?v=76b7a7d5:12866:12)
    at renderWithHooks (http://localhost:4200/node_modules/.vite/deps/react-dom_client.js?v=76b7a7d5:4213:19)
    at updateFunctionComponent (http://localhost:4200/node_modules/.vite/deps/react-dom_client.js?v=76b7a7d5:5569:16)
    at beginWork (http://localhost:4200/node_modules/.vite/deps/react-dom_client.js?v=76b7a7d5:6140:20)
    at runWithFiberInDEV (http://localhost:4200/node_modules/.vite/deps/react-dom_client.js?v=76b7a7d5:851:66)
    at performUnitOfWork (http://localhost:4200/node_modules/.vite/deps/react-dom_client.js?v=76b7a7d5:8429:92)
    at workLoopSync (http://localhost:4200/node_modules/.vite/deps/react-dom_client.js?v=76b7a7d5:8325:37)
    at renderRootSync (http://localhost:4200/node_modules/.vite/deps/react-dom_client.js?v=76b7a7d5:8309:6)
    at performWorkOnRoot (http://localhost:4200/node_modules/.vite/deps/react-dom_client.js?v=76b7a7d5:7994:27)

The above error occurred in the <ConsumerDashboard> component.

React will try to recreate this component tree from scratch using the error boundary you provided, ErrorBoundary.

[2m9:55:20 PM[22m [31m[1m[vite][22m[39m [31m[2m(client)[22m[39m [2m[console.error] [22mErrorBoundary caught: TypeError: (orders || []).filter is not a function
    at ConsumerDashboard (http://localhost:4200/src/pages/consumer/ConsumerDashboard.tsx:88:38)
    at Object.react_stack_bottom_frame (http://localhost:4200/node_modules/.vite/deps/react-dom_client.js?v=76b7a7d5:12866:12)
    at renderWithHooks (http://localhost:4200/node_modules/.vite/deps/react-dom_client.js?v=76b7a7d5:4213:19)
    at updateFunctionComponent (http://localhost:4200/node_modules/.vite/deps/react-dom_client.js?v=76b7a7d5:5569:16)
    at beginWork (http://localhost:4200/node_modules/.vite/deps/react-dom_client.js?v=76b7a7d5:6140:20)
    at runWithFiberInDEV (http://localhost:4200/node_modules/.vite/deps/react-dom_client.js?v=76b7a7d5:851:66)
    at performUnitOfWork (http://localhost:4200/node_modules/.vite/deps/react-dom_client.js?v=76b7a7d5:8429:92)
    at workLoopSync (http://localhost:4200/node_modules/.vite/deps/react-dom_client.js?v=76b7a7d5:8325:37)
    at renderRootSync (http://localhost:4200/node_modules/.vite/deps/react-dom_client.js?v=76b7a7d5:8309:6)
    at performWorkOnRoot (http://localhost:4200/node_modules/.vite/deps/react-dom_client.js?v=76b7a7d5:7994:27) {"componentStack":"\n    at ConsumerDashboard (http://localhost:4200/src/pages/consumer/ConsumerDashboard.tsx:85:19)\n    at DashboardRedirect (http://localhost:4200/src/App.tsx:283:19)\n    at RenderedRoute (http://localhost:4200/node_modules/.vite/deps/react-router-dom.js?v=76b7a7d5:4142:26)\n    at Outlet (http://localhost:4200/node_modules/.vite/deps/react-router-dom.js?v=76b7a7d5:4769:25)\n    at main (<anonymous>)\n    at div (<anonymous>)\n    at MainLayout (http://localhost:4200/src/layouts/MainLayout.tsx:8:58)\n    at ProtectedRoute (http://localhost:4200/src/components/ProtectedRoute.tsx:6:34)\n    at RenderedRoute (http://localhost:4200/node_modules/.vite/deps/react-router-dom.js?v=76b7a7d5:4142:26)\n    at Routes (http://localhost:4200/node_modules/.vite/deps/react-router-dom.js?v=76b7a7d5:4822:19)\n    at AppRoutes (http://localhost:4200/src/App.tsx:22:19)\n    at AuthProvider (http://localhost:4200/src/context/AuthContext.tsx:8:32)\n    at App (<anonymous>)\n    at Router (http://localhost:4200/node_modules/.vite/deps/react-router-dom.js?v=76b7a7d5:4774:29)\n    at BrowserRouter (http://localhost:4200/node_modules/.vite/deps/react-router-dom.js?v=76b7a7d5:7216:26)\n    at ErrorBoundary (http://localhost:4200/src/components/ErrorBoundary.tsx:6:3)"}
[2m9:55:25 PM[22m [31m[1m[vite][22m[39m [31m[2m(client)[22m[39m [2m[console.error] [22mTypeError: (orders || []).filter is not a function
    at ConsumerDashboard (http://localhost:4200/src/pages/consumer/ConsumerDashboard.tsx:88:38)
    at Object.react_stack_bottom_frame (http://localhost:4200/node_modules/.vite/deps/react-dom_client.js?v=76b7a7d5:12866:12)
    at renderWithHooks (http://localhost:4200/node_modules/.vite/deps/react-dom_client.js?v=76b7a7d5:4213:19)
    at updateFunctionComponent (http://localhost:4200/node_modules/.vite/deps/react-dom_client.js?v=76b7a7d5:5569:16)
    at beginWork (http://localhost:4200/node_modules/.vite/deps/react-dom_client.js?v=76b7a7d5:6140:20)
    at runWithFiberInDEV (http://localhost:4200/node_modules/.vite/deps/react-dom_client.js?v=76b7a7d5:851:66)
    at performUnitOfWork (http://localhost:4200/node_modules/.vite/deps/react-dom_client.js?v=76b7a7d5:8429:92)
    at workLoopSync (http://localhost:4200/node_modules/.vite/deps/react-dom_client.js?v=76b7a7d5:8325:37)
    at renderRootSync (http://localhost:4200/node_modules/.vite/deps/react-dom_client.js?v=76b7a7d5:8309:6)
    at performWorkOnRoot (http://localhost:4200/node_modules/.vite/deps/react-dom_client.js?v=76b7a7d5:7994:27)

The above error occurred in the <ConsumerDashboard> component.

React will try to recreate this component tree from scratch using the error boundary you provided, ErrorBoundary.

[2m9:55:25 PM[22m [31m[1m[vite][22m[39m [31m[2m(client)[22m[39m [2m[console.error] [22mErrorBoundary caught: TypeError: (orders || []).filter is not a function
    at ConsumerDashboard (http://localhost:4200/src/pages/consumer/ConsumerDashboard.tsx:88:38)
    at Object.react_stack_bottom_frame (http://localhost:4200/node_modules/.vite/deps/react-dom_client.js?v=76b7a7d5:12866:12)
    at renderWithHooks (http://localhost:4200/node_modules/.vite/deps/react-dom_client.js?v=76b7a7d5:4213:19)
    at updateFunctionComponent (http://localhost:4200/node_modules/.vite/deps/react-dom_client.js?v=76b7a7d5:5569:16)
    at beginWork (http://localhost:4200/node_modules/.vite/deps/react-dom_client.js?v=76b7a7d5:6140:20)
    at runWithFiberInDEV (http://localhost:4200/node_modules/.vite/deps/react-dom_client.js?v=76b7a7d5:851:66)
    at performUnitOfWork (http://localhost:4200/node_modules/.vite/deps/react-dom_client.js?v=76b7a7d5:8429:92)
    at workLoopSync (http://localhost:4200/node_modules/.vite/deps/react-dom_client.js?v=76b7a7d5:8325:37)
    at renderRootSync (http://localhost:4200/node_modules/.vite/deps/react-dom_client.js?v=76b7a7d5:8309:6)
    at performWorkOnRoot (http://localhost:4200/node_modules/.vite/deps/react-dom_client.js?v=76b7a7d5:7994:27) {"componentStack":"\n    at ConsumerDashboard (http://localhost:4200/src/pages/consumer/ConsumerDashboard.tsx:85:19)\n    at DashboardRedirect (http://localhost:4200/src/App.tsx:283:19)\n    at RenderedRoute (http://localhost:4200/node_modules/.vite/deps/react-router-dom.js?v=76b7a7d5:4142:26)\n    at Outlet (http://localhost:4200/node_modules/.vite/deps/react-router-dom.js?v=76b7a7d5:4769:25)\n    at main (<anonymous>)\n    at div (<anonymous>)\n    at MainLayout (http://localhost:4200/src/layouts/MainLayout.tsx:8:58)\n    at ProtectedRoute (http://localhost:4200/src/components/ProtectedRoute.tsx:6:34)\n    at RenderedRoute (http://localhost:4200/node_modules/.vite/deps/react-router-dom.js?v=76b7a7d5:4142:26)\n    at Routes (http://localhost:4200/node_modules/.vite/deps/react-router-dom.js?v=76b7a7d5:4822:19)\n    at AppRoutes (http://localhost:4200/src/App.tsx:22:19)\n    at AuthProvider (http://localhost:4200/src/context/AuthContext.tsx:8:32)\n    at App (<anonymous>)\n    at Router (http://localhost:4200/node_modules/.vite/deps/react-router-dom.js?v=76b7a7d5:4774:29)\n    at BrowserRouter (http://localhost:4200/node_modules/.vite/deps/react-router-dom.js?v=76b7a7d5:7216:26)\n    at ErrorBoundary (http://localhost:4200/src/components/ErrorBoundary.tsx:6:3)"}
[2m9:56:02 PM[22m [31m[1m[vite][22m[39m [31m[2m(client)[22m[39m [2m[console.error] [22mTypeError: (vendors || []).filter is not a function
    at VendorList (http://localhost:4200/src/pages/consumer/VendorList.tsx:100:35)
    at Object.react_stack_bottom_frame (http://localhost:4200/node_modules/.vite/deps/react-dom_client.js?v=76b7a7d5:12866:12)
    at renderWithHooks (http://localhost:4200/node_modules/.vite/deps/react-dom_client.js?v=76b7a7d5:4213:19)
    at updateFunctionComponent (http://localhost:4200/node_modules/.vite/deps/react-dom_client.js?v=76b7a7d5:5569:16)
    at beginWork (http://localhost:4200/node_modules/.vite/deps/react-dom_client.js?v=76b7a7d5:6140:20)
    at runWithFiberInDEV (http://localhost:4200/node_modules/.vite/deps/react-dom_client.js?v=76b7a7d5:851:66)
    at performUnitOfWork (http://localhost:4200/node_modules/.vite/deps/react-dom_client.js?v=76b7a7d5:8429:92)
    at workLoopSync (http://localhost:4200/node_modules/.vite/deps/react-dom_client.js?v=76b7a7d5:8325:37)
    at renderRootSync (http://localhost:4200/node_modules/.vite/deps/react-dom_client.js?v=76b7a7d5:8309:6)
    at performWorkOnRoot (http://localhost:4200/node_modules/.vite/deps/react-dom_client.js?v=76b7a7d5:7994:27)

The above error occurred in the <VendorList> component.

React will try to recreate this component tree from scratch using the error boundary you provided, ErrorBoundary.

[2m9:56:02 PM[22m [31m[1m[vite][22m[39m [31m[2m(client)[22m[39m [2m[console.error] [22mErrorBoundary caught: TypeError: (vendors || []).filter is not a function
    at VendorList (http://localhost:4200/src/pages/consumer/VendorList.tsx:100:35)
    at Object.react_stack_bottom_frame (http://localhost:4200/node_modules/.vite/deps/react-dom_client.js?v=76b7a7d5:12866:12)
    at renderWithHooks (http://localhost:4200/node_modules/.vite/deps/react-dom_client.js?v=76b7a7d5:4213:19)
    at updateFunctionComponent (http://localhost:4200/node_modules/.vite/deps/react-dom_client.js?v=76b7a7d5:5569:16)
    at beginWork (http://localhost:4200/node_modules/.vite/deps/react-dom_client.js?v=76b7a7d5:6140:20)
    at runWithFiberInDEV (http://localhost:4200/node_modules/.vite/deps/react-dom_client.js?v=76b7a7d5:851:66)
    at performUnitOfWork (http://localhost:4200/node_modules/.vite/deps/react-dom_client.js?v=76b7a7d5:8429:92)
    at workLoopSync (http://localhost:4200/node_modules/.vite/deps/react-dom_client.js?v=76b7a7d5:8325:37)
    at renderRootSync (http://localhost:4200/node_modules/.vite/deps/react-dom_client.js?v=76b7a7d5:8309:6)
    at performWorkOnRoot (http://localhost:4200/node_modules/.vite/deps/react-dom_client.js?v=76b7a7d5:7994:27) {"componentStack":"\n    at VendorList (http://localhost:4200/src/pages/consumer/VendorList.tsx:97:19)\n    at ProtectedRoute (http://localhost:4200/src/components/ProtectedRoute.tsx:6:34)\n    at RenderedRoute (http://localhost:4200/node_modules/.vite/deps/react-router-dom.js?v=76b7a7d5:4142:26)\n    at Outlet (http://localhost:4200/node_modules/.vite/deps/react-router-dom.js?v=76b7a7d5:4769:25)\n    at main (<anonymous>)\n    at div (<anonymous>)\n    at MainLayout (http://localhost:4200/src/layouts/MainLayout.tsx:8:58)\n    at ProtectedRoute (http://localhost:4200/src/components/ProtectedRoute.tsx:6:34)\n    at RenderedRoute (http://localhost:4200/node_modules/.vite/deps/react-router-dom.js?v=76b7a7d5:4142:26)\n    at Routes (http://localhost:4200/node_modules/.vite/deps/react-router-dom.js?v=76b7a7d5:4822:19)\n    at AppRoutes (http://localhost:4200/src/App.tsx:22:19)\n    at AuthProvider (http://localhost:4200/src/context/AuthContext.tsx:8:32)\n    at App (<anonymous>)\n    at Router (http://localhost:4200/node_modules/.vite/deps/react-router-dom.js?v=76b7a7d5:4774:29)\n    at BrowserRouter (http://localhost:4200/node_modules/.vite/deps/react-router-dom.js?v=76b7a7d5:7216:26)\n    at ErrorBoundary (http://localhost:4200/src/components/ErrorBoundary.tsx:6:3)"}
[2m9:56:22 PM[22m [31m[1m[vite][22m[39m [31m[2m(client)[22m[39m [2m[console.error] [22mSyntaxError: "undefined" is not valid JSON
    at JSON.parse (<anonymous>)
    at http://localhost:4200/src/context/AuthContext.tsx:16:17
    at Object.react_stack_bottom_frame (http://localhost:4200/node_modules/.vite/deps/react-dom_client.js?v=76b7a7d5:12902:13)
    at runWithFiberInDEV (http://localhost:4200/node_modules/.vite/deps/react-dom_client.js?v=76b7a7d5:851:66)
    at commitHookEffectListMount (http://localhost:4200/node_modules/.vite/deps/react-dom_client.js?v=76b7a7d5:6617:153)
    at commitHookPassiveMountEffects (http://localhost:4200/node_modules/.vite/deps/react-dom_client.js?v=76b7a7d5:6652:55)
    at commitPassiveMountOnFiber (http://localhost:4200/node_modules/.vite/deps/react-dom_client.js?v=76b7a7d5:7618:22)
    at recursivelyTraversePassiveMountEffects (http://localhost:4200/node_modules/.vite/deps/react-dom_client.js?v=76b7a7d5:7606:5)
    at commitPassiveMountOnFiber (http://localhost:4200/node_modules/.vite/deps/react-dom_client.js?v=76b7a7d5:7617:6)
    at recursivelyTraversePassiveMountEffects (http://localhost:4200/node_modules/.vite/deps/react-dom_client.js?v=76b7a7d5:7606:5)

The above error occurred in the <AuthProvider> component.

React will try to recreate this component tree from scratch using the error boundary you provided, ErrorBoundary.

[2m9:56:22 PM[22m [31m[1m[vite][22m[39m [31m[2m(client)[22m[39m [2m[console.error] [22mErrorBoundary caught: SyntaxError: "undefined" is not valid JSON
    at JSON.parse (<anonymous>)
    at http://localhost:4200/src/context/AuthContext.tsx:16:17
    at Object.react_stack_bottom_frame (http://localhost:4200/node_modules/.vite/deps/react-dom_client.js?v=76b7a7d5:12902:13)
    at runWithFiberInDEV (http://localhost:4200/node_modules/.vite/deps/react-dom_client.js?v=76b7a7d5:851:66)
    at commitHookEffectListMount (http://localhost:4200/node_modules/.vite/deps/react-dom_client.js?v=76b7a7d5:6617:153)
    at commitHookPassiveMountEffects (http://localhost:4200/node_modules/.vite/deps/react-dom_client.js?v=76b7a7d5:6652:55)
    at commitPassiveMountOnFiber (http://localhost:4200/node_modules/.vite/deps/react-dom_client.js?v=76b7a7d5:7618:22)
    at recursivelyTraversePassiveMountEffects (http://localhost:4200/node_modules/.vite/deps/react-dom_client.js?v=76b7a7d5:7606:5)
    at commitPassiveMountOnFiber (http://localhost:4200/node_modules/.vite/deps/react-dom_client.js?v=76b7a7d5:7617:6)
    at recursivelyTraversePassiveMountEffects (http://localhost:4200/node_modules/.vite/deps/react-dom_client.js?v=76b7a7d5:7606:5) {"componentStack":"\n    at AuthProvider (http://localhost:4200/src/context/AuthContext.tsx:8:32)\n    at App (<anonymous>)\n    at Router (http://localhost:4200/node_modules/.vite/deps/react-router-dom.js?v=76b7a7d5:4774:29)\n    at BrowserRouter (http://localhost:4200/node_modules/.vite/deps/react-router-dom.js?v=76b7a7d5:7216:26)\n    at ErrorBoundary (http://localhost:4200/src/components/ErrorBoundary.tsx:6:3)"}
[2m9:56:22 PM[22m [31m[1m[vite][22m[39m [31m[2m(client)[22m[39m [2m[console.error] [22mSyntaxError: "undefined" is not valid JSON
    at JSON.parse (<anonymous>)
    at http://localhost:4200/src/context/AuthContext.tsx:16:17
    at Object.react_stack_bottom_frame (http://localhost:4200/node_modules/.vite/deps/react-dom_client.js?v=76b7a7d5:12902:13)
    at runWithFiberInDEV (http://localhost:4200/node_modules/.vite/deps/react-dom_client.js?v=76b7a7d5:851:66)
    at commitHookEffectListMount (http://localhost:4200/node_modules/.vite/deps/react-dom_client.js?v=76b7a7d5:6617:153)
    at commitHookPassiveMountEffects (http://localhost:4200/node_modules/.vite/deps/react-dom_client.js?v=76b7a7d5:6652:55)
    at reconnectPassiveEffects (http://localhost:4200/node_modules/.vite/deps/react-dom_client.js?v=76b7a7d5:7701:6)
    at recursivelyTraverseReconnectPassiveEffects (http://localhost:4200/node_modules/.vite/deps/react-dom_client.js?v=76b7a7d5:7688:5)
    at reconnectPassiveEffects (http://localhost:4200/node_modules/.vite/deps/react-dom_client.js?v=76b7a7d5:7700:6)
    at recursivelyTraverseReconnectPassiveEffects (http://localhost:4200/node_modules/.vite/deps/react-dom_client.js?v=76b7a7d5:7688:5)

The above error occurred in the <AuthProvider> component.

React will try to recreate this component tree from scratch using the error boundary you provided, ErrorBoundary.

[2m9:56:22 PM[22m [31m[1m[vite][22m[39m [31m[2m(client)[22m[39m [2m[console.error] [22mErrorBoundary caught: SyntaxError: "undefined" is not valid JSON
    at JSON.parse (<anonymous>)
    at http://localhost:4200/src/context/AuthContext.tsx:16:17
    at Object.react_stack_bottom_frame (http://localhost:4200/node_modules/.vite/deps/react-dom_client.js?v=76b7a7d5:12902:13)
    at runWithFiberInDEV (http://localhost:4200/node_modules/.vite/deps/react-dom_client.js?v=76b7a7d5:851:66)
    at commitHookEffectListMount (http://localhost:4200/node_modules/.vite/deps/react-dom_client.js?v=76b7a7d5:6617:153)
    at commitHookPassiveMountEffects (http://localhost:4200/node_modules/.vite/deps/react-dom_client.js?v=76b7a7d5:6652:55)
    at reconnectPassiveEffects (http://localhost:4200/node_modules/.vite/deps/react-dom_client.js?v=76b7a7d5:7701:6)
    at recursivelyTraverseReconnectPassiveEffects (http://localhost:4200/node_modules/.vite/deps/react-dom_client.js?v=76b7a7d5:7688:5)
    at reconnectPassiveEffects (http://localhost:4200/node_modules/.vite/deps/react-dom_client.js?v=76b7a7d5:7700:6)
    at recursivelyTraverseReconnectPassiveEffects (http://localhost:4200/node_modules/.vite/deps/react-dom_client.js?v=76b7a7d5:7688:5) {"componentStack":"\n    at AuthProvider (http://localhost:4200/src/context/AuthContext.tsx:8:32)\n    at App (<anonymous>)\n    at Router (http://localhost:4200/node_modules/.vite/deps/react-router-dom.js?v=76b7a7d5:4774:29)\n    at BrowserRouter (http://localhost:4200/node_modules/.vite/deps/react-router-dom.js?v=76b7a7d5:7216:26)\n    at ErrorBoundary (http://localhost:4200/src/components/ErrorBoundary.tsx:6:3)"}
[2m9:56:25 PM[22m [31m[1m[vite][22m[39m [31m[2m(client)[22m[39m [2m[console.error] [22mSyntaxError: "undefined" is not valid JSON
    at JSON.parse (<anonymous>)
    at http://localhost:4200/src/context/AuthContext.tsx:16:17
    at Object.react_stack_bottom_frame (http://localhost:4200/node_modules/.vite/deps/react-dom_client.js?v=76b7a7d5:12902:13)
    at runWithFiberInDEV (http://localhost:4200/node_modules/.vite/deps/react-dom_client.js?v=76b7a7d5:851:66)
    at commitHookEffectListMount (http://localhost:4200/node_modules/.vite/deps/react-dom_client.js?v=76b7a7d5:6617:153)
    at commitHookPassiveMountEffects (http://localhost:4200/node_modules/.vite/deps/react-dom_client.js?v=76b7a7d5:6652:55)
    at commitPassiveMountOnFiber (http://localhost:4200/node_modules/.vite/deps/react-dom_client.js?v=76b7a7d5:7618:22)
    at recursivelyTraversePassiveMountEffects (http://localhost:4200/node_modules/.vite/deps/react-dom_client.js?v=76b7a7d5:7606:5)
    at commitPassiveMountOnFiber (http://localhost:4200/node_modules/.vite/deps/react-dom_client.js?v=76b7a7d5:7617:6)
    at recursivelyTraversePassiveMountEffects (http://localhost:4200/node_modules/.vite/deps/react-dom_client.js?v=76b7a7d5:7606:5)

The above error occurred in the <AuthProvider> component.

React will try to recreate this component tree from scratch using the error boundary you provided, ErrorBoundary.

[2m9:56:25 PM[22m [31m[1m[vite][22m[39m [31m[2m(client)[22m[39m [2m[console.error] [22mErrorBoundary caught: SyntaxError: "undefined" is not valid JSON
    at JSON.parse (<anonymous>)
    at http://localhost:4200/src/context/AuthContext.tsx:16:17
    at Object.react_stack_bottom_frame (http://localhost:4200/node_modules/.vite/deps/react-dom_client.js?v=76b7a7d5:12902:13)
    at runWithFiberInDEV (http://localhost:4200/node_modules/.vite/deps/react-dom_client.js?v=76b7a7d5:851:66)
    at commitHookEffectListMount (http://localhost:4200/node_modules/.vite/deps/react-dom_client.js?v=76b7a7d5:6617:153)
    at commitHookPassiveMountEffects (http://localhost:4200/node_modules/.vite/deps/react-dom_client.js?v=76b7a7d5:6652:55)
    at commitPassiveMountOnFiber (http://localhost:4200/node_modules/.vite/deps/react-dom_client.js?v=76b7a7d5:7618:22)
    at recursivelyTraversePassiveMountEffects (http://localhost:4200/node_modules/.vite/deps/react-dom_client.js?v=76b7a7d5:7606:5)
    at commitPassiveMountOnFiber (http://localhost:4200/node_modules/.vite/deps/react-dom_client.js?v=76b7a7d5:7617:6)
    at recursivelyTraversePassiveMountEffects (http://localhost:4200/node_modules/.vite/deps/react-dom_client.js?v=76b7a7d5:7606:5) {"componentStack":"\n    at AuthProvider (http://localhost:4200/src/context/AuthContext.tsx:8:32)\n    at App (<anonymous>)\n    at Router (http://localhost:4200/node_modules/.vite/deps/react-router-dom.js?v=76b7a7d5:4774:29)\n    at BrowserRouter (http://localhost:4200/node_modules/.vite/deps/react-router-dom.js?v=76b7a7d5:7216:26)\n    at ErrorBoundary (http://localhost:4200/src/components/ErrorBoundary.tsx:6:3)"}
[2m9:56:25 PM[22m [31m[1m[vite][22m[39m [31m[2m(client)[22m[39m [2m[console.error] [22mSyntaxError: "undefined" is not valid JSON
    at JSON.parse (<anonymous>)
    at http://localhost:4200/src/context/AuthContext.tsx:16:17
    at Object.react_stack_bottom_frame (http://localhost:4200/node_modules/.vite/deps/react-dom_client.js?v=76b7a7d5:12902:13)
    at runWithFiberInDEV (http://localhost:4200/node_modules/.vite/deps/react-dom_client.js?v=76b7a7d5:851:66)
    at commitHookEffectListMount (http://localhost:4200/node_modules/.vite/deps/react-dom_client.js?v=76b7a7d5:6617:153)
    at commitHookPassiveMountEffects (http://localhost:4200/node_modules/.vite/deps/react-dom_client.js?v=76b7a7d5:6652:55)
    at reconnectPassiveEffects (http://localhost:4200/node_modules/.vite/deps/react-dom_client.js?v=76b7a7d5:7701:6)
    at recursivelyTraverseReconnectPassiveEffects (http://localhost:4200/node_modules/.vite/deps/react-dom_client.js?v=76b7a7d5:7688:5)
    at reconnectPassiveEffects (http://localhost:4200/node_modules/.vite/deps/react-dom_client.js?v=76b7a7d5:7700:6)
    at recursivelyTraverseReconnectPassiveEffects (http://localhost:4200/node_modules/.vite/deps/react-dom_client.js?v=76b7a7d5:7688:5)

The above error occurred in the <AuthProvider> component.

React will try to recreate this component tree from scratch using the error boundary you provided, ErrorBoundary.

[2m9:56:25 PM[22m [31m[1m[vite][22m[39m [31m[2m(client)[22m[39m [2m[console.error] [22mErrorBoundary caught: SyntaxError: "undefined" is not valid JSON
    at JSON.parse (<anonymous>)
    at http://localhost:4200/src/context/AuthContext.tsx:16:17
    at Object.react_stack_bottom_frame (http://localhost:4200/node_modules/.vite/deps/react-dom_client.js?v=76b7a7d5:12902:13)
    at runWithFiberInDEV (http://localhost:4200/node_modules/.vite/deps/react-dom_client.js?v=76b7a7d5:851:66)
    at commitHookEffectListMount (http://localhost:4200/node_modules/.vite/deps/react-dom_client.js?v=76b7a7d5:6617:153)
    at commitHookPassiveMountEffects (http://localhost:4200/node_modules/.vite/deps/react-dom_client.js?v=76b7a7d5:6652:55)
    at reconnectPassiveEffects (http://localhost:4200/node_modules/.vite/deps/react-dom_client.js?v=76b7a7d5:7701:6)
    at recursivelyTraverseReconnectPassiveEffects (http://localhost:4200/node_modules/.vite/deps/react-dom_client.js?v=76b7a7d5:7688:5)
    at reconnectPassiveEffects (http://localhost:4200/node_modules/.vite/deps/react-dom_client.js?v=76b7a7d5:7700:6)
    at recursivelyTraverseReconnectPassiveEffects (http://localhost:4200/node_modules/.vite/deps/react-dom_client.js?v=76b7a7d5:7688:5) {"componentStack":"\n    at AuthProvider (http://localhost:4200/src/context/AuthContext.tsx:8:32)\n    at App (<anonymous>)\n    at Router (http://localhost:4200/node_modules/.vite/deps/react-router-dom.js?v=76b7a7d5:4774:29)\n    at BrowserRouter (http://localhost:4200/node_modules/.vite/deps/react-router-dom.js?v=76b7a7d5:7216:26)\n    at ErrorBoundary (http://localhost:4200/src/components/ErrorBoundary.tsx:6:3)"}
[2m9:56:26 PM[22m [31m[1m[vite][22m[39m [31m[2m(client)[22m[39m [2m[console.error] [22mSyntaxError: "undefined" is not valid JSON
    at JSON.parse (<anonymous>)
    at http://localhost:4200/src/context/AuthContext.tsx:16:17
    at Object.react_stack_bottom_frame (http://localhost:4200/node_modules/.vite/deps/react-dom_client.js?v=76b7a7d5:12902:13)
    at runWithFiberInDEV (http://localhost:4200/node_modules/.vite/deps/react-dom_client.js?v=76b7a7d5:851:66)
    at commitHookEffectListMount (http://localhost:4200/node_modules/.vite/deps/react-dom_client.js?v=76b7a7d5:6617:153)
    at commitHookPassiveMountEffects (http://localhost:4200/node_modules/.vite/deps/react-dom_client.js?v=76b7a7d5:6652:55)
    at commitPassiveMountOnFiber (http://localhost:4200/node_modules/.vite/deps/react-dom_client.js?v=76b7a7d5:7618:22)
    at recursivelyTraversePassiveMountEffects (http://localhost:4200/node_modules/.vite/deps/react-dom_client.js?v=76b7a7d5:7606:5)
    at commitPassiveMountOnFiber (http://localhost:4200/node_modules/.vite/deps/react-dom_client.js?v=76b7a7d5:7617:6)
    at recursivelyTraversePassiveMountEffects (http://localhost:4200/node_modules/.vite/deps/react-dom_client.js?v=76b7a7d5:7606:5)

The above error occurred in the <AuthProvider> component.

React will try to recreate this component tree from scratch using the error boundary you provided, ErrorBoundary.

[2m9:56:26 PM[22m [31m[1m[vite][22m[39m [31m[2m(client)[22m[39m [2m[console.error] [22mErrorBoundary caught: SyntaxError: "undefined" is not valid JSON
    at JSON.parse (<anonymous>)
    at http://localhost:4200/src/context/AuthContext.tsx:16:17
    at Object.react_stack_bottom_frame (http://localhost:4200/node_modules/.vite/deps/react-dom_client.js?v=76b7a7d5:12902:13)
    at runWithFiberInDEV (http://localhost:4200/node_modules/.vite/deps/react-dom_client.js?v=76b7a7d5:851:66)
    at commitHookEffectListMount (http://localhost:4200/node_modules/.vite/deps/react-dom_client.js?v=76b7a7d5:6617:153)
    at commitHookPassiveMountEffects (http://localhost:4200/node_modules/.vite/deps/react-dom_client.js?v=76b7a7d5:6652:55)
    at commitPassiveMountOnFiber (http://localhost:4200/node_modules/.vite/deps/react-dom_client.js?v=76b7a7d5:7618:22)
    at recursivelyTraversePassiveMountEffects (http://localhost:4200/node_modules/.vite/deps/react-dom_client.js?v=76b7a7d5:7606:5)
    at commitPassiveMountOnFiber (http://localhost:4200/node_modules/.vite/deps/react-dom_client.js?v=76b7a7d5:7617:6)
    at recursivelyTraversePassiveMountEffects (http://localhost:4200/node_modules/.vite/deps/react-dom_client.js?v=76b7a7d5:7606:5) {"componentStack":"\n    at AuthProvider (http://localhost:4200/src/context/AuthContext.tsx:8:32)\n    at App (<anonymous>)\n    at Router (http://localhost:4200/node_modules/.vite/deps/react-router-dom.js?v=76b7a7d5:4774:29)\n    at BrowserRouter (http://localhost:4200/node_modules/.vite/deps/react-router-dom.js?v=76b7a7d5:7216:26)\n    at ErrorBoundary (http://localhost:4200/src/components/ErrorBoundary.tsx:6:3)"}
[2m9:56:26 PM[22m [31m[1m[vite][22m[39m [31m[2m(client)[22m[39m [2m[console.error] [22mSyntaxError: "undefined" is not valid JSON
    at JSON.parse (<anonymous>)
    at http://localhost:4200/src/context/AuthContext.tsx:16:17
    at Object.react_stack_bottom_frame (http://localhost:4200/node_modules/.vite/deps/react-dom_client.js?v=76b7a7d5:12902:13)
    at runWithFiberInDEV (http://localhost:4200/node_modules/.vite/deps/react-dom_client.js?v=76b7a7d5:851:66)
    at commitHookEffectListMount (http://localhost:4200/node_modules/.vite/deps/react-dom_client.js?v=76b7a7d5:6617:153)
    at commitHookPassiveMountEffects (http://localhost:4200/node_modules/.vite/deps/react-dom_client.js?v=76b7a7d5:6652:55)
    at reconnectPassiveEffects (http://localhost:4200/node_modules/.vite/deps/react-dom_client.js?v=76b7a7d5:7701:6)
    at recursivelyTraverseReconnectPassiveEffects (http://localhost:4200/node_modules/.vite/deps/react-dom_client.js?v=76b7a7d5:7688:5)
    at reconnectPassiveEffects (http://localhost:4200/node_modules/.vite/deps/react-dom_client.js?v=76b7a7d5:7700:6)
    at recursivelyTraverseReconnectPassiveEffects (http://localhost:4200/node_modules/.vite/deps/react-dom_client.js?v=76b7a7d5:7688:5)

The above error occurred in the <AuthProvider> component.

React will try to recreate this component tree from scratch using the error boundary you provided, ErrorBoundary.

[2m9:56:26 PM[22m [31m[1m[vite][22m[39m [31m[2m(client)[22m[39m [2m[console.error] [22mErrorBoundary caught: SyntaxError: "undefined" is not valid JSON
    at JSON.parse (<anonymous>)
    at http://localhost:4200/src/context/AuthContext.tsx:16:17
    at Object.react_stack_bottom_frame (http://localhost:4200/node_modules/.vite/deps/react-dom_client.js?v=76b7a7d5:12902:13)
    at runWithFiberInDEV (http://localhost:4200/node_modules/.vite/deps/react-dom_client.js?v=76b7a7d5:851:66)
    at commitHookEffectListMount (http://localhost:4200/node_modules/.vite/deps/react-dom_client.js?v=76b7a7d5:6617:153)
    at commitHookPassiveMountEffects (http://localhost:4200/node_modules/.vite/deps/react-dom_client.js?v=76b7a7d5:6652:55)
    at reconnectPassiveEffects (http://localhost:4200/node_modules/.vite/deps/react-dom_client.js?v=76b7a7d5:7701:6)
    at recursivelyTraverseReconnectPassiveEffects (http://localhost:4200/node_modules/.vite/deps/react-dom_client.js?v=76b7a7d5:7688:5)
    at reconnectPassiveEffects (http://localhost:4200/node_modules/.vite/deps/react-dom_client.js?v=76b7a7d5:7700:6)
    at recursivelyTraverseReconnectPassiveEffects (http://localhost:4200/node_modules/.vite/deps/react-dom_client.js?v=76b7a7d5:7688:5) {"componentStack":"\n    at AuthProvider (http://localhost:4200/src/context/AuthContext.tsx:8:32)\n    at App (<anonymous>)\n    at Router (http://localhost:4200/node_modules/.vite/deps/react-router-dom.js?v=76b7a7d5:4774:29)\n    at BrowserRouter (http://localhost:4200/node_modules/.vite/deps/react-router-dom.js?v=76b7a7d5:7216:26)\n    at ErrorBoundary (http://localhost:4200/src/components/ErrorBoundary.tsx:6:3)"}
[2m9:56:27 PM[22m [31m[1m[vite][22m[39m [31m[2m(client)[22m[39m [2m[console.error] [22mSyntaxError: "undefined" is not valid JSON
    at JSON.parse (<anonymous>)
    at http://localhost:4200/src/context/AuthContext.tsx:16:17
    at Object.react_stack_bottom_frame (http://localhost:4200/node_modules/.vite/deps/react-dom_client.js?v=76b7a7d5:12902:13)
    at runWithFiberInDEV (http://localhost:4200/node_modules/.vite/deps/react-dom_client.js?v=76b7a7d5:851:66)
    at commitHookEffectListMount (http://localhost:4200/node_modules/.vite/deps/react-dom_client.js?v=76b7a7d5:6617:153)
    at commitHookPassiveMountEffects (http://localhost:4200/node_modules/.vite/deps/react-dom_client.js?v=76b7a7d5:6652:55)
    at commitPassiveMountOnFiber (http://localhost:4200/node_modules/.vite/deps/react-dom_client.js?v=76b7a7d5:7618:22)
    at recursivelyTraversePassiveMountEffects (http://localhost:4200/node_modules/.vite/deps/react-dom_client.js?v=76b7a7d5:7606:5)
    at commitPassiveMountOnFiber (http://localhost:4200/node_modules/.vite/deps/react-dom_client.js?v=76b7a7d5:7617:6)
    at recursivelyTraversePassiveMountEffects (http://localhost:4200/node_modules/.vite/deps/react-dom_client.js?v=76b7a7d5:7606:5)

The above error occurred in the <AuthProvider> component.

React will try to recreate this component tree from scratch using the error boundary you provided, ErrorBoundary.

[2m9:56:27 PM[22m [31m[1m[vite][22m[39m [31m[2m(client)[22m[39m [2m[console.error] [22mErrorBoundary caught: SyntaxError: "undefined" is not valid JSON
    at JSON.parse (<anonymous>)
    at http://localhost:4200/src/context/AuthContext.tsx:16:17
    at Object.react_stack_bottom_frame (http://localhost:4200/node_modules/.vite/deps/react-dom_client.js?v=76b7a7d5:12902:13)
    at runWithFiberInDEV (http://localhost:4200/node_modules/.vite/deps/react-dom_client.js?v=76b7a7d5:851:66)
    at commitHookEffectListMount (http://localhost:4200/node_modules/.vite/deps/react-dom_client.js?v=76b7a7d5:6617:153)
    at commitHookPassiveMountEffects (http://localhost:4200/node_modules/.vite/deps/react-dom_client.js?v=76b7a7d5:6652:55)
    at commitPassiveMountOnFiber (http://localhost:4200/node_modules/.vite/deps/react-dom_client.js?v=76b7a7d5:7618:22)
    at recursivelyTraversePassiveMountEffects (http://localhost:4200/node_modules/.vite/deps/react-dom_client.js?v=76b7a7d5:7606:5)
    at commitPassiveMountOnFiber (http://localhost:4200/node_modules/.vite/deps/react-dom_client.js?v=76b7a7d5:7617:6)
    at recursivelyTraversePassiveMountEffects (http://localhost:4200/node_modules/.vite/deps/react-dom_client.js?v=76b7a7d5:7606:5) {"componentStack":"\n    at AuthProvider (http://localhost:4200/src/context/AuthContext.tsx:8:32)\n    at App (<anonymous>)\n    at Router (http://localhost:4200/node_modules/.vite/deps/react-router-dom.js?v=76b7a7d5:4774:29)\n    at BrowserRouter (http://localhost:4200/node_modules/.vite/deps/react-router-dom.js?v=76b7a7d5:7216:26)\n    at ErrorBoundary (http://localhost:4200/src/components/ErrorBoundary.tsx:6:3)"}
[2m9:56:27 PM[22m [31m[1m[vite][22m[39m [31m[2m(client)[22m[39m [2m[console.error] [22mSyntaxError: "undefined" is not valid JSON
    at JSON.parse (<anonymous>)
    at http://localhost:4200/src/context/AuthContext.tsx:16:17
    at Object.react_stack_bottom_frame (http://localhost:4200/node_modules/.vite/deps/react-dom_client.js?v=76b7a7d5:12902:13)
    at runWithFiberInDEV (http://localhost:4200/node_modules/.vite/deps/react-dom_client.js?v=76b7a7d5:851:66)
    at commitHookEffectListMount (http://localhost:4200/node_modules/.vite/deps/react-dom_client.js?v=76b7a7d5:6617:153)
    at commitHookPassiveMountEffects (http://localhost:4200/node_modules/.vite/deps/react-dom_client.js?v=76b7a7d5:6652:55)
    at reconnectPassiveEffects (http://localhost:4200/node_modules/.vite/deps/react-dom_client.js?v=76b7a7d5:7701:6)
    at recursivelyTraverseReconnectPassiveEffects (http://localhost:4200/node_modules/.vite/deps/react-dom_client.js?v=76b7a7d5:7688:5)
    at reconnectPassiveEffects (http://localhost:4200/node_modules/.vite/deps/react-dom_client.js?v=76b7a7d5:7700:6)
    at recursivelyTraverseReconnectPassiveEffects (http://localhost:4200/node_modules/.vite/deps/react-dom_client.js?v=76b7a7d5:7688:5)

The above error occurred in the <AuthProvider> component.

React will try to recreate this component tree from scratch using the error boundary you provided, ErrorBoundary.

[2m9:56:27 PM[22m [31m[1m[vite][22m[39m [31m[2m(client)[22m[39m [2m[console.error] [22mErrorBoundary caught: SyntaxError: "undefined" is not valid JSON
    at JSON.parse (<anonymous>)
    at http://localhost:4200/src/context/AuthContext.tsx:16:17
    at Object.react_stack_bottom_frame (http://localhost:4200/node_modules/.vite/deps/react-dom_client.js?v=76b7a7d5:12902:13)
    at runWithFiberInDEV (http://localhost:4200/node_modules/.vite/deps/react-dom_client.js?v=76b7a7d5:851:66)
    at commitHookEffectListMount (http://localhost:4200/node_modules/.vite/deps/react-dom_client.js?v=76b7a7d5:6617:153)
    at commitHookPassiveMountEffects (http://localhost:4200/node_modules/.vite/deps/react-dom_client.js?v=76b7a7d5:6652:55)
    at reconnectPassiveEffects (http://localhost:4200/node_modules/.vite/deps/react-dom_client.js?v=76b7a7d5:7701:6)
    at recursivelyTraverseReconnectPassiveEffects (http://localhost:4200/node_modules/.vite/deps/react-dom_client.js?v=76b7a7d5:7688:5)
    at reconnectPassiveEffects (http://localhost:4200/node_modules/.vite/deps/react-dom_client.js?v=76b7a7d5:7700:6)
    at recursivelyTraverseReconnectPassiveEffects (http://localhost:4200/node_modules/.vite/deps/react-dom_client.js?v=76b7a7d5:7688:5) {"componentStack":"\n    at AuthProvider (http://localhost:4200/src/context/AuthContext.tsx:8:32)\n    at App (<anonymous>)\n    at Router (http://localhost:4200/node_modules/.vite/deps/react-router-dom.js?v=76b7a7d5:4774:29)\n    at BrowserRouter (http://localhost:4200/node_modules/.vite/deps/react-router-dom.js?v=76b7a7d5:7216:26)\n    at ErrorBoundary (http://localhost:4200/src/components/ErrorBoundary.tsx:6:3)"}
[2m9:56:28 PM[22m [31m[1m[vite][22m[39m [31m[2m(client)[22m[39m [2m[console.error] [22mSyntaxError: "undefined" is not valid JSON
    at JSON.parse (<anonymous>)
    at http://localhost:4200/src/context/AuthContext.tsx:16:17
    at Object.react_stack_bottom_frame (http://localhost:4200/node_modules/.vite/deps/react-dom_client.js?v=76b7a7d5:12902:13)
    at runWithFiberInDEV (http://localhost:4200/node_modules/.vite/deps/react-dom_client.js?v=76b7a7d5:851:66)
    at commitHookEffectListMount (http://localhost:4200/node_modules/.vite/deps/react-dom_client.js?v=76b7a7d5:6617:153)
    at commitHookPassiveMountEffects (http://localhost:4200/node_modules/.vite/deps/react-dom_client.js?v=76b7a7d5:6652:55)
    at commitPassiveMountOnFiber (http://localhost:4200/node_modules/.vite/deps/react-dom_client.js?v=76b7a7d5:7618:22)
    at recursivelyTraversePassiveMountEffects (http://localhost:4200/node_modules/.vite/deps/react-dom_client.js?v=76b7a7d5:7606:5)
    at commitPassiveMountOnFiber (http://localhost:4200/node_modules/.vite/deps/react-dom_client.js?v=76b7a7d5:7617:6)
    at recursivelyTraversePassiveMountEffects (http://localhost:4200/node_modules/.vite/deps/react-dom_client.js?v=76b7a7d5:7606:5)

The above error occurred in the <AuthProvider> component.

React will try to recreate this component tree from scratch using the error boundary you provided, ErrorBoundary.

[2m9:56:28 PM[22m [31m[1m[vite][22m[39m [31m[2m(client)[22m[39m [2m[console.error] [22mErrorBoundary caught: SyntaxError: "undefined" is not valid JSON
    at JSON.parse (<anonymous>)
    at http://localhost:4200/src/context/AuthContext.tsx:16:17
    at Object.react_stack_bottom_frame (http://localhost:4200/node_modules/.vite/deps/react-dom_client.js?v=76b7a7d5:12902:13)
    at runWithFiberInDEV (http://localhost:4200/node_modules/.vite/deps/react-dom_client.js?v=76b7a7d5:851:66)
    at commitHookEffectListMount (http://localhost:4200/node_modules/.vite/deps/react-dom_client.js?v=76b7a7d5:6617:153)
    at commitHookPassiveMountEffects (http://localhost:4200/node_modules/.vite/deps/react-dom_client.js?v=76b7a7d5:6652:55)
    at commitPassiveMountOnFiber (http://localhost:4200/node_modules/.vite/deps/react-dom_client.js?v=76b7a7d5:7618:22)
    at recursivelyTraversePassiveMountEffects (http://localhost:4200/node_modules/.vite/deps/react-dom_client.js?v=76b7a7d5:7606:5)
    at commitPassiveMountOnFiber (http://localhost:4200/node_modules/.vite/deps/react-dom_client.js?v=76b7a7d5:7617:6)
    at recursivelyTraversePassiveMountEffects (http://localhost:4200/node_modules/.vite/deps/react-dom_client.js?v=76b7a7d5:7606:5) {"componentStack":"\n    at AuthProvider (http://localhost:4200/src/context/AuthContext.tsx:8:32)\n    at App (<anonymous>)\n    at Router (http://localhost:4200/node_modules/.vite/deps/react-router-dom.js?v=76b7a7d5:4774:29)\n    at BrowserRouter (http://localhost:4200/node_modules/.vite/deps/react-router-dom.js?v=76b7a7d5:7216:26)\n    at ErrorBoundary (http://localhost:4200/src/components/ErrorBoundary.tsx:6:3)"}
[2m9:56:28 PM[22m [31m[1m[vite][22m[39m [31m[2m(client)[22m[39m [2m[console.error] [22mSyntaxError: "undefined" is not valid JSON
    at JSON.parse (<anonymous>)
    at http://localhost:4200/src/context/AuthContext.tsx:16:17
    at Object.react_stack_bottom_frame (http://localhost:4200/node_modules/.vite/deps/react-dom_client.js?v=76b7a7d5:12902:13)
    at runWithFiberInDEV (http://localhost:4200/node_modules/.vite/deps/react-dom_client.js?v=76b7a7d5:851:66)
    at commitHookEffectListMount (http://localhost:4200/node_modules/.vite/deps/react-dom_client.js?v=76b7a7d5:6617:153)
    at commitHookPassiveMountEffects (http://localhost:4200/node_modules/.vite/deps/react-dom_client.js?v=76b7a7d5:6652:55)
    at reconnectPassiveEffects (http://localhost:4200/node_modules/.vite/deps/react-dom_client.js?v=76b7a7d5:7701:6)
    at recursivelyTraverseReconnectPassiveEffects (http://localhost:4200/node_modules/.vite/deps/react-dom_client.js?v=76b7a7d5:7688:5)
    at reconnectPassiveEffects (http://localhost:4200/node_modules/.vite/deps/react-dom_client.js?v=76b7a7d5:7700:6)
    at recursivelyTraverseReconnectPassiveEffects (http://localhost:4200/node_modules/.vite/deps/react-dom_client.js?v=76b7a7d5:7688:5)

The above error occurred in the <AuthProvider> component.

React will try to recreate this component tree from scratch using the error boundary you provided, ErrorBoundary.

[2m9:56:28 PM[22m [31m[1m[vite][22m[39m [31m[2m(client)[22m[39m [2m[console.error] [22mErrorBoundary caught: SyntaxError: "undefined" is not valid JSON
    at JSON.parse (<anonymous>)
    at http://localhost:4200/src/context/AuthContext.tsx:16:17
    at Object.react_stack_bottom_frame (http://localhost:4200/node_modules/.vite/deps/react-dom_client.js?v=76b7a7d5:12902:13)
    at runWithFiberInDEV (http://localhost:4200/node_modules/.vite/deps/react-dom_client.js?v=76b7a7d5:851:66)
    at commitHookEffectListMount (http://localhost:4200/node_modules/.vite/deps/react-dom_client.js?v=76b7a7d5:6617:153)
    at commitHookPassiveMountEffects (http://localhost:4200/node_modules/.vite/deps/react-dom_client.js?v=76b7a7d5:6652:55)
    at reconnectPassiveEffects (http://localhost:4200/node_modules/.vite/deps/react-dom_client.js?v=76b7a7d5:7701:6)
    at recursivelyTraverseReconnectPassiveEffects (http://localhost:4200/node_modules/.vite/deps/react-dom_client.js?v=76b7a7d5:7688:5)
    at reconnectPassiveEffects (http://localhost:4200/node_modules/.vite/deps/react-dom_client.js?v=76b7a7d5:7700:6)
    at recursivelyTraverseReconnectPassiveEffects (http://localhost:4200/node_modules/.vite/deps/react-dom_client.js?v=76b7a7d5:7688:5) {"componentStack":"\n    at AuthProvider (http://localhost:4200/src/context/AuthContext.tsx:8:32)\n    at App (<anonymous>)\n    at Router (http://localhost:4200/node_modules/.vite/deps/react-router-dom.js?v=76b7a7d5:4774:29)\n    at BrowserRouter (http://localhost:4200/node_modules/.vite/deps/react-router-dom.js?v=76b7a7d5:7216:26)\n    at ErrorBoundary (http://localhost:4200/src/components/ErrorBoundary.tsx:6:3)"}
[2m9:56:29 PM[22m [31m[1m[vite][22m[39m [31m[2m(client)[22m[39m [2m[console.error] [22mSyntaxError: "undefined" is not valid JSON
    at JSON.parse (<anonymous>)
    at http://localhost:4200/src/context/AuthContext.tsx:16:17
    at Object.react_stack_bottom_frame (http://localhost:4200/node_modules/.vite/deps/react-dom_client.js?v=76b7a7d5:12902:13)
    at runWithFiberInDEV (http://localhost:4200/node_modules/.vite/deps/react-dom_client.js?v=76b7a7d5:851:66)
    at commitHookEffectListMount (http://localhost:4200/node_modules/.vite/deps/react-dom_client.js?v=76b7a7d5:6617:153)
    at commitHookPassiveMountEffects (http://localhost:4200/node_modules/.vite/deps/react-dom_client.js?v=76b7a7d5:6652:55)
    at commitPassiveMountOnFiber (http://localhost:4200/node_modules/.vite/deps/react-dom_client.js?v=76b7a7d5:7618:22)
    at recursivelyTraversePassiveMountEffects (http://localhost:4200/node_modules/.vite/deps/react-dom_client.js?v=76b7a7d5:7606:5)
    at commitPassiveMountOnFiber (http://localhost:4200/node_modules/.vite/deps/react-dom_client.js?v=76b7a7d5:7617:6)
    at recursivelyTraversePassiveMountEffects (http://localhost:4200/node_modules/.vite/deps/react-dom_client.js?v=76b7a7d5:7606:5)

The above error occurred in the <AuthProvider> component.

React will try to recreate this component tree from scratch using the error boundary you provided, ErrorBoundary.

[2m9:56:29 PM[22m [31m[1m[vite][22m[39m [31m[2m(client)[22m[39m [2m[console.error] [22mErrorBoundary caught: SyntaxError: "undefined" is not valid JSON
    at JSON.parse (<anonymous>)
    at http://localhost:4200/src/context/AuthContext.tsx:16:17
    at Object.react_stack_bottom_frame (http://localhost:4200/node_modules/.vite/deps/react-dom_client.js?v=76b7a7d5:12902:13)
    at runWithFiberInDEV (http://localhost:4200/node_modules/.vite/deps/react-dom_client.js?v=76b7a7d5:851:66)
    at commitHookEffectListMount (http://localhost:4200/node_modules/.vite/deps/react-dom_client.js?v=76b7a7d5:6617:153)
    at commitHookPassiveMountEffects (http://localhost:4200/node_modules/.vite/deps/react-dom_client.js?v=76b7a7d5:6652:55)
    at commitPassiveMountOnFiber (http://localhost:4200/node_modules/.vite/deps/react-dom_client.js?v=76b7a7d5:7618:22)
    at recursivelyTraversePassiveMountEffects (http://localhost:4200/node_modules/.vite/deps/react-dom_client.js?v=76b7a7d5:7606:5)
    at commitPassiveMountOnFiber (http://localhost:4200/node_modules/.vite/deps/react-dom_client.js?v=76b7a7d5:7617:6)
    at recursivelyTraversePassiveMountEffects (http://localhost:4200/node_modules/.vite/deps/react-dom_client.js?v=76b7a7d5:7606:5) {"componentStack":"\n    at AuthProvider (http://localhost:4200/src/context/AuthContext.tsx:8:32)\n    at App (<anonymous>)\n    at Router (http://localhost:4200/node_modules/.vite/deps/react-router-dom.js?v=76b7a7d5:4774:29)\n    at BrowserRouter (http://localhost:4200/node_modules/.vite/deps/react-router-dom.js?v=76b7a7d5:7216:26)\n    at ErrorBoundary (http://localhost:4200/src/components/ErrorBoundary.tsx:6:3)"}
[2m9:56:29 PM[22m [31m[1m[vite][22m[39m [31m[2m(client)[22m[39m [2m[console.error] [22mSyntaxError: "undefined" is not valid JSON
    at JSON.parse (<anonymous>)
    at http://localhost:4200/src/context/AuthContext.tsx:16:17
    at Object.react_stack_bottom_frame (http://localhost:4200/node_modules/.vite/deps/react-dom_client.js?v=76b7a7d5:12902:13)
    at runWithFiberInDEV (http://localhost:4200/node_modules/.vite/deps/react-dom_client.js?v=76b7a7d5:851:66)
    at commitHookEffectListMount (http://localhost:4200/node_modules/.vite/deps/react-dom_client.js?v=76b7a7d5:6617:153)
    at commitHookPassiveMountEffects (http://localhost:4200/node_modules/.vite/deps/react-dom_client.js?v=76b7a7d5:6652:55)
    at reconnectPassiveEffects (http://localhost:4200/node_modules/.vite/deps/react-dom_client.js?v=76b7a7d5:7701:6)
    at recursivelyTraverseReconnectPassiveEffects (http://localhost:4200/node_modules/.vite/deps/react-dom_client.js?v=76b7a7d5:7688:5)
    at reconnectPassiveEffects (http://localhost:4200/node_modules/.vite/deps/react-dom_client.js?v=76b7a7d5:7700:6)
    at recursivelyTraverseReconnectPassiveEffects (http://localhost:4200/node_modules/.vite/deps/react-dom_client.js?v=76b7a7d5:7688:5)

The above error occurred in the <AuthProvider> component.

React will try to recreate this component tree from scratch using the error boundary you provided, ErrorBoundary.

[2m9:56:29 PM[22m [31m[1m[vite][22m[39m [31m[2m(client)[22m[39m [2m[console.error] [22mErrorBoundary caught: SyntaxError: "undefined" is not valid JSON
    at JSON.parse (<anonymous>)
    at http://localhost:4200/src/context/AuthContext.tsx:16:17
    at Object.react_stack_bottom_frame (http://localhost:4200/node_modules/.vite/deps/react-dom_client.js?v=76b7a7d5:12902:13)
    at runWithFiberInDEV (http://localhost:4200/node_modules/.vite/deps/react-dom_client.js?v=76b7a7d5:851:66)
    at commitHookEffectListMount (http://localhost:4200/node_modules/.vite/deps/react-dom_client.js?v=76b7a7d5:6617:153)
    at commitHookPassiveMountEffects (http://localhost:4200/node_modules/.vite/deps/react-dom_client.js?v=76b7a7d5:6652:55)
    at reconnectPassiveEffects (http://localhost:4200/node_modules/.vite/deps/react-dom_client.js?v=76b7a7d5:7701:6)
    at recursivelyTraverseReconnectPassiveEffects (http://localhost:4200/node_modules/.vite/deps/react-dom_client.js?v=76b7a7d5:7688:5)
    at reconnectPassiveEffects (http://localhost:4200/node_modules/.vite/deps/react-dom_client.js?v=76b7a7d5:7700:6)
    at recursivelyTraverseReconnectPassiveEffects (http://localhost:4200/node_modules/.vite/deps/react-dom_client.js?v=76b7a7d5:7688:5) {"componentStack":"\n    at AuthProvider (http://localhost:4200/src/context/AuthContext.tsx:8:32)\n    at App (<anonymous>)\n    at Router (http://localhost:4200/node_modules/.vite/deps/react-router-dom.js?v=76b7a7d5:4774:29)\n    at BrowserRouter (http://localhost:4200/node_modules/.vite/deps/react-router-dom.js?v=76b7a7d5:7216:26)\n    at ErrorBoundary (http://localhost:4200/src/components/ErrorBoundary.tsx:6:3)"}
[2m9:56:30 PM[22m [31m[1m[vite][22m[39m [31m[2m(client)[22m[39m [2m[console.error] [22mSyntaxError: "undefined" is not valid JSON
    at JSON.parse (<anonymous>)
    at http://localhost:4200/src/context/AuthContext.tsx:16:17
    at Object.react_stack_bottom_frame (http://localhost:4200/node_modules/.vite/deps/react-dom_client.js?v=76b7a7d5:12902:13)
    at runWithFiberInDEV (http://localhost:4200/node_modules/.vite/deps/react-dom_client.js?v=76b7a7d5:851:66)
    at commitHookEffectListMount (http://localhost:4200/node_modules/.vite/deps/react-dom_client.js?v=76b7a7d5:6617:153)
    at commitHookPassiveMountEffects (http://localhost:4200/node_modules/.vite/deps/react-dom_client.js?v=76b7a7d5:6652:55)
    at commitPassiveMountOnFiber (http://localhost:4200/node_modules/.vite/deps/react-dom_client.js?v=76b7a7d5:7618:22)
    at recursivelyTraversePassiveMountEffects (http://localhost:4200/node_modules/.vite/deps/react-dom_client.js?v=76b7a7d5:7606:5)
    at commitPassiveMountOnFiber (http://localhost:4200/node_modules/.vite/deps/react-dom_client.js?v=76b7a7d5:7617:6)
    at recursivelyTraversePassiveMountEffects (http://localhost:4200/node_modules/.vite/deps/react-dom_client.js?v=76b7a7d5:7606:5)

The above error occurred in the <AuthProvider> component.

React will try to recreate this component tree from scratch using the error boundary you provided, ErrorBoundary.

[2m9:56:30 PM[22m [31m[1m[vite][22m[39m [31m[2m(client)[22m[39m [2m[console.error] [22mErrorBoundary caught: SyntaxError: "undefined" is not valid JSON
    at JSON.parse (<anonymous>)
    at http://localhost:4200/src/context/AuthContext.tsx:16:17
    at Object.react_stack_bottom_frame (http://localhost:4200/node_modules/.vite/deps/react-dom_client.js?v=76b7a7d5:12902:13)
    at runWithFiberInDEV (http://localhost:4200/node_modules/.vite/deps/react-dom_client.js?v=76b7a7d5:851:66)
    at commitHookEffectListMount (http://localhost:4200/node_modules/.vite/deps/react-dom_client.js?v=76b7a7d5:6617:153)
    at commitHookPassiveMountEffects (http://localhost:4200/node_modules/.vite/deps/react-dom_client.js?v=76b7a7d5:6652:55)
    at commitPassiveMountOnFiber (http://localhost:4200/node_modules/.vite/deps/react-dom_client.js?v=76b7a7d5:7618:22)
    at recursivelyTraversePassiveMountEffects (http://localhost:4200/node_modules/.vite/deps/react-dom_client.js?v=76b7a7d5:7606:5)
    at commitPassiveMountOnFiber (http://localhost:4200/node_modules/.vite/deps/react-dom_client.js?v=76b7a7d5:7617:6)
    at recursivelyTraversePassiveMountEffects (http://localhost:4200/node_modules/.vite/deps/react-dom_client.js?v=76b7a7d5:7606:5) {"componentStack":"\n    at AuthProvider (http://localhost:4200/src/context/AuthContext.tsx:8:32)\n    at App (<anonymous>)\n    at Router (http://localhost:4200/node_modules/.vite/deps/react-router-dom.js?v=76b7a7d5:4774:29)\n    at BrowserRouter (http://localhost:4200/node_modules/.vite/deps/react-router-dom.js?v=76b7a7d5:7216:26)\n    at ErrorBoundary (http://localhost:4200/src/components/ErrorBoundary.tsx:6:3)"}
[2m9:56:30 PM[22m [31m[1m[vite][22m[39m [31m[2m(client)[22m[39m [2m[console.error] [22mSyntaxError: "undefined" is not valid JSON
    at JSON.parse (<anonymous>)
    at http://localhost:4200/src/context/AuthContext.tsx:16:17
    at Object.react_stack_bottom_frame (http://localhost:4200/node_modules/.vite/deps/react-dom_client.js?v=76b7a7d5:12902:13)
    at runWithFiberInDEV (http://localhost:4200/node_modules/.vite/deps/react-dom_client.js?v=76b7a7d5:851:66)
    at commitHookEffectListMount (http://localhost:4200/node_modules/.vite/deps/react-dom_client.js?v=76b7a7d5:6617:153)
    at commitHookPassiveMountEffects (http://localhost:4200/node_modules/.vite/deps/react-dom_client.js?v=76b7a7d5:6652:55)
    at reconnectPassiveEffects (http://localhost:4200/node_modules/.vite/deps/react-dom_client.js?v=76b7a7d5:7701:6)
    at recursivelyTraverseReconnectPassiveEffects (http://localhost:4200/node_modules/.vite/deps/react-dom_client.js?v=76b7a7d5:7688:5)
    at reconnectPassiveEffects (http://localhost:4200/node_modules/.vite/deps/react-dom_client.js?v=76b7a7d5:7700:6)
    at recursivelyTraverseReconnectPassiveEffects (http://localhost:4200/node_modules/.vite/deps/react-dom_client.js?v=76b7a7d5:7688:5)

The above error occurred in the <AuthProvider> component.

React will try to recreate this component tree from scratch using the error boundary you provided, ErrorBoundary.

[2m9:56:30 PM[22m [31m[1m[vite][22m[39m [31m[2m(client)[22m[39m [2m[console.error] [22mErrorBoundary caught: SyntaxError: "undefined" is not valid JSON
    at JSON.parse (<anonymous>)
    at http://localhost:4200/src/context/AuthContext.tsx:16:17
    at Object.react_stack_bottom_frame (http://localhost:4200/node_modules/.vite/deps/react-dom_client.js?v=76b7a7d5:12902:13)
    at runWithFiberInDEV (http://localhost:4200/node_modules/.vite/deps/react-dom_client.js?v=76b7a7d5:851:66)
    at commitHookEffectListMount (http://localhost:4200/node_modules/.vite/deps/react-dom_client.js?v=76b7a7d5:6617:153)
    at commitHookPassiveMountEffects (http://localhost:4200/node_modules/.vite/deps/react-dom_client.js?v=76b7a7d5:6652:55)
    at reconnectPassiveEffects (http://localhost:4200/node_modules/.vite/deps/react-dom_client.js?v=76b7a7d5:7701:6)
    at recursivelyTraverseReconnectPassiveEffects (http://localhost:4200/node_modules/.vite/deps/react-dom_client.js?v=76b7a7d5:7688:5)
    at reconnectPassiveEffects (http://localhost:4200/node_modules/.vite/deps/react-dom_client.js?v=76b7a7d5:7700:6)
    at recursivelyTraverseReconnectPassiveEffects (http://localhost:4200/node_modules/.vite/deps/react-dom_client.js?v=76b7a7d5:7688:5) {"componentStack":"\n    at AuthProvider (http://localhost:4200/src/context/AuthContext.tsx:8:32)\n    at App (<anonymous>)\n    at Router (http://localhost:4200/node_modules/.vite/deps/react-router-dom.js?v=76b7a7d5:4774:29)\n    at BrowserRouter (http://localhost:4200/node_modules/.vite/deps/react-router-dom.js?v=76b7a7d5:7216:26)\n    at ErrorBoundary (http://localhost:4200/src/components/ErrorBoundary.tsx:6:3)"}
[2m9:56:31 PM[22m [31m[1m[vite][22m[39m [31m[2m(client)[22m[39m [2m[console.error] [22mSyntaxError: "undefined" is not valid JSON
    at JSON.parse (<anonymous>)
    at http://localhost:4200/src/context/AuthContext.tsx:16:17
    at Object.react_stack_bottom_frame (http://localhost:4200/node_modules/.vite/deps/react-dom_client.js?v=76b7a7d5:12902:13)
    at runWithFiberInDEV (http://localhost:4200/node_modules/.vite/deps/react-dom_client.js?v=76b7a7d5:851:66)
    at commitHookEffectListMount (http://localhost:4200/node_modules/.vite/deps/react-dom_client.js?v=76b7a7d5:6617:153)
    at commitHookPassiveMountEffects (http://localhost:4200/node_modules/.vite/deps/react-dom_client.js?v=76b7a7d5:6652:55)
    at commitPassiveMountOnFiber (http://localhost:4200/node_modules/.vite/deps/react-dom_client.js?v=76b7a7d5:7618:22)
    at recursivelyTraversePassiveMountEffects (http://localhost:4200/node_modules/.vite/deps/react-dom_client.js?v=76b7a7d5:7606:5)
    at commitPassiveMountOnFiber (http://localhost:4200/node_modules/.vite/deps/react-dom_client.js?v=76b7a7d5:7617:6)
    at recursivelyTraversePassiveMountEffects (http://localhost:4200/node_modules/.vite/deps/react-dom_client.js?v=76b7a7d5:7606:5)

The above error occurred in the <AuthProvider> component.

React will try to recreate this component tree from scratch using the error boundary you provided, ErrorBoundary.

[2m9:56:31 PM[22m [31m[1m[vite][22m[39m [31m[2m(client)[22m[39m [2m[console.error] [22mErrorBoundary caught: SyntaxError: "undefined" is not valid JSON
    at JSON.parse (<anonymous>)
    at http://localhost:4200/src/context/AuthContext.tsx:16:17
    at Object.react_stack_bottom_frame (http://localhost:4200/node_modules/.vite/deps/react-dom_client.js?v=76b7a7d5:12902:13)
    at runWithFiberInDEV (http://localhost:4200/node_modules/.vite/deps/react-dom_client.js?v=76b7a7d5:851:66)
    at commitHookEffectListMount (http://localhost:4200/node_modules/.vite/deps/react-dom_client.js?v=76b7a7d5:6617:153)
    at commitHookPassiveMountEffects (http://localhost:4200/node_modules/.vite/deps/react-dom_client.js?v=76b7a7d5:6652:55)
    at commitPassiveMountOnFiber (http://localhost:4200/node_modules/.vite/deps/react-dom_client.js?v=76b7a7d5:7618:22)
    at recursivelyTraversePassiveMountEffects (http://localhost:4200/node_modules/.vite/deps/react-dom_client.js?v=76b7a7d5:7606:5)
    at commitPassiveMountOnFiber (http://localhost:4200/node_modules/.vite/deps/react-dom_client.js?v=76b7a7d5:7617:6)
    at recursivelyTraversePassiveMountEffects (http://localhost:4200/node_modules/.vite/deps/react-dom_client.js?v=76b7a7d5:7606:5) {"componentStack":"\n    at AuthProvider (http://localhost:4200/src/context/AuthContext.tsx:8:32)\n    at App (<anonymous>)\n    at Router (http://localhost:4200/node_modules/.vite/deps/react-router-dom.js?v=76b7a7d5:4774:29)\n    at BrowserRouter (http://localhost:4200/node_modules/.vite/deps/react-router-dom.js?v=76b7a7d5:7216:26)\n    at ErrorBoundary (http://localhost:4200/src/components/ErrorBoundary.tsx:6:3)"}
[2m9:56:31 PM[22m [31m[1m[vite][22m[39m [31m[2m(client)[22m[39m [2m[console.error] [22mSyntaxError: "undefined" is not valid JSON
    at JSON.parse (<anonymous>)
    at http://localhost:4200/src/context/AuthContext.tsx:16:17
    at Object.react_stack_bottom_frame (http://localhost:4200/node_modules/.vite/deps/react-dom_client.js?v=76b7a7d5:12902:13)
    at runWithFiberInDEV (http://localhost:4200/node_modules/.vite/deps/react-dom_client.js?v=76b7a7d5:851:66)
    at commitHookEffectListMount (http://localhost:4200/node_modules/.vite/deps/react-dom_client.js?v=76b7a7d5:6617:153)
    at commitHookPassiveMountEffects (http://localhost:4200/node_modules/.vite/deps/react-dom_client.js?v=76b7a7d5:6652:55)
    at reconnectPassiveEffects (http://localhost:4200/node_modules/.vite/deps/react-dom_client.js?v=76b7a7d5:7701:6)
    at recursivelyTraverseReconnectPassiveEffects (http://localhost:4200/node_modules/.vite/deps/react-dom_client.js?v=76b7a7d5:7688:5)
    at reconnectPassiveEffects (http://localhost:4200/node_modules/.vite/deps/react-dom_client.js?v=76b7a7d5:7700:6)
    at recursivelyTraverseReconnectPassiveEffects (http://localhost:4200/node_modules/.vite/deps/react-dom_client.js?v=76b7a7d5:7688:5)

The above error occurred in the <AuthProvider> component.

React will try to recreate this component tree from scratch using the error boundary you provided, ErrorBoundary.

[2m9:56:31 PM[22m [31m[1m[vite][22m[39m [31m[2m(client)[22m[39m [2m[console.error] [22mErrorBoundary caught: SyntaxError: "undefined" is not valid JSON
    at JSON.parse (<anonymous>)
    at http://localhost:4200/src/context/AuthContext.tsx:16:17
    at Object.react_stack_bottom_frame (http://localhost:4200/node_modules/.vite/deps/react-dom_client.js?v=76b7a7d5:12902:13)
    at runWithFiberInDEV (http://localhost:4200/node_modules/.vite/deps/react-dom_client.js?v=76b7a7d5:851:66)
    at commitHookEffectListMount (http://localhost:4200/node_modules/.vite/deps/react-dom_client.js?v=76b7a7d5:6617:153)
    at commitHookPassiveMountEffects (http://localhost:4200/node_modules/.vite/deps/react-dom_client.js?v=76b7a7d5:6652:55)
    at reconnectPassiveEffects (http://localhost:4200/node_modules/.vite/deps/react-dom_client.js?v=76b7a7d5:7701:6)
    at recursivelyTraverseReconnectPassiveEffects (http://localhost:4200/node_modules/.vite/deps/react-dom_client.js?v=76b7a7d5:7688:5)
    at reconnectPassiveEffects (http://localhost:4200/node_modules/.vite/deps/react-dom_client.js?v=76b7a7d5:7700:6)
    at recursivelyTraverseReconnectPassiveEffects (http://localhost:4200/node_modules/.vite/deps/react-dom_client.js?v=76b7a7d5:7688:5) {"componentStack":"\n    at AuthProvider (http://localhost:4200/src/context/AuthContext.tsx:8:32)\n    at App (<anonymous>)\n    at Router (http://localhost:4200/node_modules/.vite/deps/react-router-dom.js?v=76b7a7d5:4774:29)\n    at BrowserRouter (http://localhost:4200/node_modules/.vite/deps/react-router-dom.js?v=76b7a7d5:7216:26)\n    at ErrorBoundary (http://localhost:4200/src/components/ErrorBoundary.tsx:6:3)"}
[2m9:56:31 PM[22m [31m[1m[vite][22m[39m [31m[2m(client)[22m[39m [2m[console.error] [22mSyntaxError: "undefined" is not valid JSON
    at JSON.parse (<anonymous>)
    at http://localhost:4200/src/context/AuthContext.tsx:16:17
    at Object.react_stack_bottom_frame (http://localhost:4200/node_modules/.vite/deps/react-dom_client.js?v=76b7a7d5:12902:13)
    at runWithFiberInDEV (http://localhost:4200/node_modules/.vite/deps/react-dom_client.js?v=76b7a7d5:851:66)
    at commitHookEffectListMount (http://localhost:4200/node_modules/.vite/deps/react-dom_client.js?v=76b7a7d5:6617:153)
    at commitHookPassiveMountEffects (http://localhost:4200/node_modules/.vite/deps/react-dom_client.js?v=76b7a7d5:6652:55)
    at commitPassiveMountOnFiber (http://localhost:4200/node_modules/.vite/deps/react-dom_client.js?v=76b7a7d5:7618:22)
    at recursivelyTraversePassiveMountEffects (http://localhost:4200/node_modules/.vite/deps/react-dom_client.js?v=76b7a7d5:7606:5)
    at commitPassiveMountOnFiber (http://localhost:4200/node_modules/.vite/deps/react-dom_client.js?v=76b7a7d5:7617:6)
    at recursivelyTraversePassiveMountEffects (http://localhost:4200/node_modules/.vite/deps/react-dom_client.js?v=76b7a7d5:7606:5)

The above error occurred in the <AuthProvider> component.

React will try to recreate this component tree from scratch using the error boundary you provided, ErrorBoundary.

[2m9:56:31 PM[22m [31m[1m[vite][22m[39m [31m[2m(client)[22m[39m [2m[console.error] [22mErrorBoundary caught: SyntaxError: "undefined" is not valid JSON
    at JSON.parse (<anonymous>)
    at http://localhost:4200/src/context/AuthContext.tsx:16:17
    at Object.react_stack_bottom_frame (http://localhost:4200/node_modules/.vite/deps/react-dom_client.js?v=76b7a7d5:12902:13)
    at runWithFiberInDEV (http://localhost:4200/node_modules/.vite/deps/react-dom_client.js?v=76b7a7d5:851:66)
    at commitHookEffectListMount (http://localhost:4200/node_modules/.vite/deps/react-dom_client.js?v=76b7a7d5:6617:153)
    at commitHookPassiveMountEffects (http://localhost:4200/node_modules/.vite/deps/react-dom_client.js?v=76b7a7d5:6652:55)
    at commitPassiveMountOnFiber (http://localhost:4200/node_modules/.vite/deps/react-dom_client.js?v=76b7a7d5:7618:22)
    at recursivelyTraversePassiveMountEffects (http://localhost:4200/node_modules/.vite/deps/react-dom_client.js?v=76b7a7d5:7606:5)
    at commitPassiveMountOnFiber (http://localhost:4200/node_modules/.vite/deps/react-dom_client.js?v=76b7a7d5:7617:6)
    at recursivelyTraversePassiveMountEffects (http://localhost:4200/node_modules/.vite/deps/react-dom_client.js?v=76b7a7d5:7606:5) {"componentStack":"\n    at AuthProvider (http://localhost:4200/src/context/AuthContext.tsx:8:32)\n    at App (<anonymous>)\n    at Router (http://localhost:4200/node_modules/.vite/deps/react-router-dom.js?v=76b7a7d5:4774:29)\n    at BrowserRouter (http://localhost:4200/node_modules/.vite/deps/react-router-dom.js?v=76b7a7d5:7216:26)\n    at ErrorBoundary (http://localhost:4200/src/components/ErrorBoundary.tsx:6:3)"}
[2m9:56:31 PM[22m [31m[1m[vite][22m[39m [31m[2m(client)[22m[39m [2m[console.error] [22mSyntaxError: "undefined" is not valid JSON
    at JSON.parse (<anonymous>)
    at http://localhost:4200/src/context/AuthContext.tsx:16:17
    at Object.react_stack_bottom_frame (http://localhost:4200/node_modules/.vite/deps/react-dom_client.js?v=76b7a7d5:12902:13)
    at runWithFiberInDEV (http://localhost:4200/node_modules/.vite/deps/react-dom_client.js?v=76b7a7d5:851:66)
    at commitHookEffectListMount (http://localhost:4200/node_modules/.vite/deps/react-dom_client.js?v=76b7a7d5:6617:153)
    at commitHookPassiveMountEffects (http://localhost:4200/node_modules/.vite/deps/react-dom_client.js?v=76b7a7d5:6652:55)
    at reconnectPassiveEffects (http://localhost:4200/node_modules/.vite/deps/react-dom_client.js?v=76b7a7d5:7701:6)
    at recursivelyTraverseReconnectPassiveEffects (http://localhost:4200/node_modules/.vite/deps/react-dom_client.js?v=76b7a7d5:7688:5)
    at reconnectPassiveEffects (http://localhost:4200/node_modules/.vite/deps/react-dom_client.js?v=76b7a7d5:7700:6)
    at recursivelyTraverseReconnectPassiveEffects (http://localhost:4200/node_modules/.vite/deps/react-dom_client.js?v=76b7a7d5:7688:5)

The above error occurred in the <AuthProvider> component.

React will try to recreate this component tree from scratch using the error boundary you provided, ErrorBoundary.

[2m9:56:31 PM[22m [31m[1m[vite][22m[39m [31m[2m(client)[22m[39m [2m[console.error] [22mErrorBoundary caught: SyntaxError: "undefined" is not valid JSON
    at JSON.parse (<anonymous>)
    at http://localhost:4200/src/context/AuthContext.tsx:16:17
    at Object.react_stack_bottom_frame (http://localhost:4200/node_modules/.vite/deps/react-dom_client.js?v=76b7a7d5:12902:13)
    at runWithFiberInDEV (http://localhost:4200/node_modules/.vite/deps/react-dom_client.js?v=76b7a7d5:851:66)
    at commitHookEffectListMount (http://localhost:4200/node_modules/.vite/deps/react-dom_client.js?v=76b7a7d5:6617:153)
    at commitHookPassiveMountEffects (http://localhost:4200/node_modules/.vite/deps/react-dom_client.js?v=76b7a7d5:6652:55)
    at reconnectPassiveEffects (http://localhost:4200/node_modules/.vite/deps/react-dom_client.js?v=76b7a7d5:7701:6)
    at recursivelyTraverseReconnectPassiveEffects (http://localhost:4200/node_modules/.vite/deps/react-dom_client.js?v=76b7a7d5:7688:5)
    at reconnectPassiveEffects (http://localhost:4200/node_modules/.vite/deps/react-dom_client.js?v=76b7a7d5:7700:6)
    at recursivelyTraverseReconnectPassiveEffects (http://localhost:4200/node_modules/.vite/deps/react-dom_client.js?v=76b7a7d5:7688:5) {"componentStack":"\n    at AuthProvider (http://localhost:4200/src/context/AuthContext.tsx:8:32)\n    at App (<anonymous>)\n    at Router (http://localhost:4200/node_modules/.vite/deps/react-router-dom.js?v=76b7a7d5:4774:29)\n    at BrowserRouter (http://localhost:4200/node_modules/.vite/deps/react-router-dom.js?v=76b7a7d5:7216:26)\n    at ErrorBoundary (http://localhost:4200/src/components/ErrorBoundary.tsx:6:3)"}
[2m9:56:32 PM[22m [31m[1m[vite][22m[39m [31m[2m(client)[22m[39m [2m[console.error] [22mSyntaxError: "undefined" is not valid JSON
    at JSON.parse (<anonymous>)
    at http://localhost:4200/src/context/AuthContext.tsx:16:17
    at Object.react_stack_bottom_frame (http://localhost:4200/node_modules/.vite/deps/react-dom_client.js?v=76b7a7d5:12902:13)
    at runWithFiberInDEV (http://localhost:4200/node_modules/.vite/deps/react-dom_client.js?v=76b7a7d5:851:66)
    at commitHookEffectListMount (http://localhost:4200/node_modules/.vite/deps/react-dom_client.js?v=76b7a7d5:6617:153)
    at commitHookPassiveMountEffects (http://localhost:4200/node_modules/.vite/deps/react-dom_client.js?v=76b7a7d5:6652:55)
    at commitPassiveMountOnFiber (http://localhost:4200/node_modules/.vite/deps/react-dom_client.js?v=76b7a7d5:7618:22)
    at recursivelyTraversePassiveMountEffects (http://localhost:4200/node_modules/.vite/deps/react-dom_client.js?v=76b7a7d5:7606:5)
    at commitPassiveMountOnFiber (http://localhost:4200/node_modules/.vite/deps/react-dom_client.js?v=76b7a7d5:7617:6)
    at recursivelyTraversePassiveMountEffects (http://localhost:4200/node_modules/.vite/deps/react-dom_client.js?v=76b7a7d5:7606:5)

The above error occurred in the <AuthProvider> component.

React will try to recreate this component tree from scratch using the error boundary you provided, ErrorBoundary.

[2m9:56:32 PM[22m [31m[1m[vite][22m[39m [31m[2m(client)[22m[39m [2m[console.error] [22mErrorBoundary caught: SyntaxError: "undefined" is not valid JSON
    at JSON.parse (<anonymous>)
    at http://localhost:4200/src/context/AuthContext.tsx:16:17
    at Object.react_stack_bottom_frame (http://localhost:4200/node_modules/.vite/deps/react-dom_client.js?v=76b7a7d5:12902:13)
    at runWithFiberInDEV (http://localhost:4200/node_modules/.vite/deps/react-dom_client.js?v=76b7a7d5:851:66)
    at commitHookEffectListMount (http://localhost:4200/node_modules/.vite/deps/react-dom_client.js?v=76b7a7d5:6617:153)
    at commitHookPassiveMountEffects (http://localhost:4200/node_modules/.vite/deps/react-dom_client.js?v=76b7a7d5:6652:55)
    at commitPassiveMountOnFiber (http://localhost:4200/node_modules/.vite/deps/react-dom_client.js?v=76b7a7d5:7618:22)
    at recursivelyTraversePassiveMountEffects (http://localhost:4200/node_modules/.vite/deps/react-dom_client.js?v=76b7a7d5:7606:5)
    at commitPassiveMountOnFiber (http://localhost:4200/node_modules/.vite/deps/react-dom_client.js?v=76b7a7d5:7617:6)
    at recursivelyTraversePassiveMountEffects (http://localhost:4200/node_modules/.vite/deps/react-dom_client.js?v=76b7a7d5:7606:5) {"componentStack":"\n    at AuthProvider (http://localhost:4200/src/context/AuthContext.tsx:8:32)\n    at App (<anonymous>)\n    at Router (http://localhost:4200/node_modules/.vite/deps/react-router-dom.js?v=76b7a7d5:4774:29)\n    at BrowserRouter (http://localhost:4200/node_modules/.vite/deps/react-router-dom.js?v=76b7a7d5:7216:26)\n    at ErrorBoundary (http://localhost:4200/src/components/ErrorBoundary.tsx:6:3)"}
[2m9:56:32 PM[22m [31m[1m[vite][22m[39m [31m[2m(client)[22m[39m [2m[console.error] [22mSyntaxError: "undefined" is not valid JSON
    at JSON.parse (<anonymous>)
    at http://localhost:4200/src/context/AuthContext.tsx:16:17
    at Object.react_stack_bottom_frame (http://localhost:4200/node_modules/.vite/deps/react-dom_client.js?v=76b7a7d5:12902:13)
    at runWithFiberInDEV (http://localhost:4200/node_modules/.vite/deps/react-dom_client.js?v=76b7a7d5:851:66)
    at commitHookEffectListMount (http://localhost:4200/node_modules/.vite/deps/react-dom_client.js?v=76b7a7d5:6617:153)
    at commitHookPassiveMountEffects (http://localhost:4200/node_modules/.vite/deps/react-dom_client.js?v=76b7a7d5:6652:55)
    at reconnectPassiveEffects (http://localhost:4200/node_modules/.vite/deps/react-dom_client.js?v=76b7a7d5:7701:6)
    at recursivelyTraverseReconnectPassiveEffects (http://localhost:4200/node_modules/.vite/deps/react-dom_client.js?v=76b7a7d5:7688:5)
    at reconnectPassiveEffects (http://localhost:4200/node_modules/.vite/deps/react-dom_client.js?v=76b7a7d5:7700:6)
    at recursivelyTraverseReconnectPassiveEffects (http://localhost:4200/node_modules/.vite/deps/react-dom_client.js?v=76b7a7d5:7688:5)

The above error occurred in the <AuthProvider> component.

React will try to recreate this component tree from scratch using the error boundary you provided, ErrorBoundary.

[2m9:56:32 PM[22m [31m[1m[vite][22m[39m [31m[2m(client)[22m[39m [2m[console.error] [22mErrorBoundary caught: SyntaxError: "undefined" is not valid JSON
    at JSON.parse (<anonymous>)
    at http://localhost:4200/src/context/AuthContext.tsx:16:17
    at Object.react_stack_bottom_frame (http://localhost:4200/node_modules/.vite/deps/react-dom_client.js?v=76b7a7d5:12902:13)
    at runWithFiberInDEV (http://localhost:4200/node_modules/.vite/deps/react-dom_client.js?v=76b7a7d5:851:66)
    at commitHookEffectListMount (http://localhost:4200/node_modules/.vite/deps/react-dom_client.js?v=76b7a7d5:6617:153)
    at commitHookPassiveMountEffects (http://localhost:4200/node_modules/.vite/deps/react-dom_client.js?v=76b7a7d5:6652:55)
    at reconnectPassiveEffects (http://localhost:4200/node_modules/.vite/deps/react-dom_client.js?v=76b7a7d5:7701:6)
    at recursivelyTraverseReconnectPassiveEffects (http://localhost:4200/node_modules/.vite/deps/react-dom_client.js?v=76b7a7d5:7688:5)
    at reconnectPassiveEffects (http://localhost:4200/node_modules/.vite/deps/react-dom_client.js?v=76b7a7d5:7700:6)
    at recursivelyTraverseReconnectPassiveEffects (http://localhost:4200/node_modules/.vite/deps/react-dom_client.js?v=76b7a7d5:7688:5) {"componentStack":"\n    at AuthProvider (http://localhost:4200/src/context/AuthContext.tsx:8:32)\n    at App (<anonymous>)\n    at Router (http://localhost:4200/node_modules/.vite/deps/react-router-dom.js?v=76b7a7d5:4774:29)\n    at BrowserRouter (http://localhost:4200/node_modules/.vite/deps/react-router-dom.js?v=76b7a7d5:7216:26)\n    at ErrorBoundary (http://localhost:4200/src/components/ErrorBoundary.tsx:6:3)"}
[2m9:56:43 PM[22m [31m[1m[vite][22m[39m [31m[2m(client)[22m[39m [2m[console.error] [22mSyntaxError: "undefined" is not valid JSON
    at JSON.parse (<anonymous>)
    at http://localhost:4200/src/context/AuthContext.tsx:16:17
    at Object.react_stack_bottom_frame (http://localhost:4200/node_modules/.vite/deps/react-dom_client.js?v=76b7a7d5:12902:13)
    at runWithFiberInDEV (http://localhost:4200/node_modules/.vite/deps/react-dom_client.js?v=76b7a7d5:851:66)
    at commitHookEffectListMount (http://localhost:4200/node_modules/.vite/deps/react-dom_client.js?v=76b7a7d5:6617:153)
    at commitHookPassiveMountEffects (http://localhost:4200/node_modules/.vite/deps/react-dom_client.js?v=76b7a7d5:6652:55)
    at commitPassiveMountOnFiber (http://localhost:4200/node_modules/.vite/deps/react-dom_client.js?v=76b7a7d5:7618:22)
    at recursivelyTraversePassiveMountEffects (http://localhost:4200/node_modules/.vite/deps/react-dom_client.js?v=76b7a7d5:7606:5)
    at commitPassiveMountOnFiber (http://localhost:4200/node_modules/.vite/deps/react-dom_client.js?v=76b7a7d5:7617:6)
    at recursivelyTraversePassiveMountEffects (http://localhost:4200/node_modules/.vite/deps/react-dom_client.js?v=76b7a7d5:7606:5)

The above error occurred in the <AuthProvider> component.

React will try to recreate this component tree from scratch using the error boundary you provided, ErrorBoundary.

[2m9:56:43 PM[22m [31m[1m[vite][22m[39m [31m[2m(client)[22m[39m [2m[console.error] [22mErrorBoundary caught: SyntaxError: "undefined" is not valid JSON
    at JSON.parse (<anonymous>)
    at http://localhost:4200/src/context/AuthContext.tsx:16:17
    at Object.react_stack_bottom_frame (http://localhost:4200/node_modules/.vite/deps/react-dom_client.js?v=76b7a7d5:12902:13)
    at runWithFiberInDEV (http://localhost:4200/node_modules/.vite/deps/react-dom_client.js?v=76b7a7d5:851:66)
    at commitHookEffectListMount (http://localhost:4200/node_modules/.vite/deps/react-dom_client.js?v=76b7a7d5:6617:153)
    at commitHookPassiveMountEffects (http://localhost:4200/node_modules/.vite/deps/react-dom_client.js?v=76b7a7d5:6652:55)
    at commitPassiveMountOnFiber (http://localhost:4200/node_modules/.vite/deps/react-dom_client.js?v=76b7a7d5:7618:22)
    at recursivelyTraversePassiveMountEffects (http://localhost:4200/node_modules/.vite/deps/react-dom_client.js?v=76b7a7d5:7606:5)
    at commitPassiveMountOnFiber (http://localhost:4200/node_modules/.vite/deps/react-dom_client.js?v=76b7a7d5:7617:6)
    at recursivelyTraversePassiveMountEffects (http://localhost:4200/node_modules/.vite/deps/react-dom_client.js?v=76b7a7d5:7606:5) {"componentStack":"\n    at AuthProvider (http://localhost:4200/src/context/AuthContext.tsx:8:32)\n    at App (<anonymous>)\n    at Router (http://localhost:4200/node_modules/.vite/deps/react-router-dom.js?v=76b7a7d5:4774:29)\n    at BrowserRouter (http://localhost:4200/node_modules/.vite/deps/react-router-dom.js?v=76b7a7d5:7216:26)\n    at ErrorBoundary (http://localhost:4200/src/components/ErrorBoundary.tsx:6:3)"}
[2m9:56:43 PM[22m [31m[1m[vite][22m[39m [31m[2m(client)[22m[39m [2m[console.error] [22mSyntaxError: "undefined" is not valid JSON
    at JSON.parse (<anonymous>)
    at http://localhost:4200/src/context/AuthContext.tsx:16:17
    at Object.react_stack_bottom_frame (http://localhost:4200/node_modules/.vite/deps/react-dom_client.js?v=76b7a7d5:12902:13)
    at runWithFiberInDEV (http://localhost:4200/node_modules/.vite/deps/react-dom_client.js?v=76b7a7d5:851:66)
    at commitHookEffectListMount (http://localhost:4200/node_modules/.vite/deps/react-dom_client.js?v=76b7a7d5:6617:153)
    at commitHookPassiveMountEffects (http://localhost:4200/node_modules/.vite/deps/react-dom_client.js?v=76b7a7d5:6652:55)
    at reconnectPassiveEffects (http://localhost:4200/node_modules/.vite/deps/react-dom_client.js?v=76b7a7d5:7701:6)
    at recursivelyTraverseReconnectPassiveEffects (http://localhost:4200/node_modules/.vite/deps/react-dom_client.js?v=76b7a7d5:7688:5)
    at reconnectPassiveEffects (http://localhost:4200/node_modules/.vite/deps/react-dom_client.js?v=76b7a7d5:7700:6)
    at recursivelyTraverseReconnectPassiveEffects (http://localhost:4200/node_modules/.vite/deps/react-dom_client.js?v=76b7a7d5:7688:5)

The above error occurred in the <AuthProvider> component.

React will try to recreate this component tree from scratch using the error boundary you provided, ErrorBoundary.

[2m9:56:43 PM[22m [31m[1m[vite][22m[39m [31m[2m(client)[22m[39m [2m[console.error] [22mErrorBoundary caught: SyntaxError: "undefined" is not valid JSON
    at JSON.parse (<anonymous>)
    at http://localhost:4200/src/context/AuthContext.tsx:16:17
    at Object.react_stack_bottom_frame (http://localhost:4200/node_modules/.vite/deps/react-dom_client.js?v=76b7a7d5:12902:13)
    at runWithFiberInDEV (http://localhost:4200/node_modules/.vite/deps/react-dom_client.js?v=76b7a7d5:851:66)
    at commitHookEffectListMount (http://localhost:4200/node_modules/.vite/deps/react-dom_client.js?v=76b7a7d5:6617:153)
    at commitHookPassiveMountEffects (http://localhost:4200/node_modules/.vite/deps/react-dom_client.js?v=76b7a7d5:6652:55)
    at reconnectPassiveEffects (http://localhost:4200/node_modules/.vite/deps/react-dom_client.js?v=76b7a7d5:7701:6)
    at recursivelyTraverseReconnectPassiveEffects (http://localhost:4200/node_modules/.vite/deps/react-dom_client.js?v=76b7a7d5:7688:5)
    at reconnectPassiveEffects (http://localhost:4200/node_modules/.vite/deps/react-dom_client.js?v=76b7a7d5:7700:6)
    at recursivelyTraverseReconnectPassiveEffects (http://localhost:4200/node_modules/.vite/deps/react-dom_client.js?v=76b7a7d5:7688:5) {"componentStack":"\n    at AuthProvider (http://localhost:4200/src/context/AuthContext.tsx:8:32)\n    at App (<anonymous>)\n    at Router (http://localhost:4200/node_modules/.vite/deps/react-router-dom.js?v=76b7a7d5:4774:29)\n    at BrowserRouter (http://localhost:4200/node_modules/.vite/deps/react-router-dom.js?v=76b7a7d5:7216:26)\n    at ErrorBoundary (http://localhost:4200/src/components/ErrorBoundary.tsx:6:3)"}
[2m9:56:50 PM[22m [31m[1m[vite][22m[39m [31m[2m(client)[22m[39m [2m[console.error] [22mSyntaxError: "undefined" is not valid JSON
    at JSON.parse (<anonymous>)
    at http://localhost:4200/src/context/AuthContext.tsx:16:17
    at Object.react_stack_bottom_frame (http://localhost:4200/node_modules/.vite/deps/react-dom_client.js?v=76b7a7d5:12902:13)
    at runWithFiberInDEV (http://localhost:4200/node_modules/.vite/deps/react-dom_client.js?v=76b7a7d5:851:66)
    at commitHookEffectListMount (http://localhost:4200/node_modules/.vite/deps/react-dom_client.js?v=76b7a7d5:6617:153)
    at commitHookPassiveMountEffects (http://localhost:4200/node_modules/.vite/deps/react-dom_client.js?v=76b7a7d5:6652:55)
    at commitPassiveMountOnFiber (http://localhost:4200/node_modules/.vite/deps/react-dom_client.js?v=76b7a7d5:7618:22)
    at recursivelyTraversePassiveMountEffects (http://localhost:4200/node_modules/.vite/deps/react-dom_client.js?v=76b7a7d5:7606:5)
    at commitPassiveMountOnFiber (http://localhost:4200/node_modules/.vite/deps/react-dom_client.js?v=76b7a7d5:7617:6)
    at recursivelyTraversePassiveMountEffects (http://localhost:4200/node_modules/.vite/deps/react-dom_client.js?v=76b7a7d5:7606:5)

The above error occurred in the <AuthProvider> component.

React will try to recreate this component tree from scratch using the error boundary you provided, ErrorBoundary.

[2m9:56:50 PM[22m [31m[1m[vite][22m[39m [31m[2m(client)[22m[39m [2m[console.error] [22mErrorBoundary caught: SyntaxError: "undefined" is not valid JSON
    at JSON.parse (<anonymous>)
    at http://localhost:4200/src/context/AuthContext.tsx:16:17
    at Object.react_stack_bottom_frame (http://localhost:4200/node_modules/.vite/deps/react-dom_client.js?v=76b7a7d5:12902:13)
    at runWithFiberInDEV (http://localhost:4200/node_modules/.vite/deps/react-dom_client.js?v=76b7a7d5:851:66)
    at commitHookEffectListMount (http://localhost:4200/node_modules/.vite/deps/react-dom_client.js?v=76b7a7d5:6617:153)
    at commitHookPassiveMountEffects (http://localhost:4200/node_modules/.vite/deps/react-dom_client.js?v=76b7a7d5:6652:55)
    at commitPassiveMountOnFiber (http://localhost:4200/node_modules/.vite/deps/react-dom_client.js?v=76b7a7d5:7618:22)
    at recursivelyTraversePassiveMountEffects (http://localhost:4200/node_modules/.vite/deps/react-dom_client.js?v=76b7a7d5:7606:5)
    at commitPassiveMountOnFiber (http://localhost:4200/node_modules/.vite/deps/react-dom_client.js?v=76b7a7d5:7617:6)
    at recursivelyTraversePassiveMountEffects (http://localhost:4200/node_modules/.vite/deps/react-dom_client.js?v=76b7a7d5:7606:5) {"componentStack":"\n    at AuthProvider (http://localhost:4200/src/context/AuthContext.tsx:8:32)\n    at App (<anonymous>)\n    at Router (http://localhost:4200/node_modules/.vite/deps/react-router-dom.js?v=76b7a7d5:4774:29)\n    at BrowserRouter (http://localhost:4200/node_modules/.vite/deps/react-router-dom.js?v=76b7a7d5:7216:26)\n    at ErrorBoundary (http://localhost:4200/src/components/ErrorBoundary.tsx:6:3)"}
[2m9:56:50 PM[22m [31m[1m[vite][22m[39m [31m[2m(client)[22m[39m [2m[console.error] [22mSyntaxError: "undefined" is not valid JSON
    at JSON.parse (<anonymous>)
    at http://localhost:4200/src/context/AuthContext.tsx:16:17
    at Object.react_stack_bottom_frame (http://localhost:4200/node_modules/.vite/deps/react-dom_client.js?v=76b7a7d5:12902:13)
    at runWithFiberInDEV (http://localhost:4200/node_modules/.vite/deps/react-dom_client.js?v=76b7a7d5:851:66)
    at commitHookEffectListMount (http://localhost:4200/node_modules/.vite/deps/react-dom_client.js?v=76b7a7d5:6617:153)
    at commitHookPassiveMountEffects (http://localhost:4200/node_modules/.vite/deps/react-dom_client.js?v=76b7a7d5:6652:55)
    at reconnectPassiveEffects (http://localhost:4200/node_modules/.vite/deps/react-dom_client.js?v=76b7a7d5:7701:6)
    at recursivelyTraverseReconnectPassiveEffects (http://localhost:4200/node_modules/.vite/deps/react-dom_client.js?v=76b7a7d5:7688:5)
    at reconnectPassiveEffects (http://localhost:4200/node_modules/.vite/deps/react-dom_client.js?v=76b7a7d5:7700:6)
    at recursivelyTraverseReconnectPassiveEffects (http://localhost:4200/node_modules/.vite/deps/react-dom_client.js?v=76b7a7d5:7688:5)

The above error occurred in the <AuthProvider> component.

React will try to recreate this component tree from scratch using the error boundary you provided, ErrorBoundary.

[2m9:56:50 PM[22m [31m[1m[vite][22m[39m [31m[2m(client)[22m[39m [2m[console.error] [22mErrorBoundary caught: SyntaxError: "undefined" is not valid JSON
    at JSON.parse (<anonymous>)
    at http://localhost:4200/src/context/AuthContext.tsx:16:17
    at Object.react_stack_bottom_frame (http://localhost:4200/node_modules/.vite/deps/react-dom_client.js?v=76b7a7d5:12902:13)
    at runWithFiberInDEV (http://localhost:4200/node_modules/.vite/deps/react-dom_client.js?v=76b7a7d5:851:66)
    at commitHookEffectListMount (http://localhost:4200/node_modules/.vite/deps/react-dom_client.js?v=76b7a7d5:6617:153)
    at commitHookPassiveMountEffects (http://localhost:4200/node_modules/.vite/deps/react-dom_client.js?v=76b7a7d5:6652:55)
    at reconnectPassiveEffects (http://localhost:4200/node_modules/.vite/deps/react-dom_client.js?v=76b7a7d5:7701:6)
    at recursivelyTraverseReconnectPassiveEffects (http://localhost:4200/node_modules/.vite/deps/react-dom_client.js?v=76b7a7d5:7688:5)
    at reconnectPassiveEffects (http://localhost:4200/node_modules/.vite/deps/react-dom_client.js?v=76b7a7d5:7700:6)
    at recursivelyTraverseReconnectPassiveEffects (http://localhost:4200/node_modules/.vite/deps/react-dom_client.js?v=76b7a7d5:7688:5) {"componentStack":"\n    at AuthProvider (http://localhost:4200/src/context/AuthContext.tsx:8:32)\n    at App (<anonymous>)\n    at Router (http://localhost:4200/node_modules/.vite/deps/react-router-dom.js?v=76b7a7d5:4774:29)\n    at BrowserRouter (http://localhost:4200/node_modules/.vite/deps/react-router-dom.js?v=76b7a7d5:7216:26)\n    at ErrorBoundary (http://localhost:4200/src/components/ErrorBoundary.tsx:6:3)"}
[2m9:56:51 PM[22m [31m[1m[vite][22m[39m [31m[2m(client)[22m[39m [2m[console.error] [22mSyntaxError: "undefined" is not valid JSON
    at JSON.parse (<anonymous>)
    at http://localhost:4200/src/context/AuthContext.tsx:16:17
    at Object.react_stack_bottom_frame (http://localhost:4200/node_modules/.vite/deps/react-dom_client.js?v=76b7a7d5:12902:13)
    at runWithFiberInDEV (http://localhost:4200/node_modules/.vite/deps/react-dom_client.js?v=76b7a7d5:851:66)
    at commitHookEffectListMount (http://localhost:4200/node_modules/.vite/deps/react-dom_client.js?v=76b7a7d5:6617:153)
    at commitHookPassiveMountEffects (http://localhost:4200/node_modules/.vite/deps/react-dom_client.js?v=76b7a7d5:6652:55)
    at commitPassiveMountOnFiber (http://localhost:4200/node_modules/.vite/deps/react-dom_client.js?v=76b7a7d5:7618:22)
    at recursivelyTraversePassiveMountEffects (http://localhost:4200/node_modules/.vite/deps/react-dom_client.js?v=76b7a7d5:7606:5)
    at commitPassiveMountOnFiber (http://localhost:4200/node_modules/.vite/deps/react-dom_client.js?v=76b7a7d5:7617:6)
    at recursivelyTraversePassiveMountEffects (http://localhost:4200/node_modules/.vite/deps/react-dom_client.js?v=76b7a7d5:7606:5)

The above error occurred in the <AuthProvider> component.

React will try to recreate this component tree from scratch using the error boundary you provided, ErrorBoundary.

[2m9:56:51 PM[22m [31m[1m[vite][22m[39m [31m[2m(client)[22m[39m [2m[console.error] [22mErrorBoundary caught: SyntaxError: "undefined" is not valid JSON
    at JSON.parse (<anonymous>)
    at http://localhost:4200/src/context/AuthContext.tsx:16:17
    at Object.react_stack_bottom_frame (http://localhost:4200/node_modules/.vite/deps/react-dom_client.js?v=76b7a7d5:12902:13)
    at runWithFiberInDEV (http://localhost:4200/node_modules/.vite/deps/react-dom_client.js?v=76b7a7d5:851:66)
    at commitHookEffectListMount (http://localhost:4200/node_modules/.vite/deps/react-dom_client.js?v=76b7a7d5:6617:153)
    at commitHookPassiveMountEffects (http://localhost:4200/node_modules/.vite/deps/react-dom_client.js?v=76b7a7d5:6652:55)
    at commitPassiveMountOnFiber (http://localhost:4200/node_modules/.vite/deps/react-dom_client.js?v=76b7a7d5:7618:22)
    at recursivelyTraversePassiveMountEffects (http://localhost:4200/node_modules/.vite/deps/react-dom_client.js?v=76b7a7d5:7606:5)
    at commitPassiveMountOnFiber (http://localhost:4200/node_modules/.vite/deps/react-dom_client.js?v=76b7a7d5:7617:6)
    at recursivelyTraversePassiveMountEffects (http://localhost:4200/node_modules/.vite/deps/react-dom_client.js?v=76b7a7d5:7606:5) {"componentStack":"\n    at AuthProvider (http://localhost:4200/src/context/AuthContext.tsx:8:32)\n    at App (<anonymous>)\n    at Router (http://localhost:4200/node_modules/.vite/deps/react-router-dom.js?v=76b7a7d5:4774:29)\n    at BrowserRouter (http://localhost:4200/node_modules/.vite/deps/react-router-dom.js?v=76b7a7d5:7216:26)\n    at ErrorBoundary (http://localhost:4200/src/components/ErrorBoundary.tsx:6:3)"}
[2m9:56:51 PM[22m [31m[1m[vite][22m[39m [31m[2m(client)[22m[39m [2m[console.error] [22mSyntaxError: "undefined" is not valid JSON
    at JSON.parse (<anonymous>)
    at http://localhost:4200/src/context/AuthContext.tsx:16:17
    at Object.react_stack_bottom_frame (http://localhost:4200/node_modules/.vite/deps/react-dom_client.js?v=76b7a7d5:12902:13)
    at runWithFiberInDEV (http://localhost:4200/node_modules/.vite/deps/react-dom_client.js?v=76b7a7d5:851:66)
    at commitHookEffectListMount (http://localhost:4200/node_modules/.vite/deps/react-dom_client.js?v=76b7a7d5:6617:153)
    at commitHookPassiveMountEffects (http://localhost:4200/node_modules/.vite/deps/react-dom_client.js?v=76b7a7d5:6652:55)
    at reconnectPassiveEffects (http://localhost:4200/node_modules/.vite/deps/react-dom_client.js?v=76b7a7d5:7701:6)
    at recursivelyTraverseReconnectPassiveEffects (http://localhost:4200/node_modules/.vite/deps/react-dom_client.js?v=76b7a7d5:7688:5)
    at reconnectPassiveEffects (http://localhost:4200/node_modules/.vite/deps/react-dom_client.js?v=76b7a7d5:7700:6)
    at recursivelyTraverseReconnectPassiveEffects (http://localhost:4200/node_modules/.vite/deps/react-dom_client.js?v=76b7a7d5:7688:5)

The above error occurred in the <AuthProvider> component.

React will try to recreate this component tree from scratch using the error boundary you provided, ErrorBoundary.

[2m9:56:51 PM[22m [31m[1m[vite][22m[39m [31m[2m(client)[22m[39m [2m[console.error] [22mErrorBoundary caught: SyntaxError: "undefined" is not valid JSON
    at JSON.parse (<anonymous>)
    at http://localhost:4200/src/context/AuthContext.tsx:16:17
    at Object.react_stack_bottom_frame (http://localhost:4200/node_modules/.vite/deps/react-dom_client.js?v=76b7a7d5:12902:13)
    at runWithFiberInDEV (http://localhost:4200/node_modules/.vite/deps/react-dom_client.js?v=76b7a7d5:851:66)
    at commitHookEffectListMount (http://localhost:4200/node_modules/.vite/deps/react-dom_client.js?v=76b7a7d5:6617:153)
    at commitHookPassiveMountEffects (http://localhost:4200/node_modules/.vite/deps/react-dom_client.js?v=76b7a7d5:6652:55)
    at reconnectPassiveEffects (http://localhost:4200/node_modules/.vite/deps/react-dom_client.js?v=76b7a7d5:7701:6)
    at recursivelyTraverseReconnectPassiveEffects (http://localhost:4200/node_modules/.vite/deps/react-dom_client.js?v=76b7a7d5:7688:5)
    at reconnectPassiveEffects (http://localhost:4200/node_modules/.vite/deps/react-dom_client.js?v=76b7a7d5:7700:6)
    at recursivelyTraverseReconnectPassiveEffects (http://localhost:4200/node_modules/.vite/deps/react-dom_client.js?v=76b7a7d5:7688:5) {"componentStack":"\n    at AuthProvider (http://localhost:4200/src/context/AuthContext.tsx:8:32)\n    at App (<anonymous>)\n    at Router (http://localhost:4200/node_modules/.vite/deps/react-router-dom.js?v=76b7a7d5:4774:29)\n    at BrowserRouter (http://localhost:4200/node_modules/.vite/deps/react-router-dom.js?v=76b7a7d5:7216:26)\n    at ErrorBoundary (http://localhost:4200/src/components/ErrorBoundary.tsx:6:3)"}
[2m9:56:51 PM[22m [31m[1m[vite][22m[39m [31m[2m(client)[22m[39m [2m[console.error] [22mSyntaxError: "undefined" is not valid JSON
    at JSON.parse (<anonymous>)
    at http://localhost:4200/src/context/AuthContext.tsx:16:17
    at Object.react_stack_bottom_frame (http://localhost:4200/node_modules/.vite/deps/react-dom_client.js?v=76b7a7d5:12902:13)
    at runWithFiberInDEV (http://localhost:4200/node_modules/.vite/deps/react-dom_client.js?v=76b7a7d5:851:66)
    at commitHookEffectListMount (http://localhost:4200/node_modules/.vite/deps/react-dom_client.js?v=76b7a7d5:6617:153)
    at commitHookPassiveMountEffects (http://localhost:4200/node_modules/.vite/deps/react-dom_client.js?v=76b7a7d5:6652:55)
    at commitPassiveMountOnFiber (http://localhost:4200/node_modules/.vite/deps/react-dom_client.js?v=76b7a7d5:7618:22)
    at recursivelyTraversePassiveMountEffects (http://localhost:4200/node_modules/.vite/deps/react-dom_client.js?v=76b7a7d5:7606:5)
    at commitPassiveMountOnFiber (http://localhost:4200/node_modules/.vite/deps/react-dom_client.js?v=76b7a7d5:7617:6)
    at recursivelyTraversePassiveMountEffects (http://localhost:4200/node_modules/.vite/deps/react-dom_client.js?v=76b7a7d5:7606:5)

The above error occurred in the <AuthProvider> component.

React will try to recreate this component tree from scratch using the error boundary you provided, ErrorBoundary.

[2m9:56:51 PM[22m [31m[1m[vite][22m[39m [31m[2m(client)[22m[39m [2m[console.error] [22mErrorBoundary caught: SyntaxError: "undefined" is not valid JSON
    at JSON.parse (<anonymous>)
    at http://localhost:4200/src/context/AuthContext.tsx:16:17
    at Object.react_stack_bottom_frame (http://localhost:4200/node_modules/.vite/deps/react-dom_client.js?v=76b7a7d5:12902:13)
    at runWithFiberInDEV (http://localhost:4200/node_modules/.vite/deps/react-dom_client.js?v=76b7a7d5:851:66)
    at commitHookEffectListMount (http://localhost:4200/node_modules/.vite/deps/react-dom_client.js?v=76b7a7d5:6617:153)
    at commitHookPassiveMountEffects (http://localhost:4200/node_modules/.vite/deps/react-dom_client.js?v=76b7a7d5:6652:55)
    at commitPassiveMountOnFiber (http://localhost:4200/node_modules/.vite/deps/react-dom_client.js?v=76b7a7d5:7618:22)
    at recursivelyTraversePassiveMountEffects (http://localhost:4200/node_modules/.vite/deps/react-dom_client.js?v=76b7a7d5:7606:5)
    at commitPassiveMountOnFiber (http://localhost:4200/node_modules/.vite/deps/react-dom_client.js?v=76b7a7d5:7617:6)
    at recursivelyTraversePassiveMountEffects (http://localhost:4200/node_modules/.vite/deps/react-dom_client.js?v=76b7a7d5:7606:5) {"componentStack":"\n    at AuthProvider (http://localhost:4200/src/context/AuthContext.tsx:8:32)\n    at App (<anonymous>)\n    at Router (http://localhost:4200/node_modules/.vite/deps/react-router-dom.js?v=76b7a7d5:4774:29)\n    at BrowserRouter (http://localhost:4200/node_modules/.vite/deps/react-router-dom.js?v=76b7a7d5:7216:26)\n    at ErrorBoundary (http://localhost:4200/src/components/ErrorBoundary.tsx:6:3)"}
[2m9:56:51 PM[22m [31m[1m[vite][22m[39m [31m[2m(client)[22m[39m [2m[console.error] [22mSyntaxError: "undefined" is not valid JSON
    at JSON.parse (<anonymous>)
    at http://localhost:4200/src/context/AuthContext.tsx:16:17
    at Object.react_stack_bottom_frame (http://localhost:4200/node_modules/.vite/deps/react-dom_client.js?v=76b7a7d5:12902:13)
    at runWithFiberInDEV (http://localhost:4200/node_modules/.vite/deps/react-dom_client.js?v=76b7a7d5:851:66)
    at commitHookEffectListMount (http://localhost:4200/node_modules/.vite/deps/react-dom_client.js?v=76b7a7d5:6617:153)
    at commitHookPassiveMountEffects (http://localhost:4200/node_modules/.vite/deps/react-dom_client.js?v=76b7a7d5:6652:55)
    at reconnectPassiveEffects (http://localhost:4200/node_modules/.vite/deps/react-dom_client.js?v=76b7a7d5:7701:6)
    at recursivelyTraverseReconnectPassiveEffects (http://localhost:4200/node_modules/.vite/deps/react-dom_client.js?v=76b7a7d5:7688:5)
    at reconnectPassiveEffects (http://localhost:4200/node_modules/.vite/deps/react-dom_client.js?v=76b7a7d5:7700:6)
    at recursivelyTraverseReconnectPassiveEffects (http://localhost:4200/node_modules/.vite/deps/react-dom_client.js?v=76b7a7d5:7688:5)

The above error occurred in the <AuthProvider> component.

React will try to recreate this component tree from scratch using the error boundary you provided, ErrorBoundary.

[2m9:56:51 PM[22m [31m[1m[vite][22m[39m [31m[2m(client)[22m[39m [2m[console.error] [22mErrorBoundary caught: SyntaxError: "undefined" is not valid JSON
    at JSON.parse (<anonymous>)
    at http://localhost:4200/src/context/AuthContext.tsx:16:17
    at Object.react_stack_bottom_frame (http://localhost:4200/node_modules/.vite/deps/react-dom_client.js?v=76b7a7d5:12902:13)
    at runWithFiberInDEV (http://localhost:4200/node_modules/.vite/deps/react-dom_client.js?v=76b7a7d5:851:66)
    at commitHookEffectListMount (http://localhost:4200/node_modules/.vite/deps/react-dom_client.js?v=76b7a7d5:6617:153)
    at commitHookPassiveMountEffects (http://localhost:4200/node_modules/.vite/deps/react-dom_client.js?v=76b7a7d5:6652:55)
    at reconnectPassiveEffects (http://localhost:4200/node_modules/.vite/deps/react-dom_client.js?v=76b7a7d5:7701:6)
    at recursivelyTraverseReconnectPassiveEffects (http://localhost:4200/node_modules/.vite/deps/react-dom_client.js?v=76b7a7d5:7688:5)
    at reconnectPassiveEffects (http://localhost:4200/node_modules/.vite/deps/react-dom_client.js?v=76b7a7d5:7700:6)
    at recursivelyTraverseReconnectPassiveEffects (http://localhost:4200/node_modules/.vite/deps/react-dom_client.js?v=76b7a7d5:7688:5) {"componentStack":"\n    at AuthProvider (http://localhost:4200/src/context/AuthContext.tsx:8:32)\n    at App (<anonymous>)\n    at Router (http://localhost:4200/node_modules/.vite/deps/react-router-dom.js?v=76b7a7d5:4774:29)\n    at BrowserRouter (http://localhost:4200/node_modules/.vite/deps/react-router-dom.js?v=76b7a7d5:7216:26)\n    at ErrorBoundary (http://localhost:4200/src/components/ErrorBoundary.tsx:6:3)"}
[2m9:59:35 PM[22m [36m[1m[vite][22m[39m [90m[2m(client)[22m[39m [32mhmr update [39m[2m/src/context/AuthContext.tsx[22m
[2m9:59:35 PM[22m [36m[1m[vite][22m[39m [90m[2m(client)[22m[39m [33mhmr invalidate [39m[2m/src/context/AuthContext.tsx[22m Could not Fast Refresh ("useAuth" export is incompatible). Learn more at https://github.com/vitejs/vite-plugin-react/tree/main/packages/plugin-react#consistent-components-exports
[2m9:59:35 PM[22m [36m[1m[vite][22m[39m [90m[2m(client)[22m[39m [32mhmr update [39m[2m/src/App.tsx, /src/pages/auth/LoginPage.tsx, /src/components/ProtectedRoute.tsx, /src/pages/consumer/ConsumerDashboard.tsx, /src/layouts/MainLayout.tsx, /src/pages/vendor/VendorDashboard.tsx, /src/pages/vendor/VendorProducts.tsx, /src/pages/vendor/VendorOrders.tsx, /src/pages/admin/AdminAnalytics.tsx, /src/pages/admin/AdminDashboard.tsx, /src/pages/admin/AdminDisputes.tsx, /src/pages/admin/AdminVendors.tsx[22m
[2m9:59:36 PM[22m [31m[1m[vite][22m[39m [31m[2m(client)[22m[39m [2m[console.error] [22mTypeError: orders.map is not a function
    at OrderHistory (http://localhost:4200/src/pages/consumer/OrderHistory.tsx:221:68)
    at Object.react_stack_bottom_frame (http://localhost:4200/node_modules/.vite/deps/react-dom_client.js?v=76b7a7d5:12866:12)
    at renderWithHooks (http://localhost:4200/node_modules/.vite/deps/react-dom_client.js?v=76b7a7d5:4213:19)
    at updateFunctionComponent (http://localhost:4200/node_modules/.vite/deps/react-dom_client.js?v=76b7a7d5:5569:16)
    at beginWork (http://localhost:4200/node_modules/.vite/deps/react-dom_client.js?v=76b7a7d5:6140:20)
    at runWithFiberInDEV (http://localhost:4200/node_modules/.vite/deps/react-dom_client.js?v=76b7a7d5:851:66)
    at performUnitOfWork (http://localhost:4200/node_modules/.vite/deps/react-dom_client.js?v=76b7a7d5:8429:92)
    at workLoopSync (http://localhost:4200/node_modules/.vite/deps/react-dom_client.js?v=76b7a7d5:8325:37)
    at renderRootSync (http://localhost:4200/node_modules/.vite/deps/react-dom_client.js?v=76b7a7d5:8309:6)
    at performWorkOnRoot (http://localhost:4200/node_modules/.vite/deps/react-dom_client.js?v=76b7a7d5:7994:27)

The above error occurred in the <OrderHistory> component.

React will try to recreate this component tree from scratch using the error boundary you provided, ErrorBoundary.

[2m9:59:36 PM[22m [31m[1m[vite][22m[39m [31m[2m(client)[22m[39m [2m[console.error] [22mErrorBoundary caught: TypeError: orders.map is not a function
    at OrderHistory (http://localhost:4200/src/pages/consumer/OrderHistory.tsx:221:68)
    at Object.react_stack_bottom_frame (http://localhost:4200/node_modules/.vite/deps/react-dom_client.js?v=76b7a7d5:12866:12)
    at renderWithHooks (http://localhost:4200/node_modules/.vite/deps/react-dom_client.js?v=76b7a7d5:4213:19)
    at updateFunctionComponent (http://localhost:4200/node_modules/.vite/deps/react-dom_client.js?v=76b7a7d5:5569:16)
    at beginWork (http://localhost:4200/node_modules/.vite/deps/react-dom_client.js?v=76b7a7d5:6140:20)
    at runWithFiberInDEV (http://localhost:4200/node_modules/.vite/deps/react-dom_client.js?v=76b7a7d5:851:66)
    at performUnitOfWork (http://localhost:4200/node_modules/.vite/deps/react-dom_client.js?v=76b7a7d5:8429:92)
    at workLoopSync (http://localhost:4200/node_modules/.vite/deps/react-dom_client.js?v=76b7a7d5:8325:37)
    at renderRootSync (http://localhost:4200/node_modules/.vite/deps/react-dom_client.js?v=76b7a7d5:8309:6)
    at performWorkOnRoot (http://localhost:4200/node_modules/.vite/deps/react-dom_client.js?v=76b7a7d5:7994:27) {"componentStack":"\n    at OrderHistory (http://localhost:4200/src/pages/consumer/OrderHistory.tsx:91:43)\n    at ProtectedRoute (http://localhost:4200/src/components/ProtectedRoute.tsx?t=1785005975275:6:34)\n    at RenderedRoute (http://localhost:4200/node_modules/.vite/deps/react-router-dom.js?v=76b7a7d5:4142:26)\n    at Outlet (http://localhost:4200/node_modules/.vite/deps/react-router-dom.js?v=76b7a7d5:4769:25)\n    at main (<anonymous>)\n    at div (<anonymous>)\n    at MainLayout (http://localhost:4200/src/layouts/MainLayout.tsx?t=1785005975275:8:58)\n    at ProtectedRoute (http://localhost:4200/src/components/ProtectedRoute.tsx?t=1785005975275:6:34)\n    at RenderedRoute (http://localhost:4200/node_modules/.vite/deps/react-router-dom.js?v=76b7a7d5:4142:26)\n    at Routes (http://localhost:4200/node_modules/.vite/deps/react-router-dom.js?v=76b7a7d5:4822:19)\n    at AppRoutes (http://localhost:4200/src/App.tsx?t=1785005975275:22:19)\n    at AuthProvider (http://localhost:4200/src/context/AuthContext.tsx?t=1785005975275:8:32)\n    at App (<anonymous>)\n    at Router (http://localhost:4200/node_modules/.vite/deps/react-router-dom.js?v=76b7a7d5:4774:29)\n    at BrowserRouter (http://localhost:4200/node_modules/.vite/deps/react-router-dom.js?v=76b7a7d5:7216:26)\n    at ErrorBoundary (http://localhost:4200/src/components/ErrorBoundary.tsx:6:3)"}
